file_name,path,categories,count,uz,format,recommendation
customers.csv,Выгрузки\Логистика\customers.csv,"standard_fio: 4849, standard_address: 485, payment_cvv: 900",6234,УЗ-2,.csv,AES-256 + RBAC + Аудит
products.csv,Выгрузки\Логистика\products.csv,"standard_fio: 294, payment_cvv: 741",1035,УЗ-2,.csv,AES-256 + RBAC + Аудит
stores.csv,Выгрузки\Логистика\stores.csv,"standard_fio: 9, standard_address: 1",10,УЗ-4,.csv,Контроль доступа + Сверка
sales.csv,Выгрузки\Логистика\sales.csv,payment_cvv: 21989,21989,УЗ-2,.csv,AES-256 + RBAC + Аудит
logistics.csv,Выгрузки\Логистика\logistics.csv,"standard_fio: 125, standard_phone: 1, standard_address: 18274, payment_cvv: 38315",56715,УЗ-2,.csv,AES-256 + RBAC + Аудит
page_10.html,Выгрузки\Сайты\page_10.html,"standard_fio: 2, payment_cvv: 1",3,УЗ-2,.html,AES-256 + RBAC + Аудит
page_100.html,Выгрузки\Сайты\page_100.html,payment_cvv: 2,2,УЗ-2,.html,AES-256 + RBAC + Аудит
page_102.html,Выгрузки\Сайты\page_102.html,"standard_fio: 5, payment_cvv: 2",7,УЗ-2,.html,AES-256 + RBAC + Аудит
page_101.html,Выгрузки\Сайты\page_101.html,"standard_fio: 5, payment_cvv: 2",7,УЗ-2,.html,AES-256 + RBAC + Аудит
page_1.html,Выгрузки\Сайты\page_1.html,"standard_fio: 27, payment_cvv: 2",29,УЗ-2,.html,AES-256 + RBAC + Аудит
page_103.html,Выгрузки\Сайты\page_103.html,"standard_fio: 5, payment_cvv: 2",7,УЗ-2,.html,AES-256 + RBAC + Аудит
page_105.html,Выгрузки\Сайты\page_105.html,"standard_fio: 5, payment_cvv: 2",7,УЗ-2,.html,AES-256 + RBAC + Аудит
page_104.html,Выгрузки\Сайты\page_104.html,"standard_fio: 5, payment_cvv: 2",7,УЗ-2,.html,AES-256 + RBAC + Аудит
page_106.html,Выгрузки\Сайты\page_106.html,"standard_fio: 6, payment_cvv: 2",8,УЗ-2,.html,AES-256 + RBAC + Аудит
page_11.html,Выгрузки\Сайты\page_11.html,payment_cvv: 3,3,УЗ-2,.html,AES-256 + RBAC + Аудит
page_107.html,Выгрузки\Сайты\page_107.html,"standard_fio: 6, payment_cvv: 2",8,УЗ-2,.html,AES-256 + RBAC + Аудит
page_108.html,Выгрузки\Сайты\page_108.html,"standard_fio: 5, payment_cvv: 2",7,УЗ-2,.html,AES-256 + RBAC + Аудит
page_109.html,Выгрузки\Сайты\page_109.html,"standard_fio: 6, payment_cvv: 2",8,УЗ-2,.html,AES-256 + RBAC + Аудит
page_111.html,Выгрузки\Сайты\page_111.html,"standard_fio: 27, payment_cvv: 2",29,УЗ-2,.html,AES-256 + RBAC + Аудит
page_110.html,Выгрузки\Сайты\page_110.html,"standard_fio: 27, payment_cvv: 2",29,УЗ-2,.html,AES-256 + RBAC + Аудит
page_114.html,Выгрузки\Сайты\page_114.html,"standard_fio: 5, payment_cvv: 2",7,УЗ-2,.html,AES-256 + RBAC + Аудит
page_112.html,Выгрузки\Сайты\page_112.html,"standard_fio: 5, payment_cvv: 2",7,УЗ-2,.html,AES-256 + RBAC + Аудит
page_113.html,Выгрузки\Сайты\page_113.html,"standard_fio: 5, payment_cvv: 2",7,УЗ-2,.html,AES-256 + RBAC + Аудит
page_115.html,Выгрузки\Сайты\page_115.html,"standard_fio: 5, payment_cvv: 2",7,УЗ-2,.html,AES-256 + RBAC + Аудит
page_119.html,Выгрузки\Сайты\page_119.html,"standard_fio: 4, payment_cvv: 2",6,УЗ-2,.html,AES-256 + RBAC + Аудит
page_118.html,Выгрузки\Сайты\page_118.html,"standard_fio: 6, payment_cvv: 2",8,УЗ-2,.html,AES-256 + RBAC + Аудит
page_117.html,Выгрузки\Сайты\page_117.html,"standard_fio: 5, payment_cvv: 2",7,УЗ-2,.html,AES-256 + RBAC + Аудит
page_116.html,Выгрузки\Сайты\page_116.html,"standard_fio: 5, payment_cvv: 2",7,УЗ-2,.html,AES-256 + RBAC + Аудит
page_12.html,Выгрузки\Сайты\page_12.html,payment_cvv: 2,2,УЗ-2,.html,AES-256 + RBAC + Аудит
page_124.html,Выгрузки\Сайты\page_124.html,standard_fio: 3,3,УЗ-4,.html,Контроль доступа + Сверка
page_121.html,Выгрузки\Сайты\page_121.html,payment_cvv: 2,2,УЗ-2,.html,AES-256 + RBAC + Аудит
page_120.html,Выгрузки\Сайты\page_120.html,"standard_fio: 27, payment_cvv: 2",29,УЗ-2,.html,AES-256 + RBAC + Аудит
page_125.html,Выгрузки\Сайты\page_125.html,standard_fio: 5,5,УЗ-4,.html,Контроль доступа + Сверка
page_122.html,Выгрузки\Сайты\page_122.html,payment_cvv: 2,2,УЗ-2,.html,AES-256 + RBAC + Аудит
page_123.html,Выгрузки\Сайты\page_123.html,payment_cvv: 2,2,УЗ-2,.html,AES-256 + RBAC + Аудит
page_128.html,Выгрузки\Сайты\page_128.html,standard_fio: 3,3,УЗ-4,.html,Контроль доступа + Сверка
page_130.html,Выгрузки\Сайты\page_130.html,standard_fio: 5,5,УЗ-4,.html,Контроль доступа + Сверка
page_131.html,Выгрузки\Сайты\page_131.html,standard_fio: 5,5,УЗ-4,.html,Контроль доступа + Сверка
page_127.html,Выгрузки\Сайты\page_127.html,payment_cvv: 2,2,УЗ-2,.html,AES-256 + RBAC + Аудит
page_132.html,Выгрузки\Сайты\page_132.html,standard_fio: 5,5,УЗ-4,.html,Контроль доступа + Сверка
page_133.html,Выгрузки\Сайты\page_133.html,standard_fio: 5,5,УЗ-4,.html,Контроль доступа + Сверка
page_129.html,Выгрузки\Сайты\page_129.html,payment_cvv: 2,2,УЗ-2,.html,AES-256 + RBAC + Аудит
page_136.html,Выгрузки\Сайты\page_136.html,standard_fio: 3,3,УЗ-4,.html,Контроль доступа + Сверка
page_139.html,Выгрузки\Сайты\page_139.html,standard_fio: 3,3,УЗ-4,.html,Контроль доступа + Сверка
page_138.html,Выгрузки\Сайты\page_138.html,payment_cvv: 2,2,УЗ-2,.html,AES-256 + RBAC + Аудит
page_140.html,Выгрузки\Сайты\page_140.html,standard_fio: 5,5,УЗ-4,.html,Контроль доступа + Сверка
page_135.html,Выгрузки\Сайты\page_135.html,payment_cvv: 2,2,УЗ-2,.html,AES-256 + RBAC + Аудит
page_137.html,Выгрузки\Сайты\page_137.html,payment_cvv: 2,2,УЗ-2,.html,AES-256 + RBAC + Аудит
page_14.html,Выгрузки\Сайты\page_14.html,payment_cvv: 3,3,УЗ-2,.html,AES-256 + RBAC + Аудит
page_142.html,Выгрузки\Сайты\page_142.html,payment_cvv: 2,2,УЗ-2,.html,AES-256 + RBAC + Аудит
page_147.html,Выгрузки\Сайты\page_147.html,standard_fio: 5,5,УЗ-4,.html,Контроль доступа + Сверка
page_143.html,Выгрузки\Сайты\page_143.html,payment_cvv: 2,2,УЗ-2,.html,AES-256 + RBAC + Аудит
page_144.html,Выгрузки\Сайты\page_144.html,payment_cvv: 2,2,УЗ-2,.html,AES-256 + RBAC + Аудит
page_148.html,Выгрузки\Сайты\page_148.html,standard_fio: 5,5,УЗ-4,.html,Контроль доступа + Сверка
page_146.html,Выгрузки\Сайты\page_146.html,payment_cvv: 2,2,УЗ-2,.html,AES-256 + RBAC + Аудит
page_145.html,Выгрузки\Сайты\page_145.html,payment_cvv: 2,2,УЗ-2,.html,AES-256 + RBAC + Аудит
page_149.html,Выгрузки\Сайты\page_149.html,standard_fio: 5,5,УЗ-4,.html,Контроль доступа + Сверка
page_150.html,Выгрузки\Сайты\page_150.html,standard_fio: 5,5,УЗ-4,.html,Контроль доступа + Сверка
page_151.html,Выгрузки\Сайты\page_151.html,standard_fio: 5,5,УЗ-4,.html,Контроль доступа + Сверка
page_153.html,Выгрузки\Сайты\page_153.html,standard_fio: 5,5,УЗ-4,.html,Контроль доступа + Сверка
page_152.html,Выгрузки\Сайты\page_152.html,standard_fio: 5,5,УЗ-4,.html,Контроль доступа + Сверка
page_154.html,Выгрузки\Сайты\page_154.html,standard_fio: 5,5,УЗ-4,.html,Контроль доступа + Сверка
page_155.html,Выгрузки\Сайты\page_155.html,standard_fio: 5,5,УЗ-4,.html,Контроль доступа + Сверка
page_156.html,Выгрузки\Сайты\page_156.html,standard_fio: 5,5,УЗ-4,.html,Контроль доступа + Сверка
page_15.html,Выгрузки\Сайты\page_15.html,"standard_email: 1, payment_cvv: 6",7,УЗ-2,.html,AES-256 + RBAC + Аудит
page_158.html,Выгрузки\Сайты\page_158.html,payment_cvv: 2,2,УЗ-2,.html,AES-256 + RBAC + Аудит
page_162.html,Выгрузки\Сайты\page_162.html,standard_fio: 3,3,УЗ-4,.html,Контроль доступа + Сверка
page_16.html,Выгрузки\Сайты\page_16.html,payment_cvv: 2,2,УЗ-2,.html,AES-256 + RBAC + Аудит
page_163.html,Выгрузки\Сайты\page_163.html,standard_fio: 5,5,УЗ-4,.html,Контроль доступа + Сверка
page_161.html,Выгрузки\Сайты\page_161.html,payment_cvv: 2,2,УЗ-2,.html,AES-256 + RBAC + Аудит
page_160.html,Выгрузки\Сайты\page_160.html,"standard_fio: 4, payment_cvv: 2",6,УЗ-2,.html,AES-256 + RBAC + Аудит
page_159.html,Выгрузки\Сайты\page_159.html,"standard_fio: 82, payment_cvv: 2, special_health: 1",85,УЗ-1,.html,AES-256 + RBAC + Аудит
page_165.html,Выгрузки\Сайты\page_165.html,payment_cvv: 2,2,УЗ-2,.html,AES-256 + RBAC + Аудит
page_17.html,Выгрузки\Сайты\page_17.html,"standard_fio: 29, payment_cvv: 2",31,УЗ-2,.html,AES-256 + RBAC + Аудит
page_169.html,Выгрузки\Сайты\page_169.html,"standard_fio: 17, standard_address: 1, payment_cvv: 16",34,УЗ-2,.html,AES-256 + RBAC + Аудит
page_167.html,Выгрузки\Сайты\page_167.html,payment_cvv: 2,2,УЗ-2,.html,AES-256 + RBAC + Аудит
page_166.html,Выгрузки\Сайты\page_166.html,payment_cvv: 2,2,УЗ-2,.html,AES-256 + RBAC + Аудит
page_168.html,Выгрузки\Сайты\page_168.html,"standard_fio: 414, standard_address: 7, payment_cvv: 9",430,УЗ-2,.html,AES-256 + RBAC + Аудит
page_171.html,Выгрузки\Сайты\page_171.html,"standard_fio: 1, standard_address: 1, payment_cvv: 17",19,УЗ-2,.html,AES-256 + RBAC + Аудит
page_170.html,Выгрузки\Сайты\page_170.html,"standard_fio: 367, standard_dob: 1, standard_address: 6, payment_cvv: 17",391,УЗ-2,.html,AES-256 + RBAC + Аудит
page_175.html,Выгрузки\Сайты\page_175.html,"standard_address: 1, payment_cvv: 9",10,УЗ-2,.html,AES-256 + RBAC + Аудит
page_176.html,Выгрузки\Сайты\page_176.html,"standard_fio: 97, standard_address: 1, payment_cvv: 6",104,УЗ-2,.html,AES-256 + RBAC + Аудит
page_173.html,Выгрузки\Сайты\page_173.html,"standard_fio: 4, standard_address: 1, payment_cvv: 7",12,УЗ-2,.html,AES-256 + RBAC + Аудит
page_181.html,Выгрузки\Сайты\page_181.html,standard_fio: 3,3,УЗ-4,.html,Контроль доступа + Сверка
page_172.html,Выгрузки\Сайты\page_172.html,"standard_fio: 446, standard_address: 12, payment_cvv: 3, biometric: 1, special_health: 1",463,УЗ-1,.html,AES-256 + RBAC + Аудит
page_177.html,Выгрузки\Сайты\page_177.html,payment_cvv: 2,2,УЗ-2,.html,AES-256 + RBAC + Аудит
page_18.html,Выгрузки\Сайты\page_18.html,payment_cvv: 2,2,УЗ-2,.html,AES-256 + RBAC + Аудит
page_179.html,Выгрузки\Сайты\page_179.html,payment_cvv: 2,2,УЗ-2,.html,AES-256 + RBAC + Аудит
page_182.html,Выгрузки\Сайты\page_182.html,standard_fio: 5,5,УЗ-4,.html,Контроль доступа + Сверка
page_180.html,Выгрузки\Сайты\page_180.html,payment_cvv: 2,2,УЗ-2,.html,AES-256 + RBAC + Аудит
page_184.html,Выгрузки\Сайты\page_184.html,payment_cvv: 2,2,УЗ-2,.html,AES-256 + RBAC + Аудит
page_185.html,Выгрузки\Сайты\page_185.html,payment_cvv: 2,2,УЗ-2,.html,AES-256 + RBAC + Аудит
page_187.html,Выгрузки\Сайты\page_187.html,payment_cvv: 2,2,УЗ-2,.html,AES-256 + RBAC + Аудит
page_188.html,Выгрузки\Сайты\page_188.html,payment_cvv: 2,2,УЗ-2,.html,AES-256 + RBAC + Аудит
page_189.html,Выгрузки\Сайты\page_189.html,"standard_address: 1, payment_cvv: 9",10,УЗ-2,.html,AES-256 + RBAC + Аудит
page_19.html,Выгрузки\Сайты\page_19.html,"standard_fio: 2, payment_cvv: 2",4,УЗ-2,.html,AES-256 + RBAC + Аудит
page_186.html,Выгрузки\Сайты\page_186.html,"standard_fio: 97, standard_address: 1, payment_cvv: 6",104,УЗ-2,.html,AES-256 + RBAC + Аудит
page_192.html,Выгрузки\Сайты\page_192.html,"standard_address: 1, payment_cvv: 2",3,УЗ-2,.html,AES-256 + RBAC + Аудит
page_191.html,Выгрузки\Сайты\page_191.html,"standard_fio: 2, standard_address: 1, payment_cvv: 10",13,УЗ-2,.html,AES-256 + RBAC + Аудит
page_193.html,Выгрузки\Сайты\page_193.html,payment_cvv: 2,2,УЗ-2,.html,AES-256 + RBAC + Аудит
page_194.html,Выгрузки\Сайты\page_194.html,payment_cvv: 2,2,УЗ-2,.html,AES-256 + RBAC + Аудит
page_196.html,Выгрузки\Сайты\page_196.html,payment_cvv: 2,2,УЗ-2,.html,AES-256 + RBAC + Аудит
page_198.html,Выгрузки\Сайты\page_198.html,"standard_fio: 6, payment_cvv: 2",8,УЗ-2,.html,AES-256 + RBAC + Аудит
page_195.html,Выгрузки\Сайты\page_195.html,"standard_fio: 4, payment_cvv: 3, special_health: 1",8,УЗ-1,.html,AES-256 + RBAC + Аудит
page_199.html,Выгрузки\Сайты\page_199.html,payment_cvv: 2,2,УЗ-2,.html,AES-256 + RBAC + Аудит
page_20.html,Выгрузки\Сайты\page_20.html,payment_cvv: 2,2,УЗ-2,.html,AES-256 + RBAC + Аудит
page_2.html,Выгрузки\Сайты\page_2.html,"standard_fio: 27, payment_cvv: 2",29,УЗ-2,.html,AES-256 + RBAC + Аудит
page_200.html,Выгрузки\Сайты\page_200.html,standard_fio: 9,9,УЗ-4,.html,Контроль доступа + Сверка
page_197.html,Выгрузки\Сайты\page_197.html,"standard_fio: 249, standard_phone: 1, standard_address: 1, payment_cvv: 5",256,УЗ-2,.html,AES-256 + RBAC + Аудит
page_201.html,Выгрузки\Сайты\page_201.html,"standard_fio: 29, payment_cvv: 4",33,УЗ-2,.html,AES-256 + RBAC + Аудит
page_202.html,Выгрузки\Сайты\page_202.html,"standard_fio: 19, special_health: 1",20,УЗ-1,.html,AES-256 + RBAC + Аудит
page_204.html,Выгрузки\Сайты\page_204.html,standard_fio: 20,20,УЗ-4,.html,Контроль доступа + Сверка
page_203.html,Выгрузки\Сайты\page_203.html,"standard_fio: 472, standard_address: 5, payment_cvv: 4",481,УЗ-2,.html,AES-256 + RBAC + Аудит
page_205.html,Выгрузки\Сайты\page_205.html,standard_fio: 90,90,УЗ-4,.html,Контроль доступа + Сверка
page_206.html,Выгрузки\Сайты\page_206.html,standard_fio: 42,42,УЗ-4,.html,Контроль доступа + Сверка
page_208.html,Выгрузки\Сайты\page_208.html,standard_fio: 20,20,УЗ-4,.html,Контроль доступа + Сверка
page_207.html,Выгрузки\Сайты\page_207.html,"standard_fio: 276, standard_address: 3, payment_cvv: 7",286,УЗ-2,.html,AES-256 + RBAC + Аудит
page_21.html,Выгрузки\Сайты\page_21.html,payment_cvv: 2,2,УЗ-2,.html,AES-256 + RBAC + Аудит
page_210.html,Выгрузки\Сайты\page_210.html,standard_fio: 63,63,УЗ-4,.html,Контроль доступа + Сверка
page_211.html,Выгрузки\Сайты\page_211.html,"standard_fio: 2, payment_cvv: 3",5,УЗ-2,.html,AES-256 + RBAC + Аудит
page_209.html,Выгрузки\Сайты\page_209.html,standard_fio: 126,126,УЗ-3,.html,Контроль доступа + Сверка
page_212.html,Выгрузки\Сайты\page_212.html,standard_fio: 2,2,УЗ-4,.html,Контроль доступа + Сверка
page_213.html,Выгрузки\Сайты\page_213.html,"standard_fio: 9, standard_address: 1, payment_cvv: 2",12,УЗ-2,.html,AES-256 + RBAC + Аудит
page_214.html,Выгрузки\Сайты\page_214.html,"standard_fio: 2, standard_address: 1",3,УЗ-4,.html,Контроль доступа + Сверка
page_215.html,Выгрузки\Сайты\page_215.html,"standard_fio: 40, standard_address: 2, payment_cvv: 3",45,УЗ-2,.html,AES-256 + RBAC + Аудит
page_216.html,Выгрузки\Сайты\page_216.html,"standard_fio: 89, payment_cvv: 4, biometric: 1",94,УЗ-1,.html,AES-256 + RBAC + Аудит
page_217.html,Выгрузки\Сайты\page_217.html,standard_fio: 22,22,УЗ-4,.html,Контроль доступа + Сверка
page_218.html,Выгрузки\Сайты\page_218.html,"standard_fio: 127, standard_address: 1, payment_cvv: 1",129,УЗ-2,.html,AES-256 + RBAC + Аудит
page_219.html,Выгрузки\Сайты\page_219.html,standard_fio: 1,1,УЗ-4,.html,Контроль доступа + Сверка
page_22.html,Выгрузки\Сайты\page_22.html,payment_cvv: 2,2,УЗ-2,.html,AES-256 + RBAC + Аудит
page_220.html,Выгрузки\Сайты\page_220.html,standard_fio: 38,38,УЗ-4,.html,Контроль доступа + Сверка
page_221.html,Выгрузки\Сайты\page_221.html,standard_fio: 38,38,УЗ-4,.html,Контроль доступа + Сверка
page_223.html,Выгрузки\Сайты\page_223.html,standard_fio: 2,2,УЗ-4,.html,Контроль доступа + Сверка
page_222.html,Выгрузки\Сайты\page_222.html,standard_fio: 28,28,УЗ-4,.html,Контроль доступа + Сверка
page_226.html,Выгрузки\Сайты\page_226.html,"standard_fio: 5, payment_cvv: 1",6,УЗ-2,.html,AES-256 + RBAC + Аудит
page_224.html,Выгрузки\Сайты\page_224.html,standard_fio: 33,33,УЗ-4,.html,Контроль доступа + Сверка
page_225.html,Выгрузки\Сайты\page_225.html,standard_fio: 29,29,УЗ-4,.html,Контроль доступа + Сверка
page_227.html,Выгрузки\Сайты\page_227.html,"standard_fio: 300, standard_address: 1, payment_cvv: 9",310,УЗ-2,.html,AES-256 + RBAC + Аудит
page_228.html,Выгрузки\Сайты\page_228.html,"standard_fio: 46, payment_cvv: 2",48,УЗ-2,.html,AES-256 + RBAC + Аудит
page_229.html,Выгрузки\Сайты\page_229.html,"standard_fio: 16, payment_cvv: 3",19,УЗ-2,.html,AES-256 + RBAC + Аудит
page_23.html,Выгрузки\Сайты\page_23.html,payment_cvv: 2,2,УЗ-2,.html,AES-256 + RBAC + Аудит
page_231.html,Выгрузки\Сайты\page_231.html,standard_fio: 15,15,УЗ-4,.html,Контроль доступа + Сверка
page_230.html,Выгрузки\Сайты\page_230.html,"standard_fio: 372, standard_address: 2, payment_cvv: 3",377,УЗ-2,.html,AES-256 + RBAC + Аудит
page_232.html,Выгрузки\Сайты\page_232.html,"standard_fio: 42, standard_address: 1, payment_cvv: 1",44,УЗ-2,.html,AES-256 + RBAC + Аудит
page_233.html,Выгрузки\Сайты\page_233.html,"standard_fio: 31, standard_address: 1, payment_cvv: 3",35,УЗ-2,.html,AES-256 + RBAC + Аудит
page_234.html,Выгрузки\Сайты\page_234.html,"standard_fio: 79, payment_cvv: 1",80,УЗ-2,.html,AES-256 + RBAC + Аудит
page_236.html,Выгрузки\Сайты\page_236.html,"standard_fio: 122, standard_address: 2, payment_cvv: 1",125,УЗ-2,.html,AES-256 + RBAC + Аудит
page_238.html,Выгрузки\Сайты\page_238.html,"standard_fio: 5, payment_cvv: 1",6,УЗ-2,.html,AES-256 + RBAC + Аудит
page_237.html,Выгрузки\Сайты\page_237.html,"standard_fio: 22, standard_address: 1, payment_cvv: 2",25,УЗ-2,.html,AES-256 + RBAC + Аудит
page_24.html,Выгрузки\Сайты\page_24.html,payment_cvv: 2,2,УЗ-2,.html,AES-256 + RBAC + Аудит
page_243.html,Выгрузки\Сайты\page_243.html,standard_fio: 5,5,УЗ-4,.html,Контроль доступа + Сверка
page_242.html,Выгрузки\Сайты\page_242.html,standard_fio: 3,3,УЗ-4,.html,Контроль доступа + Сверка
page_240.html,Выгрузки\Сайты\page_240.html,payment_cvv: 2,2,УЗ-2,.html,AES-256 + RBAC + Аудит
page_239.html,Выгрузки\Сайты\page_239.html,"standard_fio: 2, standard_address: 1, payment_cvv: 10",13,УЗ-2,.html,AES-256 + RBAC + Аудит
page_241.html,Выгрузки\Сайты\page_241.html,payment_cvv: 2,2,УЗ-2,.html,AES-256 + RBAC + Аудит
page_246.html,Выгрузки\Сайты\page_246.html,standard_fio: 3,3,УЗ-4,.html,Контроль доступа + Сверка
page_248.html,Выгрузки\Сайты\page_248.html,standard_fio: 5,5,УЗ-4,.html,Контроль доступа + Сверка
page_245.html,Выгрузки\Сайты\page_245.html,payment_cvv: 2,2,УЗ-2,.html,AES-256 + RBAC + Аудит
page_249.html,Выгрузки\Сайты\page_249.html,standard_fio: 5,5,УЗ-4,.html,Контроль доступа + Сверка
page_25.html,Выгрузки\Сайты\page_25.html,standard_fio: 3,3,УЗ-4,.html,Контроль доступа + Сверка
page_247.html,Выгрузки\Сайты\page_247.html,payment_cvv: 2,2,УЗ-2,.html,AES-256 + RBAC + Аудит
page_250.html,Выгрузки\Сайты\page_250.html,standard_fio: 5,5,УЗ-4,.html,Контроль доступа + Сверка
page_251.html,Выгрузки\Сайты\page_251.html,standard_fio: 5,5,УЗ-4,.html,Контроль доступа + Сверка
page_257.html,Выгрузки\Сайты\page_257.html,standard_fio: 5,5,УЗ-4,.html,Контроль доступа + Сверка
page_256.html,Выгрузки\Сайты\page_256.html,standard_fio: 3,3,УЗ-4,.html,Контроль доступа + Сверка
page_254.html,Выгрузки\Сайты\page_254.html,"standard_fio: 5, payment_cvv: 2",7,УЗ-2,.html,AES-256 + RBAC + Аудит
page_253.html,Выгрузки\Сайты\page_253.html,payment_cvv: 2,2,УЗ-2,.html,AES-256 + RBAC + Аудит
page_255.html,Выгрузки\Сайты\page_255.html,payment_cvv: 2,2,УЗ-2,.html,AES-256 + RBAC + Аудит
page_26.html,Выгрузки\Сайты\page_26.html,standard_fio: 5,5,УЗ-4,.html,Контроль доступа + Сверка
page_259.html,Выгрузки\Сайты\page_259.html,payment_cvv: 2,2,УЗ-2,.html,AES-256 + RBAC + Аудит
page_263.html,Выгрузки\Сайты\page_263.html,standard_fio: 5,5,УЗ-4,.html,Контроль доступа + Сверка
page_262.html,Выгрузки\Сайты\page_262.html,standard_fio: 3,3,УЗ-4,.html,Контроль доступа + Сверка
page_260.html,Выгрузки\Сайты\page_260.html,"standard_fio: 5, payment_cvv: 2",7,УЗ-2,.html,AES-256 + RBAC + Аудит
page_261.html,Выгрузки\Сайты\page_261.html,payment_cvv: 2,2,УЗ-2,.html,AES-256 + RBAC + Аудит
page_268.html,Выгрузки\Сайты\page_268.html,standard_fio: 3,3,УЗ-4,.html,Контроль доступа + Сверка
page_265.html,Выгрузки\Сайты\page_265.html,payment_cvv: 2,2,УЗ-2,.html,AES-256 + RBAC + Аудит
page_266.html,Выгрузки\Сайты\page_266.html,"standard_fio: 6, payment_cvv: 2",8,УЗ-2,.html,AES-256 + RBAC + Аудит
page_269.html,Выгрузки\Сайты\page_269.html,standard_fio: 5,5,УЗ-4,.html,Контроль доступа + Сверка
page_267.html,Выгрузки\Сайты\page_267.html,payment_cvv: 2,2,УЗ-2,.html,AES-256 + RBAC + Аудит
page_274.html,Выгрузки\Сайты\page_274.html,standard_fio: 3,3,УЗ-4,.html,Контроль доступа + Сверка
page_275.html,Выгрузки\Сайты\page_275.html,standard_fio: 5,5,УЗ-4,.html,Контроль доступа + Сверка
page_271.html,Выгрузки\Сайты\page_271.html,payment_cvv: 2,2,УЗ-2,.html,AES-256 + RBAC + Аудит
page_273.html,Выгрузки\Сайты\page_273.html,payment_cvv: 2,2,УЗ-2,.html,AES-256 + RBAC + Аудит
page_277.html,Выгрузки\Сайты\page_277.html,payment_cvv: 2,2,УЗ-2,.html,AES-256 + RBAC + Аудит
page_278.html,Выгрузки\Сайты\page_278.html,"standard_fio: 6, payment_cvv: 2",8,УЗ-2,.html,AES-256 + RBAC + Аудит
page_272.html,Выгрузки\Сайты\page_272.html,"standard_fio: 98, standard_address: 2, payment_cvv: 2, special_health: 1",103,УЗ-1,.html,AES-256 + RBAC + Аудит
page_279.html,Выгрузки\Сайты\page_279.html,"standard_fio: 5, payment_cvv: 2",7,УЗ-2,.html,AES-256 + RBAC + Аудит
page_28.html,Выгрузки\Сайты\page_28.html,payment_cvv: 2,2,УЗ-2,.html,AES-256 + RBAC + Аудит
page_280.html,Выгрузки\Сайты\page_280.html,"standard_fio: 9, payment_cvv: 3",12,УЗ-2,.html,AES-256 + RBAC + Аудит
page_281.html,Выгрузки\Сайты\page_281.html,"standard_fio: 6, payment_cvv: 2",8,УЗ-2,.html,AES-256 + RBAC + Аудит
page_282.html,Выгрузки\Сайты\page_282.html,"standard_fio: 5, payment_cvv: 2",7,УЗ-2,.html,AES-256 + RBAC + Аудит
page_283.html,Выгрузки\Сайты\page_283.html,"standard_fio: 5, payment_cvv: 2",7,УЗ-2,.html,AES-256 + RBAC + Аудит
page_284.html,Выгрузки\Сайты\page_284.html,"standard_fio: 6, payment_cvv: 2",8,УЗ-2,.html,AES-256 + RBAC + Аудит
page_286.html,Выгрузки\Сайты\page_286.html,"standard_fio: 5, payment_cvv: 2",7,УЗ-2,.html,AES-256 + RBAC + Аудит
page_285.html,Выгрузки\Сайты\page_285.html,"standard_fio: 6, payment_cvv: 2",8,УЗ-2,.html,AES-256 + RBAC + Аудит
page_287.html,Выгрузки\Сайты\page_287.html,"standard_fio: 5, payment_cvv: 2",7,УЗ-2,.html,AES-256 + RBAC + Аудит
page_288.html,Выгрузки\Сайты\page_288.html,"standard_fio: 6, payment_cvv: 2",8,УЗ-2,.html,AES-256 + RBAC + Аудит
page_290.html,Выгрузки\Сайты\page_290.html,"standard_fio: 5, payment_cvv: 2",7,УЗ-2,.html,AES-256 + RBAC + Аудит
page_291.html,Выгрузки\Сайты\page_291.html,"standard_fio: 5, payment_cvv: 2",7,УЗ-2,.html,AES-256 + RBAC + Аудит
page_289.html,Выгрузки\Сайты\page_289.html,"standard_fio: 5, payment_cvv: 2",7,УЗ-2,.html,AES-256 + RBAC + Аудит
page_29.html,Выгрузки\Сайты\page_29.html,payment_cvv: 2,2,УЗ-2,.html,AES-256 + RBAC + Аудит
page_292.html,Выгрузки\Сайты\page_292.html,"standard_fio: 5, payment_cvv: 2",7,УЗ-2,.html,AES-256 + RBAC + Аудит
page_293.html,Выгрузки\Сайты\page_293.html,"standard_fio: 6, payment_cvv: 2",8,УЗ-2,.html,AES-256 + RBAC + Аудит
page_295.html,Выгрузки\Сайты\page_295.html,"standard_fio: 6, payment_cvv: 2",8,УЗ-2,.html,AES-256 + RBAC + Аудит
page_294.html,Выгрузки\Сайты\page_294.html,"standard_fio: 5, payment_cvv: 2",7,УЗ-2,.html,AES-256 + RBAC + Аудит
page_297.html,Выгрузки\Сайты\page_297.html,"standard_fio: 5, payment_cvv: 2",7,УЗ-2,.html,AES-256 + RBAC + Аудит
page_296.html,Выгрузки\Сайты\page_296.html,"standard_fio: 6, payment_cvv: 2",8,УЗ-2,.html,AES-256 + RBAC + Аудит
page_298.html,Выгрузки\Сайты\page_298.html,"standard_fio: 5, payment_cvv: 2",7,УЗ-2,.html,AES-256 + RBAC + Аудит
page_3.html,Выгрузки\Сайты\page_3.html,"standard_fio: 6, payment_cvv: 2",8,УЗ-2,.html,AES-256 + RBAC + Аудит
page_299.html,Выгрузки\Сайты\page_299.html,"standard_fio: 4, payment_cvv: 2",6,УЗ-2,.html,AES-256 + RBAC + Аудит
page_300.html,Выгрузки\Сайты\page_300.html,"standard_fio: 6, payment_cvv: 2",8,УЗ-2,.html,AES-256 + RBAC + Аудит
page_30.html,Выгрузки\Сайты\page_30.html,"standard_fio: 6, payment_cvv: 2",8,УЗ-2,.html,AES-256 + RBAC + Аудит
page_302.html,Выгрузки\Сайты\page_302.html,"standard_fio: 6, payment_cvv: 2",8,УЗ-2,.html,AES-256 + RBAC + Аудит
page_301.html,Выгрузки\Сайты\page_301.html,"standard_fio: 6, payment_cvv: 2",8,УЗ-2,.html,AES-256 + RBAC + Аудит
page_303.html,Выгрузки\Сайты\page_303.html,"standard_fio: 5, payment_cvv: 2",7,УЗ-2,.html,AES-256 + RBAC + Аудит
page_305.html,Выгрузки\Сайты\page_305.html,"standard_fio: 5, payment_cvv: 2",7,УЗ-2,.html,AES-256 + RBAC + Аудит
page_304.html,Выгрузки\Сайты\page_304.html,"standard_fio: 9, payment_cvv: 3",12,УЗ-2,.html,AES-256 + RBAC + Аудит
page_306.html,Выгрузки\Сайты\page_306.html,"standard_fio: 6, payment_cvv: 2",8,УЗ-2,.html,AES-256 + RBAC + Аудит
page_308.html,Выгрузки\Сайты\page_308.html,"standard_fio: 9, payment_cvv: 3",12,УЗ-2,.html,AES-256 + RBAC + Аудит
page_307.html,Выгрузки\Сайты\page_307.html,"standard_fio: 5, payment_cvv: 2",7,УЗ-2,.html,AES-256 + RBAC + Аудит
page_309.html,Выгрузки\Сайты\page_309.html,"standard_fio: 5, payment_cvv: 2",7,УЗ-2,.html,AES-256 + RBAC + Аудит
page_31.html,Выгрузки\Сайты\page_31.html,"standard_fio: 10, payment_cvv: 3",13,УЗ-2,.html,AES-256 + RBAC + Аудит
page_310.html,Выгрузки\Сайты\page_310.html,"standard_fio: 6, payment_cvv: 2",8,УЗ-2,.html,AES-256 + RBAC + Аудит
page_312.html,Выгрузки\Сайты\page_312.html,"standard_fio: 5, payment_cvv: 2",7,УЗ-2,.html,AES-256 + RBAC + Аудит
page_311.html,Выгрузки\Сайты\page_311.html,"standard_fio: 6, payment_cvv: 2",8,УЗ-2,.html,AES-256 + RBAC + Аудит
page_313.html,Выгрузки\Сайты\page_313.html,"standard_fio: 5, payment_cvv: 2",7,УЗ-2,.html,AES-256 + RBAC + Аудит
page_314.html,Выгрузки\Сайты\page_314.html,"standard_fio: 5, payment_cvv: 2",7,УЗ-2,.html,AES-256 + RBAC + Аудит
page_316.html,Выгрузки\Сайты\page_316.html,"standard_fio: 5, payment_cvv: 2",7,УЗ-2,.html,AES-256 + RBAC + Аудит
page_318.html,Выгрузки\Сайты\page_318.html,"standard_fio: 5, payment_cvv: 2",7,УЗ-2,.html,AES-256 + RBAC + Аудит
page_319.html,Выгрузки\Сайты\page_319.html,"standard_fio: 6, payment_cvv: 2",8,УЗ-2,.html,AES-256 + RBAC + Аудит
page_317.html,Выгрузки\Сайты\page_317.html,"standard_fio: 5, payment_cvv: 2",7,УЗ-2,.html,AES-256 + RBAC + Аудит
page_32.html,Выгрузки\Сайты\page_32.html,"standard_fio: 10, payment_cvv: 3",13,УЗ-2,.html,AES-256 + RBAC + Аудит
page_320.html,Выгрузки\Сайты\page_320.html,"standard_fio: 6, payment_cvv: 2",8,УЗ-2,.html,AES-256 + RBAC + Аудит
page_321.html,Выгрузки\Сайты\page_321.html,"standard_fio: 5, payment_cvv: 2",7,УЗ-2,.html,AES-256 + RBAC + Аудит
page_322.html,Выгрузки\Сайты\page_322.html,"standard_fio: 5, payment_cvv: 2",7,УЗ-2,.html,AES-256 + RBAC + Аудит
page_323.html,Выгрузки\Сайты\page_323.html,"standard_fio: 6, payment_cvv: 2",8,УЗ-2,.html,AES-256 + RBAC + Аудит
page_325.html,Выгрузки\Сайты\page_325.html,"standard_fio: 5, payment_cvv: 2",7,УЗ-2,.html,AES-256 + RBAC + Аудит
page_326.html,Выгрузки\Сайты\page_326.html,"standard_fio: 6, payment_cvv: 2",8,УЗ-2,.html,AES-256 + RBAC + Аудит
page_324.html,Выгрузки\Сайты\page_324.html,"standard_fio: 5, payment_cvv: 2",7,УЗ-2,.html,AES-256 + RBAC + Аудит
page_328.html,Выгрузки\Сайты\page_328.html,"standard_fio: 5, payment_cvv: 2",7,УЗ-2,.html,AES-256 + RBAC + Аудит
page_327.html,Выгрузки\Сайты\page_327.html,"standard_fio: 6, payment_cvv: 2",8,УЗ-2,.html,AES-256 + RBAC + Аудит
page_33.html,Выгрузки\Сайты\page_33.html,"standard_fio: 9, payment_cvv: 3",12,УЗ-2,.html,AES-256 + RBAC + Аудит
page_330.html,Выгрузки\Сайты\page_330.html,"standard_fio: 6, payment_cvv: 2",8,УЗ-2,.html,AES-256 + RBAC + Аудит
page_331.html,Выгрузки\Сайты\page_331.html,"standard_fio: 5, payment_cvv: 2",7,УЗ-2,.html,AES-256 + RBAC + Аудит
page_329.html,Выгрузки\Сайты\page_329.html,"standard_fio: 6, payment_cvv: 2",8,УЗ-2,.html,AES-256 + RBAC + Аудит
page_332.html,Выгрузки\Сайты\page_332.html,"standard_fio: 8, payment_cvv: 3",11,УЗ-2,.html,AES-256 + RBAC + Аудит
page_333.html,Выгрузки\Сайты\page_333.html,"standard_fio: 8, payment_cvv: 3",11,УЗ-2,.html,AES-256 + RBAC + Аудит
page_334.html,Выгрузки\Сайты\page_334.html,"standard_fio: 6, payment_cvv: 2",8,УЗ-2,.html,AES-256 + RBAC + Аудит
page_336.html,Выгрузки\Сайты\page_336.html,"standard_fio: 5, payment_cvv: 2",7,УЗ-2,.html,AES-256 + RBAC + Аудит
page_315.html,Выгрузки\Сайты\page_315.html,"standard_fio: 5, payment_cvv: 2",7,УЗ-2,.html,AES-256 + RBAC + Аудит
page_337.html,Выгрузки\Сайты\page_337.html,"standard_fio: 5, payment_cvv: 2",7,УЗ-2,.html,AES-256 + RBAC + Аудит
page_335.html,Выгрузки\Сайты\page_335.html,"standard_fio: 5, payment_cvv: 2",7,УЗ-2,.html,AES-256 + RBAC + Аудит
page_338.html,Выгрузки\Сайты\page_338.html,"standard_fio: 5, payment_cvv: 2",7,УЗ-2,.html,AES-256 + RBAC + Аудит
page_339.html,Выгрузки\Сайты\page_339.html,"standard_fio: 8, payment_cvv: 3",11,УЗ-2,.html,AES-256 + RBAC + Аудит
page_340.html,Выгрузки\Сайты\page_340.html,"standard_fio: 5, payment_cvv: 2",7,УЗ-2,.html,AES-256 + RBAC + Аудит
page_34.html,Выгрузки\Сайты\page_34.html,"standard_fio: 6, payment_cvv: 2",8,УЗ-2,.html,AES-256 + RBAC + Аудит
page_342.html,Выгрузки\Сайты\page_342.html,"standard_fio: 10, payment_cvv: 3",13,УЗ-2,.html,AES-256 + RBAC + Аудит
page_344.html,Выгрузки\Сайты\page_344.html,"standard_fio: 5, payment_cvv: 2",7,УЗ-2,.html,AES-256 + RBAC + Аудит
page_343.html,Выгрузки\Сайты\page_343.html,"standard_fio: 6, payment_cvv: 2",8,УЗ-2,.html,AES-256 + RBAC + Аудит
page_341.html,Выгрузки\Сайты\page_341.html,"standard_fio: 5, payment_cvv: 2",7,УЗ-2,.html,AES-256 + RBAC + Аудит
page_345.html,Выгрузки\Сайты\page_345.html,"standard_fio: 5, payment_cvv: 2",7,УЗ-2,.html,AES-256 + RBAC + Аудит
page_347.html,Выгрузки\Сайты\page_347.html,"standard_fio: 4, payment_cvv: 2",6,УЗ-2,.html,AES-256 + RBAC + Аудит
page_346.html,Выгрузки\Сайты\page_346.html,"standard_fio: 5, payment_cvv: 2",7,УЗ-2,.html,AES-256 + RBAC + Аудит
page_349.html,Выгрузки\Сайты\page_349.html,"standard_fio: 6, payment_cvv: 2",8,УЗ-2,.html,AES-256 + RBAC + Аудит
page_348.html,Выгрузки\Сайты\page_348.html,"standard_fio: 5, payment_cvv: 2",7,УЗ-2,.html,AES-256 + RBAC + Аудит
page_350.html,Выгрузки\Сайты\page_350.html,"standard_fio: 5, payment_cvv: 2",7,УЗ-2,.html,AES-256 + RBAC + Аудит
page_35.html,Выгрузки\Сайты\page_35.html,"standard_fio: 6, payment_cvv: 2",8,УЗ-2,.html,AES-256 + RBAC + Аудит
page_351.html,Выгрузки\Сайты\page_351.html,"standard_fio: 5, payment_cvv: 2",7,УЗ-2,.html,AES-256 + RBAC + Аудит
page_352.html,Выгрузки\Сайты\page_352.html,"standard_fio: 6, payment_cvv: 2",8,УЗ-2,.html,AES-256 + RBAC + Аудит
page_354.html,Выгрузки\Сайты\page_354.html,"standard_fio: 5, payment_cvv: 2",7,УЗ-2,.html,AES-256 + RBAC + Аудит
page_353.html,Выгрузки\Сайты\page_353.html,"standard_fio: 5, payment_cvv: 2",7,УЗ-2,.html,AES-256 + RBAC + Аудит
page_355.html,Выгрузки\Сайты\page_355.html,"standard_fio: 5, payment_cvv: 2",7,УЗ-2,.html,AES-256 + RBAC + Аудит
page_357.html,Выгрузки\Сайты\page_357.html,"standard_fio: 6, payment_cvv: 2",8,УЗ-2,.html,AES-256 + RBAC + Аудит
page_356.html,Выгрузки\Сайты\page_356.html,"standard_fio: 5, payment_cvv: 2",7,УЗ-2,.html,AES-256 + RBAC + Аудит
page_358.html,Выгрузки\Сайты\page_358.html,"standard_fio: 11, payment_cvv: 3",14,УЗ-2,.html,AES-256 + RBAC + Аудит
page_359.html,Выгрузки\Сайты\page_359.html,"standard_fio: 5, payment_cvv: 2",7,УЗ-2,.html,AES-256 + RBAC + Аудит
page_36.html,Выгрузки\Сайты\page_36.html,"standard_fio: 6, payment_cvv: 2",8,УЗ-2,.html,AES-256 + RBAC + Аудит
page_360.html,Выгрузки\Сайты\page_360.html,"standard_fio: 8, payment_cvv: 3",11,УЗ-2,.html,AES-256 + RBAC + Аудит
page_361.html,Выгрузки\Сайты\page_361.html,"standard_fio: 9, payment_cvv: 3",12,УЗ-2,.html,AES-256 + RBAC + Аудит
page_363.html,Выгрузки\Сайты\page_363.html,"standard_fio: 5, payment_cvv: 2",7,УЗ-2,.html,AES-256 + RBAC + Аудит
page_365.html,Выгрузки\Сайты\page_365.html,"standard_fio: 5, payment_cvv: 2",7,УЗ-2,.html,AES-256 + RBAC + Аудит
page_362.html,Выгрузки\Сайты\page_362.html,"standard_fio: 5, payment_cvv: 2",7,УЗ-2,.html,AES-256 + RBAC + Аудит
page_364.html,Выгрузки\Сайты\page_364.html,"standard_fio: 6, payment_cvv: 3",9,УЗ-2,.html,AES-256 + RBAC + Аудит
page_366.html,Выгрузки\Сайты\page_366.html,"standard_fio: 10, payment_cvv: 3",13,УЗ-2,.html,AES-256 + RBAC + Аудит
page_367.html,Выгрузки\Сайты\page_367.html,"standard_fio: 7, payment_cvv: 2",9,УЗ-2,.html,AES-256 + RBAC + Аудит
page_368.html,Выгрузки\Сайты\page_368.html,"standard_fio: 5, payment_cvv: 2",7,УЗ-2,.html,AES-256 + RBAC + Аудит
page_369.html,Выгрузки\Сайты\page_369.html,"standard_fio: 10, payment_cvv: 3",13,УЗ-2,.html,AES-256 + RBAC + Аудит
page_37.html,Выгрузки\Сайты\page_37.html,"standard_fio: 6, payment_cvv: 2",8,УЗ-2,.html,AES-256 + RBAC + Аудит
page_370.html,Выгрузки\Сайты\page_370.html,"standard_fio: 5, payment_cvv: 2",7,УЗ-2,.html,AES-256 + RBAC + Аудит
page_372.html,Выгрузки\Сайты\page_372.html,"standard_fio: 5, payment_cvv: 2",7,УЗ-2,.html,AES-256 + RBAC + Аудит
page_371.html,Выгрузки\Сайты\page_371.html,"standard_fio: 5, payment_cvv: 2",7,УЗ-2,.html,AES-256 + RBAC + Аудит
page_373.html,Выгрузки\Сайты\page_373.html,"standard_fio: 4, payment_cvv: 2",6,УЗ-2,.html,AES-256 + RBAC + Аудит
page_375.html,Выгрузки\Сайты\page_375.html,"standard_fio: 5, payment_cvv: 2",7,УЗ-2,.html,AES-256 + RBAC + Аудит
page_376.html,Выгрузки\Сайты\page_376.html,"standard_fio: 5, payment_cvv: 2",7,УЗ-2,.html,AES-256 + RBAC + Аудит
page_374.html,Выгрузки\Сайты\page_374.html,"standard_fio: 5, payment_cvv: 2",7,УЗ-2,.html,AES-256 + RBAC + Аудит
page_377.html,Выгрузки\Сайты\page_377.html,"standard_fio: 6, payment_cvv: 2",8,УЗ-2,.html,AES-256 + RBAC + Аудит
page_378.html,Выгрузки\Сайты\page_378.html,"standard_fio: 8, payment_cvv: 3",11,УЗ-2,.html,AES-256 + RBAC + Аудит
page_38.html,Выгрузки\Сайты\page_38.html,"standard_fio: 6, payment_cvv: 2",8,УЗ-2,.html,AES-256 + RBAC + Аудит
page_379.html,Выгрузки\Сайты\page_379.html,"standard_fio: 9, payment_cvv: 3",12,УЗ-2,.html,AES-256 + RBAC + Аудит
page_382.html,Выгрузки\Сайты\page_382.html,"standard_fio: 9, payment_cvv: 3",12,УЗ-2,.html,AES-256 + RBAC + Аудит
page_381.html,Выгрузки\Сайты\page_381.html,"standard_fio: 5, payment_cvv: 2",7,УЗ-2,.html,AES-256 + RBAC + Аудит
page_383.html,Выгрузки\Сайты\page_383.html,"standard_fio: 6, payment_cvv: 2",8,УЗ-2,.html,AES-256 + RBAC + Аудит
page_380.html,Выгрузки\Сайты\page_380.html,"standard_fio: 5, payment_cvv: 2",7,УЗ-2,.html,AES-256 + RBAC + Аудит
page_384.html,Выгрузки\Сайты\page_384.html,"standard_fio: 9, payment_cvv: 3",12,УЗ-2,.html,AES-256 + RBAC + Аудит
page_385.html,Выгрузки\Сайты\page_385.html,"standard_fio: 6, payment_cvv: 2",8,УЗ-2,.html,AES-256 + RBAC + Аудит
page_387.html,Выгрузки\Сайты\page_387.html,"standard_fio: 5, payment_cvv: 2",7,УЗ-2,.html,AES-256 + RBAC + Аудит
page_388.html,Выгрузки\Сайты\page_388.html,"standard_fio: 5, payment_cvv: 2",7,УЗ-2,.html,AES-256 + RBAC + Аудит
page_389.html,Выгрузки\Сайты\page_389.html,"standard_fio: 6, payment_cvv: 2",8,УЗ-2,.html,AES-256 + RBAC + Аудит
page_386.html,Выгрузки\Сайты\page_386.html,"standard_fio: 10, payment_cvv: 3",13,УЗ-2,.html,AES-256 + RBAC + Аудит
page_390.html,Выгрузки\Сайты\page_390.html,"standard_fio: 5, payment_cvv: 2",7,УЗ-2,.html,AES-256 + RBAC + Аудит
page_39.html,Выгрузки\Сайты\page_39.html,"standard_fio: 5, payment_cvv: 2",7,УЗ-2,.html,AES-256 + RBAC + Аудит
page_392.html,Выгрузки\Сайты\page_392.html,"standard_fio: 9, payment_cvv: 3",12,УЗ-2,.html,AES-256 + RBAC + Аудит
page_391.html,Выгрузки\Сайты\page_391.html,"standard_fio: 6, payment_cvv: 2",8,УЗ-2,.html,AES-256 + RBAC + Аудит
page_395.html,Выгрузки\Сайты\page_395.html,"standard_fio: 6, payment_cvv: 2",8,УЗ-2,.html,AES-256 + RBAC + Аудит
page_393.html,Выгрузки\Сайты\page_393.html,"standard_fio: 5, payment_cvv: 2",7,УЗ-2,.html,AES-256 + RBAC + Аудит
page_397.html,Выгрузки\Сайты\page_397.html,"standard_fio: 130, special_health: 1",131,УЗ-1,.html,AES-256 + RBAC + Аудит
page_4.html,Выгрузки\Сайты\page_4.html,"standard_fio: 4, payment_cvv: 2",6,УЗ-2,.html,AES-256 + RBAC + Аудит
page_399.html,Выгрузки\Сайты\page_399.html,standard_fio: 60,60,УЗ-4,.html,Контроль доступа + Сверка
page_394.html,Выгрузки\Сайты\page_394.html,"standard_fio: 98, standard_address: 2, payment_cvv: 2, special_health: 1",103,УЗ-1,.html,AES-256 + RBAC + Аудит
page_40.html,Выгрузки\Сайты\page_40.html,"standard_fio: 6, payment_cvv: 2",8,УЗ-2,.html,AES-256 + RBAC + Аудит
page_396.html,Выгрузки\Сайты\page_396.html,"standard_fio: 186, standard_address: 1, payment_cvv: 2, special_health: 1",190,УЗ-1,.html,AES-256 + RBAC + Аудит
page_402.html,Выгрузки\Сайты\page_402.html,"standard_fio: 6, payment_cvv: 2",8,УЗ-2,.html,AES-256 + RBAC + Аудит
page_398.html,Выгрузки\Сайты\page_398.html,"standard_fio: 89, payment_cvv: 2, special_health: 1",92,УЗ-1,.html,AES-256 + RBAC + Аудит
page_401.html,Выгрузки\Сайты\page_401.html,"standard_fio: 179, standard_address: 2, payment_cvv: 1",182,УЗ-2,.html,AES-256 + RBAC + Аудит
page_404.html,Выгрузки\Сайты\page_404.html,"standard_fio: 208, standard_address: 2, payment_cvv: 5",215,УЗ-2,.html,AES-256 + RBAC + Аудит
page_400.html,Выгрузки\Сайты\page_400.html,"standard_fio: 122, standard_address: 2, payment_cvv: 2, special_health: 2",128,УЗ-1,.html,AES-256 + RBAC + Аудит
page_406.html,Выгрузки\Сайты\page_406.html,"standard_fio: 216, standard_address: 1, payment_cvv: 4",221,УЗ-2,.html,AES-256 + RBAC + Аудит
page_403.html,Выгрузки\Сайты\page_403.html,"standard_fio: 129, payment_cvv: 2, special_health: 1",132,УЗ-1,.html,AES-256 + RBAC + Аудит
page_405.html,Выгрузки\Сайты\page_405.html,"standard_fio: 122, payment_cvv: 2, special_health: 1",125,УЗ-1,.html,AES-256 + RBAC + Аудит
page_409.html,Выгрузки\Сайты\page_409.html,"standard_fio: 6, payment_cvv: 2",8,УЗ-2,.html,AES-256 + RBAC + Аудит
page_408.html,Выгрузки\Сайты\page_408.html,"standard_fio: 120, payment_cvv: 1",121,УЗ-2,.html,AES-256 + RBAC + Аудит
page_407.html,Выгрузки\Сайты\page_407.html,"standard_fio: 301, standard_address: 1, payment_cvv: 2, special_health: 1",305,УЗ-1,.html,AES-256 + RBAC + Аудит
page_41.html,Выгрузки\Сайты\page_41.html,"standard_fio: 30, standard_address: 1, payment_cvv: 2",33,УЗ-2,.html,AES-256 + RBAC + Аудит
page_410.html,Выгрузки\Сайты\page_410.html,"standard_fio: 110, payment_cvv: 2, special_health: 1",113,УЗ-1,.html,AES-256 + RBAC + Аудит
page_413.html,Выгрузки\Сайты\page_413.html,"standard_fio: 7, payment_cvv: 2",9,УЗ-2,.html,AES-256 + RBAC + Аудит
page_415.html,Выгрузки\Сайты\page_415.html,"standard_fio: 340, standard_address: 4, payment_cvv: 19, biometric: 1",364,УЗ-1,.html,AES-256 + RBAC + Аудит
page_411.html,Выгрузки\Сайты\page_411.html,"standard_fio: 289, standard_address: 2, payment_cvv: 8, special_health: 1",300,УЗ-1,.html,AES-256 + RBAC + Аудит
page_417.html,Выгрузки\Сайты\page_417.html,"standard_fio: 527, standard_address: 3, payment_cvv: 7",537,УЗ-2,.html,AES-256 + RBAC + Аудит
page_416.html,Выгрузки\Сайты\page_416.html,"standard_fio: 149, standard_address: 1, payment_cvv: 2, special_health: 1",153,УЗ-1,.html,AES-256 + RBAC + Аудит
page_412.html,Выгрузки\Сайты\page_412.html,"standard_fio: 112, payment_cvv: 2, special_health: 1",115,УЗ-1,.html,AES-256 + RBAC + Аудит
page_414.html,Выгрузки\Сайты\page_414.html,"standard_fio: 423, standard_address: 4, payment_cvv: 2, special_health: 1",430,УЗ-1,.html,AES-256 + RBAC + Аудит
page_42.html,Выгрузки\Сайты\page_42.html,payment_cvv: 2,2,УЗ-2,.html,AES-256 + RBAC + Аудит
page_419.html,Выгрузки\Сайты\page_419.html,"standard_fio: 358, standard_address: 2",360,УЗ-3,.html,Контроль доступа + Сверка
page_420.html,Выгрузки\Сайты\page_420.html,"standard_fio: 6, payment_cvv: 2",8,УЗ-2,.html,AES-256 + RBAC + Аудит
page_418.html,Выгрузки\Сайты\page_418.html,"standard_fio: 224, payment_cvv: 2, special_health: 2",228,УЗ-1,.html,AES-256 + RBAC + Аудит
page_421.html,Выгрузки\Сайты\page_421.html,"standard_fio: 102, payment_cvv: 2, special_health: 1",105,УЗ-1,.html,AES-256 + RBAC + Аудит
page_423.html,Выгрузки\Сайты\page_423.html,"standard_fio: 97, payment_cvv: 2, special_health: 1",100,УЗ-1,.html,AES-256 + RBAC + Аудит
page_422.html,Выгрузки\Сайты\page_422.html,"standard_fio: 364, standard_address: 2, payment_cvv: 10",376,УЗ-2,.html,AES-256 + RBAC + Аудит
page_424.html,Выгрузки\Сайты\page_424.html,"standard_fio: 193, standard_address: 4, payment_cvv: 6",203,УЗ-2,.html,AES-256 + RBAC + Аудит
page_427.html,Выгрузки\Сайты\page_427.html,"standard_fio: 7, payment_cvv: 2",9,УЗ-2,.html,AES-256 + RBAC + Аудит
page_425.html,Выгрузки\Сайты\page_425.html,"standard_fio: 86, payment_cvv: 2, special_health: 1",89,УЗ-1,.html,AES-256 + RBAC + Аудит
page_426.html,Выгрузки\Сайты\page_426.html,"standard_fio: 210, payment_cvv: 6, special_health: 2",218,УЗ-1,.html,AES-256 + RBAC + Аудит
page_429.html,Выгрузки\Сайты\page_429.html,"standard_fio: 412, standard_address: 5",417,УЗ-3,.html,Контроль доступа + Сверка
page_431.html,Выгрузки\Сайты\page_431.html,"standard_fio: 504, standard_address: 12, payment_cvv: 11",527,УЗ-2,.html,AES-256 + RBAC + Аудит
page_428.html,Выгрузки\Сайты\page_428.html,"standard_fio: 191, standard_address: 2, payment_cvv: 2, special_health: 1",196,УЗ-1,.html,AES-256 + RBAC + Аудит
page_430.html,Выгрузки\Сайты\page_430.html,"standard_fio: 530, standard_address: 12, payment_cvv: 13, special_health: 1",556,УЗ-1,.html,AES-256 + RBAC + Аудит
page_434.html,Выгрузки\Сайты\page_434.html,"standard_fio: 6, payment_cvv: 2",8,УЗ-2,.html,AES-256 + RBAC + Аудит
page_433.html,Выгрузки\Сайты\page_433.html,"standard_fio: 238, standard_address: 2, payment_cvv: 6",246,УЗ-2,.html,AES-256 + RBAC + Аудит
page_44.html,Выгрузки\Сайты\page_44.html,"standard_fio: 78, standard_dob: 1, standard_address: 1, payment_cvv: 4",84,УЗ-2,.html,AES-256 + RBAC + Аудит
page_439.html,Выгрузки\Сайты\page_439.html,payment_cvv: 2,2,УЗ-2,.html,AES-256 + RBAC + Аудит
page_432.html,Выгрузки\Сайты\page_432.html,"standard_fio: 264, standard_address: 2, payment_cvv: 3, special_health: 1",270,УЗ-1,.html,AES-256 + RBAC + Аудит
page_436.html,Выгрузки\Сайты\page_436.html,"standard_fio: 257, standard_phone: 1, standard_email: 1, standard_address: 4, payment_cvv: 2, special_health: 1",266,УЗ-1,.html,AES-256 + RBAC + Аудит
page_438.html,Выгрузки\Сайты\page_438.html,"standard_fio: 984, standard_address: 6, payment_cvv: 5, biometric: 1, special_religion: 1",997,УЗ-1,.html,AES-256 + RBAC + Аудит
page_441.html,Выгрузки\Сайты\page_441.html,"standard_fio: 7, payment_cvv: 2",9,УЗ-2,.html,AES-256 + RBAC + Аудит
page_440.html,Выгрузки\Сайты\page_440.html,payment_cvv: 2,2,УЗ-2,.html,AES-256 + RBAC + Аудит
page_435.html,Выгрузки\Сайты\page_435.html,"standard_fio: 175, payment_cvv: 2, special_health: 1",178,УЗ-1,.html,AES-256 + RBAC + Аудит
page_437.html,Выгрузки\Сайты\page_437.html,"standard_fio: 155, standard_address: 1, payment_cvv: 4, special_health: 1",161,УЗ-1,.html,AES-256 + RBAC + Аудит
page_443.html,Выгрузки\Сайты\page_443.html,"standard_fio: 250, payment_cvv: 2, special_health: 10",262,УЗ-1,.html,AES-256 + RBAC + Аудит
page_442.html,Выгрузки\Сайты\page_442.html,"standard_fio: 265, standard_address: 4, payment_cvv: 6, special_health: 20",295,УЗ-1,.html,AES-256 + RBAC + Аудит
page_448.html,Выгрузки\Сайты\page_448.html,"standard_fio: 5, payment_cvv: 2",7,УЗ-2,.html,AES-256 + RBAC + Аудит
page_444.html,Выгрузки\Сайты\page_444.html,"standard_fio: 172, payment_cvv: 2, special_health: 1",175,УЗ-1,.html,AES-256 + RBAC + Аудит
page_445.html,Выгрузки\Сайты\page_445.html,"standard_fio: 735, standard_address: 7, payment_cvv: 3, special_health: 3",748,УЗ-1,.html,AES-256 + RBAC + Аудит
page_447.html,Выгрузки\Сайты\page_447.html,"standard_fio: 235, standard_address: 3, payment_cvv: 5",243,УЗ-2,.html,AES-256 + RBAC + Аудит
page_446.html,Выгрузки\Сайты\page_446.html,"standard_fio: 465, standard_address: 6, payment_cvv: 6, special_health: 1",478,УЗ-1,.html,AES-256 + RBAC + Аудит
page_45.html,Выгрузки\Сайты\page_45.html,"standard_fio: 2, payment_cvv: 4",6,УЗ-2,.html,AES-256 + RBAC + Аудит
page_454.html,Выгрузки\Сайты\page_454.html,"standard_fio: 6, payment_cvv: 2",8,УЗ-2,.html,AES-256 + RBAC + Аудит
page_450.html,Выгрузки\Сайты\page_450.html,"standard_fio: 463, standard_address: 7, payment_cvv: 16, biometric: 1, special_health: 4, special_religion: 1",492,УЗ-1,.html,AES-256 + RBAC + Аудит
page_452.html,Выгрузки\Сайты\page_452.html,"standard_fio: 154, standard_address: 1, payment_cvv: 1, special_health: 1",157,УЗ-1,.html,AES-256 + RBAC + Аудит
page_449.html,Выгрузки\Сайты\page_449.html,"standard_fio: 171, standard_address: 1, payment_cvv: 3, special_health: 1, special_religion: 1",177,УЗ-1,.html,AES-256 + RBAC + Аудит
page_451.html,Выгрузки\Сайты\page_451.html,"standard_fio: 122, standard_address: 3, payment_cvv: 3, special_health: 1",129,УЗ-1,.html,AES-256 + RBAC + Аудит
page_453.html,Выгрузки\Сайты\page_453.html,"standard_fio: 495, standard_address: 2, payment_cvv: 11, special_health: 1",509,УЗ-1,.html,AES-256 + RBAC + Аудит
page_455.html,Выгрузки\Сайты\page_455.html,"standard_fio: 145, payment_cvv: 4, special_health: 1",150,УЗ-1,.html,AES-256 + RBAC + Аудит
page_46.html,Выгрузки\Сайты\page_46.html,"standard_fio: 182, standard_address: 3, payment_cvv: 7",192,УЗ-2,.html,AES-256 + RBAC + Аудит
page_456.html,Выгрузки\Сайты\page_456.html,"standard_fio: 177, standard_dob: 3, standard_address: 2, payment_cvv: 5",187,УЗ-2,.html,AES-256 + RBAC + Аудит
page_457.html,Выгрузки\Сайты\page_457.html,"standard_fio: 138, payment_cvv: 2, special_health: 1",141,УЗ-1,.html,AES-256 + RBAC + Аудит
page_458.html,Выгрузки\Сайты\page_458.html,"standard_fio: 187, standard_dob: 1, standard_address: 3, payment_cvv: 5, special_health: 1",197,УЗ-1,.html,AES-256 + RBAC + Аудит
page_461.html,Выгрузки\Сайты\page_461.html,"standard_fio: 6, payment_cvv: 2",8,УЗ-2,.html,AES-256 + RBAC + Аудит
page_459.html,Выгрузки\Сайты\page_459.html,"standard_fio: 145, standard_address: 2, payment_cvv: 2, special_health: 1",150,УЗ-1,.html,AES-256 + RBAC + Аудит
page_460.html,Выгрузки\Сайты\page_460.html,"standard_fio: 852, standard_address: 11, special_health: 1",864,УЗ-1,.html,AES-256 + RBAC + Аудит
page_465.html,Выгрузки\Сайты\page_465.html,"standard_fio: 221, standard_address: 5, payment_cvv: 2",228,УЗ-2,.html,AES-256 + RBAC + Аудит
page_462.html,Выгрузки\Сайты\page_462.html,"standard_fio: 102, standard_address: 1, payment_cvv: 2, special_health: 1",106,УЗ-1,.html,AES-256 + RBAC + Аудит
page_468.html,Выгрузки\Сайты\page_468.html,"standard_fio: 6, payment_cvv: 2",8,УЗ-2,.html,AES-256 + RBAC + Аудит
page_464.html,Выгрузки\Сайты\page_464.html,"standard_fio: 141, standard_address: 4, payment_cvv: 2, special_health: 1",148,УЗ-1,.html,AES-256 + RBAC + Аудит
page_463.html,Выгрузки\Сайты\page_463.html,"standard_fio: 584, standard_address: 4, payment_cvv: 1, special_health: 1",590,УЗ-1,.html,AES-256 + RBAC + Аудит
page_466.html,Выгрузки\Сайты\page_466.html,"standard_fio: 196, standard_address: 4, payment_cvv: 2, special_health: 1",203,УЗ-1,.html,AES-256 + RBAC + Аудит
page_470.html,Выгрузки\Сайты\page_470.html,"standard_fio: 102, standard_address: 1",103,УЗ-3,.html,Контроль доступа + Сверка
page_467.html,Выгрузки\Сайты\page_467.html,"standard_fio: 514, standard_address: 12, payment_cvv: 9",535,УЗ-2,.html,AES-256 + RBAC + Аудит
page_471.html,Выгрузки\Сайты\page_471.html,"standard_fio: 151, payment_cvv: 4, special_health: 1",156,УЗ-1,.html,AES-256 + RBAC + Аудит
page_474.html,Выгрузки\Сайты\page_474.html,"standard_fio: 261, standard_address: 11, payment_cvv: 20, special_health: 10",302,УЗ-1,.html,AES-256 + RBAC + Аудит
page_472.html,Выгрузки\Сайты\page_472.html,"standard_fio: 278, standard_address: 5, payment_cvv: 17",300,УЗ-2,.html,AES-256 + RBAC + Аудит
page_473.html,Выгрузки\Сайты\page_473.html,"standard_fio: 316, standard_address: 2, payment_cvv: 9, special_health: 1",328,УЗ-1,.html,AES-256 + RBAC + Аудит
page_469.html,Выгрузки\Сайты\page_469.html,"standard_fio: 216, standard_address: 2, payment_cvv: 4, special_health: 2",224,УЗ-1,.html,AES-256 + RBAC + Аудит
page_475.html,Выгрузки\Сайты\page_475.html,"standard_fio: 6, payment_cvv: 2",8,УЗ-2,.html,AES-256 + RBAC + Аудит
page_48.html,Выгрузки\Сайты\page_48.html,"standard_fio: 80, standard_address: 1, payment_cvv: 2",83,УЗ-2,.html,AES-256 + RBAC + Аудит
page_476.html,Выгрузки\Сайты\page_476.html,"standard_fio: 156, standard_address: 3, payment_cvv: 2, special_health: 1",162,УЗ-1,.html,AES-256 + RBAC + Аудит
page_477.html,Выгрузки\Сайты\page_477.html,"standard_fio: 397, standard_address: 5",402,УЗ-3,.html,Контроль доступа + Сверка
page_479.html,Выгрузки\Сайты\page_479.html,"standard_fio: 458, standard_address: 6, payment_cvv: 10, special_health: 1",475,УЗ-1,.html,AES-256 + RBAC + Аудит
page_478.html,Выгрузки\Сайты\page_478.html,"standard_fio: 186, standard_address: 1, payment_cvv: 2, special_health: 1",190,УЗ-1,.html,AES-256 + RBAC + Аудит
page_481.html,Выгрузки\Сайты\page_481.html,"standard_fio: 490, standard_address: 13, special_health: 2",505,УЗ-1,.html,AES-256 + RBAC + Аудит
page_482.html,Выгрузки\Сайты\page_482.html,"standard_fio: 6, payment_cvv: 2",8,УЗ-2,.html,AES-256 + RBAC + Аудит
page_484.html,Выгрузки\Сайты\page_484.html,"standard_fio: 23, standard_address: 1",24,УЗ-4,.html,Контроль доступа + Сверка
page_480.html,Выгрузки\Сайты\page_480.html,"standard_fio: 208, standard_address: 4, payment_cvv: 3, special_health: 1",216,УЗ-1,.html,AES-256 + RBAC + Аудит
page_50.html,Выгрузки\Сайты\page_50.html,"standard_email: 5, payment_cvv: 2",7,УЗ-2,.html,AES-256 + RBAC + Аудит
page_486.html,Выгрузки\Сайты\page_486.html,"standard_fio: 462, standard_dob: 4, standard_address: 4, payment_cvv: 3, special_health: 1",474,УЗ-1,.html,AES-256 + RBAC + Аудит
page_483.html,Выгрузки\Сайты\page_483.html,"standard_fio: 140, standard_address: 1, payment_cvv: 2, special_health: 1",144,УЗ-1,.html,AES-256 + RBAC + Аудит
page_5.html,Выгрузки\Сайты\page_5.html,"standard_fio: 40, payment_cvv: 3",43,УЗ-2,.html,AES-256 + RBAC + Аудит
page_49.html,Выгрузки\Сайты\page_49.html,"standard_fio: 189, standard_address: 7, payment_cvv: 6",202,УЗ-2,.html,AES-256 + RBAC + Аудит
page_485.html,Выгрузки\Сайты\page_485.html,"standard_fio: 121, standard_address: 1, payment_cvv: 2, special_health: 1",125,УЗ-1,.html,AES-256 + RBAC + Аудит
page_51.html,Выгрузки\Сайты\page_51.html,"standard_fio: 59, payment_cvv: 6",65,УЗ-2,.html,AES-256 + RBAC + Аудит
page_53.html,Выгрузки\Сайты\page_53.html,"standard_fio: 107, standard_email: 1, standard_address: 3, payment_cvv: 5",116,УЗ-2,.html,AES-256 + RBAC + Аудит
page_56.html,Выгрузки\Сайты\page_56.html,"standard_dob: 1, payment_cvv: 4",5,УЗ-2,.html,AES-256 + RBAC + Аудит
page_57.html,Выгрузки\Сайты\page_57.html,"standard_fio: 45, standard_email: 1, standard_dob: 1, payment_cvv: 2, special_health: 2",51,УЗ-1,.html,AES-256 + RBAC + Аудит
page_52.html,Выгрузки\Сайты\page_52.html,"standard_fio: 97, standard_address: 1, payment_cvv: 2",100,УЗ-2,.html,AES-256 + RBAC + Аудит
page_58.html,Выгрузки\Сайты\page_58.html,payment_cvv: 2,2,УЗ-2,.html,AES-256 + RBAC + Аудит
page_54.html,Выгрузки\Сайты\page_54.html,"standard_fio: 198, standard_address: 5, payment_cvv: 4",207,УЗ-2,.html,AES-256 + RBAC + Аудит
page_55.html,Выгрузки\Сайты\page_55.html,"standard_fio: 239, standard_address: 4, payment_cvv: 1, biometric: 1",245,УЗ-1,.html,AES-256 + RBAC + Аудит
page_60.html,Выгрузки\Сайты\page_60.html,standard_fio: 3,3,УЗ-4,.html,Контроль доступа + Сверка
page_61.html,Выгрузки\Сайты\page_61.html,standard_fio: 5,5,УЗ-4,.html,Контроль доступа + Сверка
page_59.html,Выгрузки\Сайты\page_59.html,payment_cvv: 2,2,УЗ-2,.html,AES-256 + RBAC + Аудит
page_64.html,Выгрузки\Сайты\page_64.html,standard_fio: 3,3,УЗ-4,.html,Контроль доступа + Сверка
page_66.html,Выгрузки\Сайты\page_66.html,standard_fio: 5,5,УЗ-4,.html,Контроль доступа + Сверка
page_67.html,Выгрузки\Сайты\page_67.html,standard_fio: 5,5,УЗ-4,.html,Контроль доступа + Сверка
page_6.html,Выгрузки\Сайты\page_6.html,payment_cvv: 2,2,УЗ-2,.html,AES-256 + RBAC + Аудит
page_68.html,Выгрузки\Сайты\page_68.html,standard_fio: 5,5,УЗ-4,.html,Контроль доступа + Сверка
page_63.html,Выгрузки\Сайты\page_63.html,payment_cvv: 2,2,УЗ-2,.html,AES-256 + RBAC + Аудит
page_74.html,Выгрузки\Сайты\page_74.html,standard_fio: 5,5,УЗ-4,.html,Контроль доступа + Сверка
page_75.html,Выгрузки\Сайты\page_75.html,standard_fio: 1,1,УЗ-4,.html,Контроль доступа + Сверка
page_65.html,Выгрузки\Сайты\page_65.html,payment_cvv: 2,2,УЗ-2,.html,AES-256 + RBAC + Аудит
page_80.html,Выгрузки\Сайты\page_80.html,standard_fio: 5,5,УЗ-4,.html,Контроль доступа + Сверка
page_70.html,Выгрузки\Сайты\page_70.html,payment_cvv: 2,2,УЗ-2,.html,AES-256 + RBAC + Аудит
page_69.html,Выгрузки\Сайты\page_69.html,"standard_fio: 27, payment_cvv: 2",29,УЗ-2,.html,AES-256 + RBAC + Аудит
page_72.html,Выгрузки\Сайты\page_72.html,"standard_fio: 27, payment_cvv: 2",29,УЗ-2,.html,AES-256 + RBAC + Аудит
page_79.html,Выгрузки\Сайты\page_79.html,standard_fio: 3,3,УЗ-4,.html,Контроль доступа + Сверка
page_77.html,Выгрузки\Сайты\page_77.html,payment_cvv: 2,2,УЗ-2,.html,AES-256 + RBAC + Аудит
page_78.html,Выгрузки\Сайты\page_78.html,payment_cvv: 2,2,УЗ-2,.html,AES-256 + RBAC + Аудит
page_83.html,Выгрузки\Сайты\page_83.html,payment_cvv: 2,2,УЗ-2,.html,AES-256 + RBAC + Аудит
page_9.html,Выгрузки\Сайты\page_9.html,standard_fio: 5,5,УЗ-4,.html,Контроль доступа + Сверка
page_84.html,Выгрузки\Сайты\page_84.html,payment_cvv: 2,2,УЗ-2,.html,AES-256 + RBAC + Аудит
page_82.html,Выгрузки\Сайты\page_82.html,payment_cvv: 2,2,УЗ-2,.html,AES-256 + RBAC + Аудит
page_86.html,Выгрузки\Сайты\page_86.html,payment_cvv: 2,2,УЗ-2,.html,AES-256 + RBAC + Аудит
page_85.html,Выгрузки\Сайты\page_85.html,payment_cvv: 2,2,УЗ-2,.html,AES-256 + RBAC + Аудит
page_91.html,Выгрузки\Сайты\page_91.html,standard_fio: 3,3,УЗ-4,.html,Контроль доступа + Сверка
page_92.html,Выгрузки\Сайты\page_92.html,standard_fio: 5,5,УЗ-4,.html,Контроль доступа + Сверка
page_89.html,Выгрузки\Сайты\page_89.html,payment_cvv: 2,2,УЗ-2,.html,AES-256 + RBAC + Аудит
page_90.html,Выгрузки\Сайты\page_90.html,payment_cvv: 2,2,УЗ-2,.html,AES-256 + RBAC + Аудит
page_98.html,Выгрузки\Сайты\page_98.html,standard_fio: 5,5,УЗ-4,.html,Контроль доступа + Сверка
page_97.html,Выгрузки\Сайты\page_97.html,standard_fio: 3,3,УЗ-4,.html,Контроль доступа + Сверка
page_95.html,Выгрузки\Сайты\page_95.html,"standard_fio: 6, payment_cvv: 2",8,УЗ-2,.html,AES-256 + RBAC + Аудит
page_96.html,Выгрузки\Сайты\page_96.html,payment_cvv: 2,2,УЗ-2,.html,AES-256 + RBAC + Аудит
page_94.html,Выгрузки\Сайты\page_94.html,payment_cvv: 2,2,УЗ-2,.html,AES-256 + RBAC + Аудит
mcs2025-rare-earths.pdf,Выгрузки\Сайты\Доки\mcs2025-rare-earths.pdf,"standard_email: 1, payment_cvv: 124",125,УЗ-2,.pdf,AES-256 + RBAC + Аудит
Paulzovatelskoe_soglashenie_PAOSPB.pdf,Выгрузки\Сайты\Доки\Paulzovatelskoe_soglashenie_PAOSPB.pdf,"standard_fio: 204, standard_email: 1, standard_dob: 1, payment_cvv: 4",210,УЗ-2,.pdf,AES-256 + RBAC + Аудит
preprint-frn-2023-critical-materials-list.pdf,Выгрузки\Сайты\Доки\preprint-frn-2023-critical-materials-list.pdf,"standard_email: 1, payment_cvv: 5",6,УЗ-2,.pdf,AES-256 + RBAC + Аудит
price-list.pdf,Выгрузки\Сайты\Доки\price-list.pdf,"standard_fio: 9, standard_phone: 1, standard_email: 1, standard_dob: 1, payment_cvv: 10",22,УЗ-2,.pdf,AES-256 + RBAC + Аудит
HEAD%204q2024%20release%20050324.pdf,Выгрузки\Сайты\Доки\HEAD%204q2024%20release%20050324.pdf,"standard_fio: 735, standard_phone: 2, standard_address: 35, payment_cvv: 949, special_health: 1",1722,УЗ-1,.pdf,AES-256 + RBAC + Аудит
Privacy_policy_upd.pdf,Выгрузки\Сайты\Доки\Privacy_policy_upd.pdf,"standard_fio: 327, standard_email: 1, standard_dob: 1, standard_address: 3, state_passport: 3, state_inn: 3, payment_cvv: 1",339,УЗ-2,.pdf,AES-256 + RBAC + Аудит
GlobalCriticalMineralsOutlook2024.pdf,Выгрузки\Сайты\Доки\GlobalCriticalMineralsOutlook2024.pdf,payment_cvv: 130,130,УЗ-2,.pdf,AES-256 + RBAC + Аудит
20240306_fin_result_2023.pdf,Выгрузки\Сайты\Доки\20240306_fin_result_2023.pdf,"standard_fio: 1052, standard_address: 46, payment_cvv: 1100, special_health: 1",2199,УЗ-1,.pdf,AES-256 + RBAC + Аудит
subscribe_rules.pdf,Выгрузки\Сайты\Доки\subscribe_rules.pdf,"standard_fio: 64, standard_email: 1",65,УЗ-4,.pdf,Контроль доступа + Сверка
plan.json,Выгрузки\дочерние предприятия\Billing\plan.json,payment_cvv: 4,4,УЗ-2,.json,AES-256 + RBAC + Аудит
COMPS-1071.pdf,Выгрузки\Сайты\Доки\COMPS-1071.pdf,payment_cvv: 344,344,УЗ-2,.pdf,AES-256 + RBAC + Аудит
rbc.pdf,Выгрузки\Сайты\Доки\rbc.pdf,"standard_fio: 357, standard_email: 1, standard_dob: 4, payment_cvv: 11",373,УЗ-2,.pdf,AES-256 + RBAC + Аудит
pril1_14112652.pdf,Выгрузки\Сайты\Доки\pril1_14112652.pdf,"standard_fio: 32, standard_address: 1, special_health: 2",35,УЗ-1,.pdf,AES-256 + RBAC + Аудит
customers.csv,Выгрузки\дочерние предприятия\Billing\full\customers.csv,"standard_fio: 4849, standard_address: 485, payment_cvv: 900",6234,УЗ-2,.csv,AES-256 + RBAC + Аудит
products.csv,Выгрузки\дочерние предприятия\Billing\full\products.csv,"standard_fio: 294, payment_cvv: 741",1035,УЗ-2,.csv,AES-256 + RBAC + Аудит
stores.csv,Выгрузки\дочерние предприятия\Billing\full\stores.csv,"standard_fio: 9, standard_address: 1",10,УЗ-4,.csv,Контроль доступа + Сверка
Terms_of_service_upd.pdf,Выгрузки\Сайты\Доки\Terms_of_service_upd.pdf,"standard_fio: 604, standard_email: 2, standard_dob: 1, standard_address: 3, state_passport: 2, state_inn: 2, payment_cvv: 1, special_health: 2",617,УЗ-1,.pdf,AES-256 + RBAC + Аудит
sales.csv,Выгрузки\дочерние предприятия\Billing\full\sales.csv,payment_cvv: 21989,21989,УЗ-2,.csv,AES-256 + RBAC + Аудит
FCC-12-9A1.pdf,Выгрузки\Сайты\Доки\FCC-12-9A1.pdf,"state_passport: 1, state_inn: 1, payment_cvv: 422",424,УЗ-2,.pdf,AES-256 + RBAC + Аудит
logistics.csv,Выгрузки\дочерние предприятия\Billing\full\logistics.csv,"standard_fio: 125, standard_phone: 1, standard_address: 18274, payment_cvv: 38315",56715,УЗ-2,.csv,AES-256 + RBAC + Аудит
subscribers.csv,Выгрузки\дочерние предприятия\Billing\subscribers.csv,"standard_phone: 830, state_inn: 358",1188,УЗ-2,.csv,AES-256 + RBAC + Аудит
ok_history_new.pdf,Документы партнеров\ok_history_new.pdf,"standard_fio: 200, standard_address: 3, payment_cvv: 10",213,УЗ-2,.pdf,AES-256 + RBAC + Аудит
politika_konfidencialnosti.pdf,Документы партнеров\politika_konfidencialnosti.pdf,"standard_fio: 181, standard_address: 1, state_passport: 1, state_inn: 1, payment_cvv: 2",186,УЗ-2,.pdf,AES-256 + RBAC + Аудит
agreement_reg.pdf,Документы партнеров\agreement_reg.pdf,"standard_fio: 252, standard_email: 1, standard_address: 2",255,УЗ-3,.pdf,Контроль доступа + Сверка
agreement_reg_extra.pdf,Документы партнеров\agreement_reg_extra.pdf,"standard_fio: 413, standard_email: 1, standard_address: 4, payment_cvv: 1",419,УЗ-2,.pdf,AES-256 + RBAC + Аудит
capsula_instruction.pdf,Документы партнеров\capsula_instruction.pdf,"standard_fio: 154, standard_phone: 1, standard_address: 1, payment_cvv: 10",166,УЗ-2,.pdf,AES-256 + RBAC + Аудит
version-300824.pdf,Документы партнеров\version-300824.pdf,"standard_fio: 181, standard_email: 2, standard_address: 5",188,УЗ-3,.pdf,Контроль доступа + Сверка
VKCT_Soglashenie_ob_informacionnom_vzaimodeistvii.pdf,Документы партнеров\VKCT_Soglashenie_ob_informacionnom_vzaimodeistvii.pdf,"standard_fio: 156, standard_address: 1, payment_cvv: 1",158,УЗ-2,.pdf,AES-256 + RBAC + Аудит
VK_Soglashenie_ob_informacionnom_vzaimodeistvii.pdf,Документы партнеров\VK_Soglashenie_ob_informacionnom_vzaimodeistvii.pdf,"standard_fio: 155, standard_address: 1, payment_cvv: 1",157,УЗ-2,.pdf,AES-256 + RBAC + Аудит
rules.pdf,Документы партнеров\rules.pdf,"standard_fio: 514, standard_phone: 1, standard_email: 4, standard_dob: 1, standard_address: 9, state_passport: 1, state_inn: 1, payment_cvv: 4, special_health: 1",536,УЗ-1,.pdf,AES-256 + RBAC + Аудит
google_privacy_policy_en.pdf,Документы партнеров\google_privacy_policy_en.pdf,payment_cvv: 5,5,УЗ-2,.pdf,AES-256 + RBAC + Аудит
Sport24_Mediakit_2024.pdf,Документы партнеров\Sport24_Mediakit_2024.pdf,"standard_fio: 108, standard_email: 1, standard_address: 1, payment_cvv: 9, special_health: 1",120,УЗ-1,.pdf,AES-256 + RBAC + Аудит
google_terms_of_service_en.pdf,Документы партнеров\google_terms_of_service_en.pdf,payment_cvv: 2,2,УЗ-2,.pdf,AES-256 + RBAC + Аудит
version-090924.pdf,Документы партнеров\version-090924.pdf,"standard_fio: 490, standard_phone: 2, standard_email: 2, standard_dob: 2, standard_address: 4, state_passport: 9, state_inn: 9, payment_cvv: 3, special_health: 1",522,УЗ-1,.pdf,AES-256 + RBAC + Аудит
capsula_neo_instruction.pdf,Документы партнеров\capsula_neo_instruction.pdf,"standard_fio: 208, standard_phone: 1, standard_address: 1, payment_cvv: 3",213,УЗ-2,.pdf,AES-256 + RBAC + Аудит
%D0%90%D0%BD%D0%BD%D0%BE%D1%82%D0%B0%D1%86%D0%B8%D1%8F%20%D0%90%D0%9F%D0%A6%D0%9F%D0%B8%D0%A6%D0%AD.pdf,Прочее\%D0%90%D0%BD%D0%BD%D0%BE%D1%82%D0%B0%D1%86%D0%B8%D1%8F%20%D0%90%D0%9F%D0%A6%D0%9F%D0%B8%D0%A6%D0%AD.pdf,"standard_email: 2, payment_cvv: 6",8,УЗ-2,.pdf,AES-256 + RBAC + Аудит
%D0%91%D1%83%D1%85%D0%B3%D0%B0%D0%BB%D1%82%D0%B5%D1%80.pdf,Прочее\%D0%91%D1%83%D1%85%D0%B3%D0%B0%D0%BB%D1%82%D0%B5%D1%80.pdf,"standard_fio: 34, standard_address: 1, payment_cvv: 1, special_health: 1",37,УЗ-1,.pdf,AES-256 + RBAC + Аудит
%D0%94%D0%BB%D1%8F%20%D1%81%D0%B0%D0%B9%D1%82%D0%B0%20%D0%A1%D1%80%D0%B5%D0%B4%D0%BD%D0%B8%D0%B9%20%D0%B1%D0%B0%D0%BB%D0%BB%20%D0%B8%20%D0%95%D0%93%D0%AD%202021_22.pdf,Прочее\%D0%94%D0%BB%D1%8F%20%D1%81%D0%B0%D0%B9%D1%82%D0%B0%20%D0%A1%D1%80%D0%B5%D0%B4%D0%BD%D0%B8%D0%B9%20%D0%B1%D0%B0%D0%BB%D0%BB%20%D0%B8%20%D0%95%D0%93%D0%AD%202021_22.pdf,"standard_fio: 48, payment_cvv: 28",76,УЗ-2,.pdf,AES-256 + RBAC + Аудит
%D0%98%D0%BD%D1%81%D1%82%D1%80%D1%83%D0%BA%D1%86%D0%B8%D1%8F_%D0%93%D0%BE%D1%81%D1%83%D1%81%D0%BB%D1%83%D0%B3%D0%B8.pdf,Прочее\%D0%98%D0%BD%D1%81%D1%82%D1%80%D1%83%D0%BA%D1%86%D0%B8%D1%8F_%D0%93%D0%BE%D1%81%D1%83%D1%81%D0%BB%D1%83%D0%B3%D0%B8.pdf,"standard_fio: 28, special_health: 2",30,УЗ-1,.pdf,AES-256 + RBAC + Аудит
%D0%90%D1%80%D1%82%D0%B5%D0%BC%20%D0%A8%D0%B0%D0%B4%D1%80%D0%B8%D0%BD.pdf,Прочее\%D0%90%D1%80%D1%82%D0%B5%D0%BC%20%D0%A8%D0%B0%D0%B4%D1%80%D0%B8%D0%BD.pdf,"standard_fio: 230, standard_address: 8, special_health: 3",241,УЗ-1,.pdf,AES-256 + RBAC + Аудит
%D0%9E%D1%82%D1%87%D0%B5%D1%82%20%D0%BE%20%D0%BA%D0%BE%D0%BC%D0%B0%D0%BD%D0%B4%D0%B8%D1%80%D0%BE%D0%B2%D0%BA%D0%B5.docx,Прочее\%D0%9E%D1%82%D1%87%D0%B5%D1%82%20%D0%BE%20%D0%BA%D0%BE%D0%BC%D0%B0%D0%BD%D0%B4%D0%B8%D1%80%D0%BE%D0%B2%D0%BA%D0%B5.docx,"standard_fio: 5, standard_address: 3",8,УЗ-4,.docx,Контроль доступа + Сверка
%D0%98%D0%BD%D1%81%D1%82%D1%80%D1%83%D0%BA%D1%86%D0%B8%D1%8F_%D0%9C%D0%A4%D0%A6.pdf,Прочее\%D0%98%D0%BD%D1%81%D1%82%D1%80%D1%83%D0%BA%D1%86%D0%B8%D1%8F_%D0%9C%D0%A4%D0%A6.pdf,"standard_fio: 56, standard_phone: 3, payment_cvv: 6, special_health: 2",67,УЗ-1,.pdf,AES-256 + RBAC + Аудит
%D0%9E%D0%B1%D1%8A%D0%B5%D0%BA%D1%82%D1%8B_%D0%B2%D0%BE%D1%81%D0%BF%D0%B8%D1%82%D0%B0%D0%BD%D0%B8%D1%8F.pdf,Прочее\%D0%9E%D0%B1%D1%8A%D0%B5%D0%BA%D1%82%D1%8B_%D0%B2%D0%BE%D1%81%D0%BF%D0%B8%D1%82%D0%B0%D0%BD%D0%B8%D1%8F.pdf,"standard_fio: 6, standard_address: 14, payment_cvv: 27",47,УЗ-2,.pdf,AES-256 + RBAC + Аудит
%D0%9F%D0%90%D0%9C%D0%AF%D0%A2%D0%9A%D0%90%20%D0%B4%D0%BB%D1%8F%20%D0%BF%D1%80%D0%B8%D0%B5%D0%B7%D0%B6%D0%B0%D1%8E%D1%89%D0%B8%D1%85%202025.pdf,Прочее\%D0%9F%D0%90%D0%9C%D0%AF%D0%A2%D0%9A%D0%90%20%D0%B4%D0%BB%D1%8F%20%D0%BF%D1%80%D0%B8%D0%B5%D0%B7%D0%B6%D0%B0%D1%8E%D1%89%D0%B8%D1%85%202025.pdf,"standard_fio: 122, standard_phone: 4, standard_email: 4, standard_dob: 2, standard_address: 17, payment_cvv: 16, special_health: 2",167,УЗ-1,.pdf,AES-256 + RBAC + Аудит
%D0%9C%D0%B5%D1%80%D0%BE%D0%BF%D1%80%D0%B8%D1%8F%D1%82%D0%B8%D1%8F_%D0%9D%D0%90%D0%9C_%D0%B2%D0%B5%D1%81%D0%BD%D0%B0_2022.pdf,Прочее\%D0%9C%D0%B5%D1%80%D0%BE%D0%BF%D1%80%D0%B8%D1%8F%D1%82%D0%B8%D1%8F_%D0%9D%D0%90%D0%9C_%D0%B2%D0%B5%D1%81%D0%BD%D0%B0_2022.pdf,"standard_fio: 77, standard_dob: 21, standard_address: 13, state_passport: 1, state_inn: 1, payment_cvv: 12",125,УЗ-2,.pdf,AES-256 + RBAC + Аудит
%D0%9F%D0%A4%D0%A5%D0%94%202022%20%20%20%D0%B8%D0%B7%D0%BC%2001%20%D1%81%20%D0%BE%D1%82%D1%82%D0%B8%D1%81%D0%BA%D0%BE%D0%BC.pdf,Прочее\%D0%9F%D0%A4%D0%A5%D0%94%202022%20%20%20%D0%B8%D0%B7%D0%BC%2001%20%D1%81%20%D0%BE%D1%82%D1%82%D0%B8%D1%81%D0%BA%D0%BE%D0%BC.pdf,"standard_fio: 239, standard_phone: 1, standard_dob: 2, standard_address: 10, state_passport: 1, state_inn: 1, payment_cvv: 443",697,УЗ-2,.pdf,AES-256 + RBAC + Аудит
%D0%9F%D0%A4%D0%A5%D0%94%202022%20%20%20%D0%B8%D0%B7%D0%BC%2002%20%D1%81%20%D0%BE%D1%82%D1%82%D0%B8%D1%81%D0%BA%D0%BE%D0%BC.pdf,Прочее\%D0%9F%D0%A4%D0%A5%D0%94%202022%20%20%20%D0%B8%D0%B7%D0%BC%2002%20%D1%81%20%D0%BE%D1%82%D1%82%D0%B8%D1%81%D0%BA%D0%BE%D0%BC.pdf,"standard_fio: 239, standard_phone: 1, standard_dob: 2, standard_address: 10, state_passport: 1, state_inn: 1, payment_cvv: 462",716,УЗ-2,.pdf,AES-256 + RBAC + Аудит
%D0%9F%D0%A3%D0%91%D0%9B%D0%98%D0%A7%D0%9D%D0%AB%D0%99%20%D0%9E%D0%A2%D0%A7%D0%81%D0%A2%20%D0%A2%D0%9A%20%D0%AE%D0%A4%D0%A3%202020_0.pdf,Прочее\%D0%9F%D0%A3%D0%91%D0%9B%D0%98%D0%A7%D0%9D%D0%AB%D0%99%20%D0%9E%D0%A2%D0%A7%D0%81%D0%A2%20%D0%A2%D0%9A%20%D0%AE%D0%A4%D0%A3%202020_0.pdf,"standard_fio: 542, standard_phone: 4, standard_email: 1, standard_dob: 8, standard_address: 9, state_inn: 1, payment_cvv: 42",607,УЗ-2,.pdf,AES-256 + RBAC + Аудит
%D0%9F%D1%80%D0%B8%D0%BA%D0%B0%D0%B7%20N906.pdf,Прочее\%D0%9F%D1%80%D0%B8%D0%BA%D0%B0%D0%B7%20N906.pdf,payment_cvv: 9,9,УЗ-2,.pdf,AES-256 + RBAC + Аудит
%D0%9F%D0%A4%D0%A5%D0%94%202022%20%20%20%D0%B8%D1%81%D1%85%D0%BE%D0%B4%D0%BD%D1%8B%D0%B9%20%D1%81%20%D0%BE%D1%82%D1%82%D0%B8%D1%81%D0%BA%D0%BE%D0%BC.pdf,Прочее\%D0%9F%D0%A4%D0%A5%D0%94%202022%20%20%20%D0%B8%D1%81%D1%85%D0%BE%D0%B4%D0%BD%D1%8B%D0%B9%20%D1%81%20%D0%BE%D1%82%D1%82%D0%B8%D1%81%D0%BA%D0%BE%D0%BC.pdf,"standard_fio: 239, standard_phone: 1, standard_dob: 2, standard_address: 10, state_passport: 1, state_inn: 1, payment_cvv: 439",693,УЗ-2,.pdf,AES-256 + RBAC + Аудит
%D0%9F%D0%A0%D0%9E%D0%93%D0%A0%D0%90%D0%9C%D0%9C%D0%90%20%D0%9C%D0%9D%D0%9F%D0%9A%20.pdf,Прочее\%D0%9F%D0%A0%D0%9E%D0%93%D0%A0%D0%90%D0%9C%D0%9C%D0%90%20%D0%9C%D0%9D%D0%9F%D0%9A%20.pdf,"standard_fio: 785, standard_phone: 1, standard_email: 1, standard_address: 158, payment_cvv: 4, special_health: 5",954,УЗ-1,.pdf,AES-256 + RBAC + Аудит
%D0%9F%D0%A4%D0%A5%D0%94%202023%20%20%20%D0%B8%D1%81%D1%85%D0%BE%D0%B4%D0%BD%D1%8B%D0%B9%20%D1%81%20%D0%BE%D1%82%D1%82%D0%B8%D1%81%D0%BA%D0%BE%D0%BC.pdf,Прочее\%D0%9F%D0%A4%D0%A5%D0%94%202023%20%20%20%D0%B8%D1%81%D1%85%D0%BE%D0%B4%D0%BD%D1%8B%D0%B9%20%D1%81%20%D0%BE%D1%82%D1%82%D0%B8%D1%81%D0%BA%D0%BE%D0%BC.pdf,"standard_fio: 346, standard_phone: 1, standard_dob: 4, standard_address: 8, state_passport: 1, state_inn: 1, payment_cvv: 457",818,УЗ-2,.pdf,AES-256 + RBAC + Аудит
%D0%9F%D1%83%D0%B1%D0%BB%D0%B8%D1%87%D0%BD%D1%8B%D0%B9%20%D0%BE%D1%82%D1%87%D1%91%D1%82%202023.pdf,Прочее\%D0%9F%D1%83%D0%B1%D0%BB%D0%B8%D1%87%D0%BD%D1%8B%D0%B9%20%D0%BE%D1%82%D1%87%D1%91%D1%82%202023.pdf,"standard_fio: 143, standard_dob: 1, standard_address: 3, payment_cvv: 18",165,УЗ-2,.pdf,AES-256 + RBAC + Аудит
%D0%9F%D1%80%D0%B8%D0%BB%D0%BE%D0%B6%D0%B5%D0%BD%D0%B8%D0%B5%201.pdf,Прочее\%D0%9F%D1%80%D0%B8%D0%BB%D0%BE%D0%B6%D0%B5%D0%BD%D0%B8%D0%B5%201.pdf,payment_cvv: 5,5,УЗ-2,.pdf,AES-256 + RBAC + Аудит
%D0%9F15_%D0%9C%D0%A3%D0%90%D0%9C_%D0%A6%D0%9A.pdf,Прочее\%D0%9F15_%D0%9C%D0%A3%D0%90%D0%9C_%D0%A6%D0%9A.pdf,"standard_fio: 27, standard_address: 1",28,УЗ-4,.pdf,Контроль доступа + Сверка
%D0%9F%D1%83%D0%B1%D0%BB%D0%B8%D1%87%D0%BD%D1%8B%D0%B9%20%D0%BE%D1%82%D1%87%D1%91%D1%82%20%D0%A2%D0%9A%20%D0%AE%D0%A4%D0%A3.pdf,Прочее\%D0%9F%D1%83%D0%B1%D0%BB%D0%B8%D1%87%D0%BD%D1%8B%D0%B9%20%D0%BE%D1%82%D1%87%D1%91%D1%82%20%D0%A2%D0%9A%20%D0%AE%D0%A4%D0%A3.pdf,"standard_fio: 286, standard_dob: 6, standard_address: 1, payment_cvv: 196, special_health: 2",491,УЗ-1,.pdf,AES-256 + RBAC + Аудит
%D0%9F%D1%83%D0%B1%D0%BB%D0%B8%D1%87%D0%BD%D1%8B%D0%B9%20%D0%BE%D1%82%D1%87%D1%91%D1%82%202021.pdf,Прочее\%D0%9F%D1%83%D0%B1%D0%BB%D0%B8%D1%87%D0%BD%D1%8B%D0%B9%20%D0%BE%D1%82%D1%87%D1%91%D1%82%202021.pdf,"standard_fio: 292, standard_dob: 8, standard_address: 2, payment_cvv: 178, special_health: 2",482,УЗ-1,.pdf,AES-256 + RBAC + Аудит
%D0%9F1631_%D0%9E%D0%9F%20%D0%B8%20%D0%BF%D1%80%D0%BE%D0%B3%D1%80%D0%B0%D0%BC%D0%BC%D0%B0%20%D0%B2%D0%BE%D1%81%D0%BF%D0%B8%D1%82%D0%B0%D0%BD%D0%B8%D1%8F.pdf,Прочее\%D0%9F1631_%D0%9E%D0%9F%20%D0%B8%20%D0%BF%D1%80%D0%BE%D0%B3%D1%80%D0%B0%D0%BC%D0%BC%D0%B0%20%D0%B2%D0%BE%D1%81%D0%BF%D0%B8%D1%82%D0%B0%D0%BD%D0%B8%D1%8F.pdf,"standard_fio: 25, standard_dob: 3, standard_address: 1, payment_cvv: 2",31,УЗ-2,.pdf,AES-256 + RBAC + Аудит
%D0%9F112-%D0%9E%D0%94_%D0%9F%D1%80%D0%BE%D0%B3%D1%80%D0%B0%D0%BC%D0%BC%D0%B0%20%D0%B2%D0%BE%D1%81%D0%BF%D0%B8%D1%82%D0%B0%D0%BD%D0%B8%D1%8F.pdf,Прочее\%D0%9F112-%D0%9E%D0%94_%D0%9F%D1%80%D0%BE%D0%B3%D1%80%D0%B0%D0%BC%D0%BC%D0%B0%20%D0%B2%D0%BE%D1%81%D0%BF%D0%B8%D1%82%D0%B0%D0%BD%D0%B8%D1%8F.pdf,"standard_fio: 700, standard_dob: 14, standard_address: 7, payment_cvv: 10, special_health: 3",734,УЗ-1,.pdf,AES-256 + RBAC + Аудит
%D0%A0%D0%90%D0%A1%D0%9F1035-%D1%80%20HR.pdf,Прочее\%D0%A0%D0%90%D0%A1%D0%9F1035-%D1%80%20HR.pdf,"standard_fio: 39, standard_address: 1",40,УЗ-4,.pdf,Контроль доступа + Сверка
%D0%A0%D0%90%D0%A1_127-%D1%80%20%D0%90%D1%81%D1%81%D0%BE%D1%86%D0%B8%D0%B0%D1%86%D0%B8%D1%8F.pdf,Прочее\%D0%A0%D0%90%D0%A1_127-%D1%80%20%D0%90%D1%81%D1%81%D0%BE%D1%86%D0%B8%D0%B0%D1%86%D0%B8%D1%8F.pdf,"standard_fio: 21, standard_address: 3, payment_cvv: 3",27,УЗ-2,.pdf,AES-256 + RBAC + Аудит
%D0%9F336-%D0%9E%D0%94_05.12.2022_%20%D0%A1%D1%82%D0%B0%D0%BD%D0%B4%D0%B0%D1%80%D1%82%20%D0%AE%D0%A4%D0%A3_10.05.04.pdf,Прочее\%D0%9F336-%D0%9E%D0%94_05.12.2022_%20%D0%A1%D1%82%D0%B0%D0%BD%D0%B4%D0%B0%D1%80%D1%82%20%D0%AE%D0%A4%D0%A3_10.05.04.pdf,"standard_fio: 209, payment_cvv: 4, special_health: 2",215,УЗ-1,.pdf,AES-256 + RBAC + Аудит
%D0%A0%D0%90%D0%A1_128-%D0%A0%20%D0%97%D0%B0%D0%BA%D1%80%D1%8B%D1%82%D0%B8%D0%B5%20%D0%A8%D0%9C%D0%91%203.0.pdf,Прочее\%D0%A0%D0%90%D0%A1_128-%D0%A0%20%D0%97%D0%B0%D0%BA%D1%80%D1%8B%D1%82%D0%B8%D0%B5%20%D0%A8%D0%9C%D0%91%203.0.pdf,"standard_fio: 58, standard_address: 2, payment_cvv: 1",61,УЗ-2,.pdf,AES-256 + RBAC + Аудит
%D0%A0%D0%90%D0%A1_1338-%D0%A0%20%D0%9A%D1%80%20%D1%81%D1%82%D0%BE%D0%BB%20%D0%94%D0%9D%D0%9A.pdf,Прочее\%D0%A0%D0%90%D0%A1_1338-%D0%A0%20%D0%9A%D1%80%20%D1%81%D1%82%D0%BE%D0%BB%20%D0%94%D0%9D%D0%9A.pdf,"standard_fio: 72, standard_address: 1, payment_cvv: 1",74,УЗ-2,.pdf,AES-256 + RBAC + Аудит
%D0%A0%D0%90%D0%A1_142-%D1%80%20(1).pdf,Прочее\%D0%A0%D0%90%D0%A1_142-%D1%80%20(1).pdf,"standard_fio: 18, standard_address: 1, payment_cvv: 1",20,УЗ-2,.pdf,AES-256 + RBAC + Аудит
%D0%A0%D0%90%D0%A1_143-%D1%80.pdf,Прочее\%D0%A0%D0%90%D0%A1_143-%D1%80.pdf,"standard_fio: 68, standard_dob: 1, standard_address: 1, payment_cvv: 4",74,УЗ-2,.pdf,AES-256 + RBAC + Аудит
%D0%A0%D0%90%D0%A1_152-%D1%80.pdf,Прочее\%D0%A0%D0%90%D0%A1_152-%D1%80.pdf,"standard_fio: 24, standard_address: 1, payment_cvv: 1",26,УЗ-2,.pdf,AES-256 + RBAC + Аудит
%D0%A0%D0%90%D0%A1_153-%D0%A0.pdf,Прочее\%D0%A0%D0%90%D0%A1_153-%D0%A0.pdf,"standard_fio: 21, standard_address: 2, payment_cvv: 2",25,УЗ-2,.pdf,AES-256 + RBAC + Аудит
%D0%A0%D0%90%D0%A1_1532-%D1%80.pdf,Прочее\%D0%A0%D0%90%D0%A1_1532-%D1%80.pdf,"standard_fio: 22, standard_dob: 1, standard_address: 2",25,УЗ-4,.pdf,Контроль доступа + Сверка
%D0%A0%D0%90%D0%A1_146-%D1%80.pdf,Прочее\%D0%A0%D0%90%D0%A1_146-%D1%80.pdf,"standard_fio: 158, standard_email: 1, standard_address: 9, payment_cvv: 13, special_health: 4",185,УЗ-1,.pdf,AES-256 + RBAC + Аудит
%D0%A0%D0%90%D0%A1_263-%D1%80%2015.03.pdf,Прочее\%D0%A0%D0%90%D0%A1_263-%D1%80%2015.03.pdf,"standard_fio: 27, standard_address: 3, payment_cvv: 1",31,УЗ-2,.pdf,AES-256 + RBAC + Аудит
%D0%A0%D0%90%D0%A1_264-%D1%80%20HR%20%D0%BA%D0%BB%D1%83%D0%B1%2014.03.pdf,Прочее\%D0%A0%D0%90%D0%A1_264-%D1%80%20HR%20%D0%BA%D0%BB%D1%83%D0%B1%2014.03.pdf,"standard_fio: 41, standard_address: 4, payment_cvv: 1",46,УЗ-2,.pdf,AES-256 + RBAC + Аудит
%D0%A0%D0%90%D0%A1_303-%D1%80.pdf,Прочее\%D0%A0%D0%90%D0%A1_303-%D1%80.pdf,"standard_fio: 24, standard_dob: 3, standard_address: 2, payment_cvv: 1",30,УЗ-2,.pdf,AES-256 + RBAC + Аудит
%D0%9F%D0%9F_2025_19.01.2025_%D0%B8%D1%82%D0%BE%D0%B31.pdf,Прочее\%D0%9F%D0%9F_2025_19.01.2025_%D0%B8%D1%82%D0%BE%D0%B31.pdf,"standard_fio: 2975, standard_phone: 16, standard_email: 3, standard_dob: 4, standard_address: 9, payment_cvv: 179, special_health: 6",3192,УЗ-1,.pdf,AES-256 + RBAC + Аудит
%D0%A0%D0%90%D0%A1_546-%D1%80.pdf,Прочее\%D0%A0%D0%90%D0%A1_546-%D1%80.pdf,"standard_fio: 23, standard_address: 3, payment_cvv: 2",28,УЗ-2,.pdf,AES-256 + RBAC + Аудит
%D0%9F320-%D0%9E%D0%94_%D0%9F%D1%80%D0%BE%D1%84%D0%BE%D0%B1%D1%83%D1%87%D0%B5%D0%BD%D0%B8%D0%B5_%D0%AE%D0%A4%D0%A3.pdf,Прочее\%D0%9F320-%D0%9E%D0%94_%D0%9F%D1%80%D0%BE%D1%84%D0%BE%D0%B1%D1%83%D1%87%D0%B5%D0%BD%D0%B8%D0%B5_%D0%AE%D0%A4%D0%A3.pdf,"standard_fio: 779, standard_dob: 1, standard_address: 5, special_health: 1",786,УЗ-1,.pdf,AES-256 + RBAC + Аудит
%D0%A0%D0%90%D0%A1_419-%D1%80%20%D0%B4%D0%B5%D0%BD%D1%8C%20%D0%B2%D1%8B%D0%BF%D1%83%D1%81%D0%BA%D0%BD%D0%B8%D0%BA%D0%B0.pdf,Прочее\%D0%A0%D0%90%D0%A1_419-%D1%80%20%D0%B4%D0%B5%D0%BD%D1%8C%20%D0%B2%D1%8B%D0%BF%D1%83%D1%81%D0%BA%D0%BD%D0%B8%D0%BA%D0%B0.pdf,"standard_fio: 94, standard_email: 1, standard_address: 1, payment_cvv: 1",97,УЗ-2,.pdf,AES-256 + RBAC + Аудит
%D0%A0%D0%90%D0%A1_669-%D1%80.pdf,Прочее\%D0%A0%D0%90%D0%A1_669-%D1%80.pdf,"standard_fio: 26, standard_address: 1, payment_cvv: 1",28,УЗ-2,.pdf,AES-256 + RBAC + Аудит
%D0%A0%D0%90%D0%A1_766-%D1%80.pdf,Прочее\%D0%A0%D0%90%D0%A1_766-%D1%80.pdf,"standard_fio: 23, standard_address: 2, payment_cvv: 3",28,УЗ-2,.pdf,AES-256 + RBAC + Аудит
%D0%A0%D0%90%D0%A1_715-%D1%80%20HR.pdf,Прочее\%D0%A0%D0%90%D0%A1_715-%D1%80%20HR.pdf,"standard_fio: 46, standard_address: 1, payment_cvv: 1",48,УЗ-2,.pdf,AES-256 + RBAC + Аудит
%D0%9F%D1%83%D0%B1%D0%BB%D0%B8%D1%87%D0%BD%D1%8B%D0%B9_%D0%BE%D1%82%D1%87%D1%91%D1%82_%D0%A2%D0%9A_%D0%AE%D0%A4%D0%A3_2024.pdf,Прочее\%D0%9F%D1%83%D0%B1%D0%BB%D0%B8%D1%87%D0%BD%D1%8B%D0%B9_%D0%BE%D1%82%D1%87%D1%91%D1%82_%D0%A2%D0%9A_%D0%AE%D0%A4%D0%A3_2024.pdf,"standard_fio: 406, standard_dob: 8, standard_address: 2, state_passport: 1, payment_cvv: 308, special_health: 7",732,УЗ-1,.pdf,AES-256 + RBAC + Аудит
%D0%A0384.pdf,Прочее\%D0%A0384.pdf,"standard_fio: 25, standard_dob: 1, standard_address: 3, payment_cvv: 1",30,УЗ-2,.pdf,AES-256 + RBAC + Аудит
%D0%A0%D0%90%D0%A1_95-%D1%80%20%D0%9F%D1%80%D0%B5%D1%81%D1%82%D0%B8%D0%B6%20%D1%80%D0%B0%D0%B1%D0%BE%D1%82%D0%BE%D0%B4%D0%B0%D1%82%D0%B5%D0%BB%D0%B5%D0%B9.pdf,Прочее\%D0%A0%D0%90%D0%A1_95-%D1%80%20%D0%9F%D1%80%D0%B5%D1%81%D1%82%D0%B8%D0%B6%20%D1%80%D0%B0%D0%B1%D0%BE%D1%82%D0%BE%D0%B4%D0%B0%D1%82%D0%B5%D0%BB%D0%B5%D0%B9.pdf,"standard_fio: 58, standard_address: 2, payment_cvv: 2",62,УЗ-2,.pdf,AES-256 + RBAC + Аудит
%D0%A0545_0.pdf,Прочее\%D0%A0545_0.pdf,"standard_fio: 26, standard_address: 3, payment_cvv: 1",30,УЗ-2,.pdf,AES-256 + RBAC + Аудит
%D0%A0386.%20%D0%A7%D0%B5%D0%BB%D0%BE%D0%B2%D0%B5%D0%BA%20%D0%B2%20%D0%BC%D0%B8%D1%80%D0%B5%20%D0%98%D0%98.pdf,Прочее\%D0%A0386.%20%D0%A7%D0%B5%D0%BB%D0%BE%D0%B2%D0%B5%D0%BA%20%D0%B2%20%D0%BC%D0%B8%D1%80%D0%B5%20%D0%98%D0%98.pdf,"standard_fio: 77, standard_address: 1, payment_cvv: 1",79,УЗ-2,.pdf,AES-256 + RBAC + Аудит
%D0%A0613%20%D0%BF%D0%B0%D1%81%D0%BF%D0%BE%D1%80%D1%82%D0%B0%20%D0%BA%D0%BE%D0%BC%D0%BF%D0%B5%D1%82%D0%B5%D0%BD%D1%86%D0%B8%D0%B9.pdf,Прочее\%D0%A0613%20%D0%BF%D0%B0%D1%81%D0%BF%D0%BE%D1%80%D1%82%D0%B0%20%D0%BA%D0%BE%D0%BC%D0%BF%D0%B5%D1%82%D0%B5%D0%BD%D1%86%D0%B8%D0%B9.pdf,"standard_fio: 49, standard_address: 1, payment_cvv: 3",53,УЗ-2,.pdf,AES-256 + RBAC + Аудит
%D0%A0764.pdf,Прочее\%D0%A0764.pdf,"standard_fio: 25, standard_dob: 1, standard_address: 3, payment_cvv: 1",30,УЗ-2,.pdf,AES-256 + RBAC + Аудит
%D0%A0502%20%D0%A4%D1%80%D0%BE%D0%BD%D1%82%D0%B8%D1%80%D1%8B%20%D0%BA%D0%B0%D1%80%D1%8C%D0%B5%D1%80%D1%8B.pdf,Прочее\%D0%A0502%20%D0%A4%D1%80%D0%BE%D0%BD%D1%82%D0%B8%D1%80%D1%8B%20%D0%BA%D0%B0%D1%80%D1%8C%D0%B5%D1%80%D1%8B.pdf,"standard_fio: 102, standard_dob: 1, standard_address: 3, payment_cvv: 3",109,УЗ-2,.pdf,AES-256 + RBAC + Аудит
%D0%B0%D0%BD%D0%BA%D0%B5%D1%82%D0%B0.docx,Прочее\%D0%B0%D0%BD%D0%BA%D0%B5%D1%82%D0%B0.docx,standard_fio: 6,6,УЗ-4,.docx,Контроль доступа + Сверка
%D0%A0953.pdf,Прочее\%D0%A0953.pdf,"standard_fio: 21, standard_address: 3, payment_cvv: 3",27,УЗ-2,.pdf,AES-256 + RBAC + Аудит
%D0%B7%D0%B0%D1%8F%D0%B2%D0%BB%D0%B5%D0%BD%D0%B8%D0%B5%20%D1%80%D0%B5%D0%BA%D1%82%D0%BE%D1%80%D1%83.docx,Прочее\%D0%B7%D0%B0%D1%8F%D0%B2%D0%BB%D0%B5%D0%BD%D0%B8%D0%B5%20%D1%80%D0%B5%D0%BA%D1%82%D0%BE%D1%80%D1%83.docx,"standard_fio: 9, payment_cvv: 2",11,УЗ-2,.docx,AES-256 + RBAC + Аудит
%D0%B4%D0%BE%D0%B3%D0%BE%D0%B2%D0%BE%D1%80_%D0%B8%D1%8E%D0%BB%D1%8C.docx,Прочее\%D0%B4%D0%BE%D0%B3%D0%BE%D0%B2%D0%BE%D1%80_%D0%B8%D1%8E%D0%BB%D1%8C.docx,"standard_fio: 166, standard_dob: 2, standard_address: 5, payment_cvv: 6",179,УЗ-2,.docx,AES-256 + RBAC + Аудит
%D0%B7%D0%B0%D1%8F%D0%B2%D0%BB%D0%B5%D0%BD%D0%B8%D0%B5.docx,Прочее\%D0%B7%D0%B0%D1%8F%D0%B2%D0%BB%D0%B5%D0%BD%D0%B8%D0%B5.docx,"standard_fio: 36, standard_dob: 1, standard_address: 1, payment_cvv: 3",41,УЗ-2,.docx,AES-256 + RBAC + Аудит
%D0%A2%D0%B5%D1%85%D0%BD%D0%BE%D1%81%D1%84%D0%B5%D1%80%D0%BD%D0%B0%D1%8F-%D0%B1%D0%B5%D0%B7%D0%BE%D0%BF%D0%B0%D1%81%D0%BD%D0%BE%D1%81%D1%82%D1%8C.pdf,Прочее\%D0%A2%D0%B5%D1%85%D0%BD%D0%BE%D1%81%D1%84%D0%B5%D1%80%D0%BD%D0%B0%D1%8F-%D0%B1%D0%B5%D0%B7%D0%BE%D0%BF%D0%B0%D1%81%D0%BD%D0%BE%D1%81%D1%82%D1%8C.pdf,"standard_fio: 143, standard_dob: 1, payment_cvv: 1, special_health: 1",146,УЗ-1,.pdf,AES-256 + RBAC + Аудит
01.04.00.pdf,Прочее\01.04.00.pdf,"standard_fio: 91, standard_address: 7, payment_cvv: 23, special_health: 3",124,УЗ-1,.pdf,AES-256 + RBAC + Аудит
01.04.02.pdf,Прочее\01.04.02.pdf,"standard_fio: 195, standard_address: 6, payment_cvv: 9, special_health: 3",213,УЗ-1,.pdf,AES-256 + RBAC + Аудит
02.04.02.pdf,Прочее\02.04.02.pdf,"standard_fio: 168, standard_address: 5, payment_cvv: 59, special_health: 3",235,УЗ-1,.pdf,AES-256 + RBAC + Аудит
03.04.02.pdf,Прочее\03.04.02.pdf,"standard_fio: 298, standard_address: 12, payment_cvv: 4",314,УЗ-2,.pdf,AES-256 + RBAC + Аудит
03.04.03.pdf,Прочее\03.04.03.pdf,"standard_fio: 184, standard_address: 6",190,УЗ-3,.pdf,Контроль доступа + Сверка
02.04.02_rob.pdf,Прочее\02.04.02_rob.pdf,"standard_fio: 468, standard_address: 8, special_health: 6",482,УЗ-1,.pdf,AES-256 + RBAC + Аудит
04.04.01.pdf,Прочее\04.04.01.pdf,"standard_fio: 115, standard_address: 4, payment_cvv: 2, special_health: 11",132,УЗ-1,.pdf,AES-256 + RBAC + Аудит
030302_B_3_31082020.pdf,Прочее\030302_B_3_31082020.pdf,"standard_fio: 613, standard_address: 4, payment_cvv: 27, special_health: 1",645,УЗ-1,.pdf,AES-256 + RBAC + Аудит
%D0%9F1620_%D0%9F%D0%BB%D0%B0%D0%BD%20%D0%92%D0%A0%20%D0%BD%D0%B0%202021-2022%20%D1%83%D1%87.%D0%B3%D0%BE%D0%B4.pdf,Прочее\%D0%9F1620_%D0%9F%D0%BB%D0%B0%D0%BD%20%D0%92%D0%A0%20%D0%BD%D0%B0%202021-2022%20%D1%83%D1%87.%D0%B3%D0%BE%D0%B4.pdf,"standard_fio: 1708, standard_dob: 412, standard_address: 16, payment_cvv: 321, special_health: 1",2458,УЗ-1,.pdf,AES-256 + RBAC + Аудит
030303_B_3_31082020.pdf,Прочее\030303_B_3_31082020.pdf,"standard_fio: 639, standard_address: 5, payment_cvv: 28, special_health: 2",674,УЗ-1,.pdf,AES-256 + RBAC + Аудит
06.04.01.pdf,Прочее\06.04.01.pdf,"standard_fio: 144, standard_address: 2, payment_cvv: 2, special_health: 5",153,УЗ-1,.pdf,AES-256 + RBAC + Аудит
050301_B_3_23082020.pdf,Прочее\050301_B_3_23082020.pdf,"standard_fio: 618, standard_address: 4, payment_cvv: 24, special_health: 2",648,УЗ-1,.pdf,AES-256 + RBAC + Аудит
050302_B_3_23082020.pdf,Прочее\050302_B_3_23082020.pdf,"standard_fio: 684, standard_address: 4, payment_cvv: 35, special_health: 3",726,УЗ-1,.pdf,AES-256 + RBAC + Аудит
050304_B_3_31082020.pdf,Прочее\050304_B_3_31082020.pdf,"standard_fio: 637, standard_address: 4, payment_cvv: 27, special_health: 2",670,УЗ-1,.pdf,AES-256 + RBAC + Аудит
06.04.02.pdf,Прочее\06.04.02.pdf,"standard_fio: 439, standard_address: 3, special_health: 1",443,УЗ-1,.pdf,AES-256 + RBAC + Аудит
07.04.01.pdf,Прочее\07.04.01.pdf,"standard_fio: 99, standard_address: 19, payment_cvv: 24",142,УЗ-2,.pdf,AES-256 + RBAC + Аудит
07.04.03.pdf,Прочее\07.04.03.pdf,"standard_fio: 75, standard_address: 3, payment_cvv: 10",88,УЗ-2,.pdf,AES-256 + RBAC + Аудит
%D0%A0%D0%9F%D0%94%20%D0%B8%20%D0%9A%D0%9F%2015.02.10%20(2).pdf,Прочее\%D0%A0%D0%9F%D0%94%20%D0%B8%20%D0%9A%D0%9F%2015.02.10%20(2).pdf,"standard_fio: 1384, standard_dob: 26, standard_address: 13, payment_cvv: 18, special_health: 10",1451,УЗ-1,.pdf,AES-256 + RBAC + Аудит
07.04.02.pdf,Прочее\07.04.02.pdf,"standard_fio: 151, standard_address: 13, payment_cvv: 17",181,УЗ-2,.pdf,AES-256 + RBAC + Аудит
1.2.2_mat_mod.pdf,Прочее\1.2.2_mat_mod.pdf,"standard_fio: 68, standard_address: 3, payment_cvv: 3, special_health: 3",77,УЗ-1,.pdf,AES-256 + RBAC + Аудит
060302_B_3_23082020.pdf,Прочее\060302_B_3_23082020.pdf,"standard_fio: 663, standard_address: 6, payment_cvv: 35, special_health: 3",707,УЗ-1,.pdf,AES-256 + RBAC + Аудит
1.2.1.pdf,Прочее\1.2.1.pdf,"standard_fio: 126, standard_address: 6, payment_cvv: 6, special_health: 6",144,УЗ-1,.pdf,AES-256 + RBAC + Аудит
1.2.2_r.pdf,Прочее\1.2.2_r.pdf,"standard_fio: 69, standard_address: 2, payment_cvv: 2, special_health: 1",74,УЗ-1,.pdf,AES-256 + RBAC + Аудит
1.1.pdf,Прочее\1.1.pdf,"standard_fio: 219, standard_address: 10, payment_cvv: 8, special_health: 8",245,УЗ-1,.pdf,AES-256 + RBAC + Аудит
1.2.2.pdf,Прочее\1.2.2.pdf,"standard_fio: 154, standard_address: 16, payment_cvv: 22, special_health: 2, special_race: 1",195,УЗ-1,.pdf,AES-256 + RBAC + Аудит
100_asp.docx,Прочее\100_asp.docx,"standard_fio: 7, standard_address: 1, payment_cvv: 1",9,УЗ-2,.docx,AES-256 + RBAC + Аудит
100_bak.docx,Прочее\100_bak.docx,"standard_fio: 4, standard_address: 1, payment_cvv: 1",6,УЗ-2,.docx,AES-256 + RBAC + Аудит
1.3.pdf,Прочее\1.3.pdf,"standard_fio: 192, standard_address: 6",198,УЗ-3,.pdf,Контроль доступа + Сверка
100_bak_Urmosh.docx,Прочее\100_bak_Urmosh.docx,"standard_fio: 7, standard_address: 1, payment_cvv: 1",9,УЗ-2,.docx,AES-256 + RBAC + Аудит
1.6.pdf,Прочее\1.6.pdf,"standard_fio: 178, standard_address: 7, payment_cvv: 19, special_health: 5",209,УЗ-1,.pdf,AES-256 + RBAC + Аудит
11.04.01.pdf,Прочее\11.04.01.pdf,"standard_fio: 186, standard_address: 14, payment_cvv: 12, special_health: 8",220,УЗ-1,.pdf,AES-256 + RBAC + Аудит
105_order_Spanish_courses.pdf,Прочее\105_order_Spanish_courses.pdf,"standard_fio: 266, standard_phone: 4, standard_email: 4, standard_address: 5, payment_cvv: 31, special_race: 1",311,УЗ-1,.pdf,AES-256 + RBAC + Аудит
11.04.02.pdf,Прочее\11.04.02.pdf,"standard_fio: 179, standard_address: 21, payment_cvv: 22, special_health: 4",226,УЗ-1,.pdf,AES-256 + RBAC + Аудит
06_gorgorova.pdf,Прочее\06_gorgorova.pdf,"standard_fio: 122, standard_email: 4, standard_dob: 10, standard_address: 5, payment_cvv: 70",211,УЗ-2,.pdf,AES-256 + RBAC + Аудит
12.04.01_r.pdf,Прочее\12.04.01_r.pdf,"standard_fio: 84, payment_cvv: 4, special_health: 1",89,УЗ-1,.pdf,AES-256 + RBAC + Аудит
118.pdf,Прочее\118.pdf,payment_cvv: 16,16,УЗ-2,.pdf,AES-256 + RBAC + Аудит
12.04.01_t.pdf,Прочее\12.04.01_t.pdf,"standard_fio: 105, standard_address: 10, payment_cvv: 18, special_health: 1",134,УЗ-1,.pdf,AES-256 + RBAC + Аудит
15.04.06.pdf,Прочее\15.04.06.pdf,"standard_fio: 125, standard_address: 8, payment_cvv: 22, special_health: 1",156,УЗ-1,.pdf,AES-256 + RBAC + Аудит
15.04.04.pdf,Прочее\15.04.04.pdf,"standard_fio: 153, standard_address: 10, payment_cvv: 17, special_health: 7",187,УЗ-1,.pdf,AES-256 + RBAC + Аудит
110401_М_3_17062021.pdf,Прочее\110401_М_3_17062021.pdf,"standard_fio: 668, standard_dob: 25, standard_address: 10, payment_cvv: 38, special_health: 3",744,УЗ-1,.pdf,AES-256 + RBAC + Аудит
142_152_Gorgorova.pdf,Прочее\142_152_Gorgorova.pdf,"standard_fio: 578, standard_email: 2, standard_dob: 9, standard_address: 14, payment_cvv: 43, special_health: 2",648,УЗ-1,.pdf,AES-256 + RBAC + Аудит
17437679069420.pdf,Прочее\17437679069420.pdf,"standard_fio: 9, standard_address: 5, payment_cvv: 31",45,УЗ-2,.pdf,AES-256 + RBAC + Аудит
1.5.pdf,Прочее\1.5.pdf,"standard_fio: 1082, standard_address: 12, special_health: 2",1096,УЗ-1,.pdf,AES-256 + RBAC + Аудит
18n.pdf,Прочее\18n.pdf,standard_dob: 12,12,УЗ-4,.pdf,Контроль доступа + Сверка
19n.pdf,Прочее\19n.pdf,standard_dob: 4,4,УЗ-4,.pdf,Контроль доступа + Сверка
1C_Science-pattern.rtf,Прочее\1C_Science-pattern.rtf,"standard_email: 1, payment_cvv: 1",2,УЗ-2,.rtf,AES-256 + RBAC + Аудит
2.0 Как найти уникальный номер поступающего.pdf,Прочее\2.0 Как найти уникальный номер поступающего.pdf,standard_fio: 5,5,УЗ-4,.pdf,Контроль доступа + Сверка
1.4.pdf,Прочее\1.4.pdf,"standard_fio: 1346, standard_address: 36, payment_cvv: 24, special_health: 97",1503,УЗ-1,.pdf,AES-256 + RBAC + Аудит
2.2.13.pdf,Прочее\2.2.13.pdf,"standard_fio: 194, standard_address: 10, payment_cvv: 10, special_health: 7",221,УЗ-1,.pdf,AES-256 + RBAC + Аудит
17_av1-202252.pdf,Прочее\17_av1-202252.pdf,"standard_fio: 453, standard_email: 2, standard_dob: 8, standard_address: 20, payment_cvv: 35, special_health: 4",522,УЗ-1,.pdf,AES-256 + RBAC + Аудит
2.2.14.pdf,Прочее\2.2.14.pdf,"standard_fio: 283, standard_address: 8, payment_cvv: 7, special_health: 6",304,УЗ-1,.pdf,AES-256 + RBAC + Аудит
2.1.pdf,Прочее\2.1.pdf,"standard_fio: 366, standard_email: 1, standard_dob: 1, standard_address: 13, payment_cvv: 8, special_health: 5",394,УЗ-1,.pdf,AES-256 + RBAC + Аудит
2.2.16.pdf,Прочее\2.2.16.pdf,"standard_fio: 137, standard_address: 12, special_health: 1",150,УЗ-1,.pdf,AES-256 + RBAC + Аудит
2.3.4.pdf,Прочее\2.3.4.pdf,"standard_fio: 45, special_health: 1",46,УЗ-1,.pdf,AES-256 + RBAC + Аудит
2.3.1.pdf,Прочее\2.3.1.pdf,"standard_fio: 110, standard_address: 1, payment_cvv: 1, special_health: 7",119,УЗ-1,.pdf,AES-256 + RBAC + Аудит
2.3.1_t.pdf,Прочее\2.3.1_t.pdf,"standard_fio: 135, standard_address: 10, payment_cvv: 7, special_health: 4",156,УЗ-1,.pdf,AES-256 + RBAC + Аудит
2.3.5.pdf,Прочее\2.3.5.pdf,"standard_fio: 70, standard_address: 4, special_health: 1",75,УЗ-1,.pdf,AES-256 + RBAC + Аудит
2.3.6.pdf,Прочее\2.3.6.pdf,"standard_fio: 131, standard_address: 4, payment_cvv: 8, special_health: 2",145,УЗ-1,.pdf,AES-256 + RBAC + Аудит
2.3.7.pdf,Прочее\2.3.7.pdf,"standard_fio: 101, standard_address: 9, payment_cvv: 14, special_health: 3",127,УЗ-1,.pdf,AES-256 + RBAC + Аудит
2.5.4.pdf,Прочее\2.5.4.pdf,"standard_fio: 237, standard_address: 8, state_passport: 1, state_inn: 1, payment_cvv: 14, special_health: 2",263,УЗ-1,.pdf,AES-256 + RBAC + Аудит
200_bak_Urmosh.docx,Прочее\200_bak_Urmosh.docx,"standard_fio: 7, standard_address: 1, payment_cvv: 1",9,УЗ-2,.docx,AES-256 + RBAC + Аудит
2.3.8.pdf,Прочее\2.3.8.pdf,"standard_fio: 126, standard_dob: 14, standard_address: 18, payment_cvv: 38, special_health: 9",205,УЗ-1,.pdf,AES-256 + RBAC + Аудит
2.5.13.pdf,Прочее\2.5.13.pdf,"standard_fio: 377, standard_address: 6, special_health: 13",396,УЗ-1,.pdf,AES-256 + RBAC + Аудит
2.4_reg_comisia_etica_r2.pdf,Прочее\2.4_reg_comisia_etica_r2.pdf,"standard_email: 1, standard_dob: 2",3,УЗ-4,.pdf,Контроль доступа + Сверка
16862016212227.pdf,Прочее\16862016212227.pdf,payment_cvv: 8,8,УЗ-2,.pdf,AES-256 + RBAC + Аудит
2025-_.pdf,Прочее\2025-_.pdf,"standard_fio: 19, standard_phone: 2, standard_address: 1, payment_cvv: 36",58,УЗ-2,.pdf,AES-256 + RBAC + Аудит
2025-olanaklar.pdf,Прочее\2025-olanaklar.pdf,payment_cvv: 22,22,УЗ-2,.pdf,AES-256 + RBAC + Аудит
2025-2.pdf,Прочее\2025-2.pdf,"standard_fio: 38, standard_phone: 3, standard_email: 1, standard_address: 1, state_passport: 1, state_inn: 1, payment_cvv: 361",406,УЗ-2,.pdf,AES-256 + RBAC + Аудит
2025.pdf,Прочее\2025.pdf,"standard_fio: 11, standard_email: 2, standard_address: 1, payment_cvv: 70",84,УЗ-2,.pdf,AES-256 + RBAC + Аудит
03-5-01-005.pdf,Прочее\03-5-01-005.pdf,"standard_fio: 3941, standard_address: 147, payment_cvv: 83, special_health: 51",4222,УЗ-1,.pdf,AES-256 + RBAC + Аудит
2190-4286-12-49-S1.pdf,Прочее\2190-4286-12-49-S1.pdf,"standard_phone: 1, payment_cvv: 9",10,УЗ-2,.pdf,AES-256 + RBAC + Аудит
2025_MSASM_PI_E010.pdf,Прочее\2025_MSASM_PI_E010.pdf,payment_cvv: 28,28,УЗ-2,.pdf,AES-256 + RBAC + Аудит
2190-4286-12-49.pdf,Прочее\2190-4286-12-49.pdf,"standard_email: 2, payment_cvv: 168",170,УЗ-2,.pdf,AES-256 + RBAC + Аудит
24.11.2020 - форма заявления на участие в конкурсе.docx,Прочее\24.11.2020 - форма заявления на участие в конкурсе.docx,"standard_fio: 8, standard_email: 1, standard_address: 1",10,УЗ-4,.docx,Контроль доступа + Сверка
24.11.2020 - форма согласия соискателя.docx,Прочее\24.11.2020 - форма согласия соискателя.docx,"standard_fio: 90, standard_dob: 2, standard_address: 1, payment_cvv: 3",96,УЗ-2,.docx,AES-256 + RBAC + Аудит
24n.pdf,Прочее\24n.pdf,standard_dob: 18,18,УЗ-4,.pdf,Контроль доступа + Сверка
2633b07b34442b5df2b84aa2226dd0e9.pdf,Прочее\2633b07b34442b5df2b84aa2226dd0e9.pdf,standard_fio: 3,3,УЗ-4,.pdf,Контроль доступа + Сверка
216e9fc932f0a2027c207d9b1bb2e0cd.pdf,Прочее\216e9fc932f0a2027c207d9b1bb2e0cd.pdf,"standard_fio: 1503, standard_address: 30, payment_cvv: 8, special_health: 2",1543,УЗ-1,.pdf,AES-256 + RBAC + Аудит
27.04.04.pdf,Прочее\27.04.04.pdf,"standard_fio: 128, standard_address: 8, payment_cvv: 16, special_health: 6",158,УЗ-1,.pdf,AES-256 + RBAC + Аудит
16122024_DSU_Pulse.pdf,Прочее\16122024_DSU_Pulse.pdf,payment_cvv: 33,33,УЗ-2,.pdf,AES-256 + RBAC + Аудит
27.04.06.pdf,Прочее\27.04.06.pdf,"standard_fio: 145, standard_dob: 1, standard_address: 10, state_passport: 1, state_inn: 1, payment_cvv: 13, special_health: 16",187,УЗ-1,.pdf,AES-256 + RBAC + Аудит
28.04.01_r.pdf,Прочее\28.04.01_r.pdf,"standard_fio: 125, standard_address: 9, payment_cvv: 23, special_health: 11",168,УЗ-1,.pdf,AES-256 + RBAC + Аудит
2n8uitfe0x.pdf,Прочее\2n8uitfe0x.pdf,"standard_fio: 114, standard_address: 2, payment_cvv: 13",129,УЗ-2,.pdf,AES-256 + RBAC + Аудит
3 сентября EduNet.pdf,Прочее\3 сентября EduNet.pdf,"standard_fio: 201, standard_phone: 1, standard_email: 2, standard_dob: 1, standard_address: 7, payment_cvv: 8, special_health: 4",224,УЗ-1,.pdf,AES-256 + RBAC + Аудит
37.04.02.pdf,Прочее\37.04.02.pdf,"standard_fio: 217, standard_address: 7, payment_cvv: 27, special_health: 6",257,УЗ-1,.pdf,AES-256 + RBAC + Аудит
38.04.01.pdf,Прочее\38.04.01.pdf,"standard_fio: 188, standard_address: 10, payment_cvv: 1",199,УЗ-2,.pdf,AES-256 + RBAC + Аудит
37.04.01.pdf,Прочее\37.04.01.pdf,"standard_fio: 262, standard_address: 43, payment_cvv: 77, special_health: 4",386,УЗ-1,.pdf,AES-256 + RBAC + Аудит
38.04.01_Economics.pdf,Прочее\38.04.01_Economics.pdf,payment_cvv: 1,1,УЗ-2,.pdf,AES-256 + RBAC + Аудит
2025Правила%20приёма%202025.26.pdf,Прочее\2025Правила%20приёма%202025.26.pdf,"standard_fio: 2462, standard_dob: 36, standard_address: 20, payment_cvv: 40, special_health: 7",2565,УЗ-1,.pdf,AES-256 + RBAC + Аудит
38.04.02_ETP.pdf,Прочее\38.04.02_ETP.pdf,payment_cvv: 12,12,УЗ-2,.pdf,AES-256 + RBAC + Аудит
2024%20Y%C4%B1l%C4%B1%20%C4%B0dare%20Faaliyet%20Raporu.pdf,Прочее\2024%20Y%C4%B1l%C4%B1%20%C4%B0dare%20Faaliyet%20Raporu.pdf,"standard_dob: 150, payment_cvv: 806",956,УЗ-2,.pdf,AES-256 + RBAC + Аудит
38.04.02.pdf,Прочее\38.04.02.pdf,"standard_fio: 103, standard_address: 10, payment_cvv: 20, special_health: 2",135,УЗ-1,.pdf,AES-256 + RBAC + Аудит
4.3.5.pdf,Прочее\4.3.5.pdf,"standard_fio: 213, standard_address: 6, special_health: 3",222,УЗ-1,.pdf,AES-256 + RBAC + Аудит
38.04.03.pdf,Прочее\38.04.03.pdf,"standard_fio: 235, standard_address: 7, payment_cvv: 18, special_health: 2",262,УЗ-1,.pdf,AES-256 + RBAC + Аудит
4.1.3.pdf,Прочее\4.1.3.pdf,"standard_fio: 316, standard_address: 2",318,УЗ-3,.pdf,Контроль доступа + Сверка
38.04.08.pdf,Прочее\38.04.08.pdf,"standard_fio: 252, standard_dob: 3, standard_address: 14, payment_cvv: 20, special_health: 4",293,УЗ-1,.pdf,AES-256 + RBAC + Аудит
22nssvm5rk9x2ss9h33xq5h9ckbae1gd.pdf,Прочее\22nssvm5rk9x2ss9h33xq5h9ckbae1gd.pdf,"standard_fio: 2259, standard_email: 1, standard_dob: 5, standard_address: 19, payment_cvv: 87, special_health: 13",2384,УЗ-1,.pdf,AES-256 + RBAC + Аудит
41.04.04.pdf,Прочее\41.04.04.pdf,"standard_fio: 197, standard_address: 10, payment_cvv: 25, special_health: 7, special_race: 4",243,УЗ-1,.pdf,AES-256 + RBAC + Аудит
39.04.02.pdf,Прочее\39.04.02.pdf,"standard_fio: 543, standard_address: 10, payment_cvv: 7, special_health: 3",563,УЗ-1,.pdf,AES-256 + RBAC + Аудит
41.04.05.pdf,Прочее\41.04.05.pdf,"standard_fio: 284, standard_address: 33, payment_cvv: 10, special_health: 1",328,УЗ-1,.pdf,AES-256 + RBAC + Аудит
41.04.05_International_Communication.pdf,Прочее\41.04.05_International_Communication.pdf,"standard_fio: 16, standard_phone: 1, standard_address: 8, payment_cvv: 25, special_health: 1",51,УЗ-1,.pdf,AES-256 + RBAC + Аудит
43.04.02.pdf,Прочее\43.04.02.pdf,"standard_fio: 179, standard_dob: 2, standard_address: 8, payment_cvv: 14, special_health: 3",206,УЗ-1,.pdf,AES-256 + RBAC + Аудит
42.pdf,Прочее\42.pdf,"standard_fio: 360, standard_email: 8, standard_dob: 2, standard_address: 4, payment_cvv: 54, special_health: 5",433,УЗ-1,.pdf,AES-256 + RBAC + Аудит
44.04.01_177.pdf,Прочее\44.04.01_177.pdf,"standard_fio: 135, standard_address: 11, payment_cvv: 13, special_health: 1",160,УЗ-1,.pdf,AES-256 + RBAC + Аудит
44.04.01_innov.pdf,Прочее\44.04.01_innov.pdf,"standard_fio: 209, standard_address: 5, payment_cvv: 5, special_health: 3",222,УЗ-1,.pdf,AES-256 + RBAC + Аудит
40_04_01_program_mag_2025.pdf,Прочее\40_04_01_program_mag_2025.pdf,"standard_fio: 751, standard_dob: 4, standard_address: 38, payment_cvv: 12, special_religion: 1",806,УЗ-1,.pdf,AES-256 + RBAC + Аудит
43.04.01_programm_mag_2025.pdf,Прочее\43.04.01_programm_mag_2025.pdf,"standard_fio: 356, standard_address: 15, payment_cvv: 13, special_health: 2",386,УЗ-1,.pdf,AES-256 + RBAC + Аудит
44.04.01_issled.pdf,Прочее\44.04.01_issled.pdf,"standard_fio: 163, standard_address: 7, payment_cvv: 16, special_health: 1",187,УЗ-1,.pdf,AES-256 + RBAC + Аудит
44.04.01_inkl.pdf,Прочее\44.04.01_inkl.pdf,"standard_fio: 285, standard_address: 10, payment_cvv: 4, special_health: 2",301,УЗ-1,.pdf,AES-256 + RBAC + Аудит
44.04.01_rukov.pdf,Прочее\44.04.01_rukov.pdf,"standard_fio: 168, standard_address: 5, payment_cvv: 12",185,УЗ-2,.pdf,AES-256 + RBAC + Аудит
44.04.01_ped_nach.pdf,Прочее\44.04.01_ped_nach.pdf,"standard_fio: 192, standard_address: 6, payment_cvv: 6",204,УЗ-2,.pdf,AES-256 + RBAC + Аудит
44.04.01_ist.pdf,Прочее\44.04.01_ist.pdf,"standard_fio: 288, standard_dob: 2, standard_address: 15, payment_cvv: 7",312,УЗ-2,.pdf,AES-256 + RBAC + Аудит
44.04.01_soc_ped.pdf,Прочее\44.04.01_soc_ped.pdf,"standard_fio: 165, standard_address: 5, payment_cvv: 11",181,УЗ-2,.pdf,AES-256 + RBAC + Аудит
44.04.01_sov_obr.pdf,Прочее\44.04.01_sov_obr.pdf,"standard_fio: 145, standard_dob: 2, standard_address: 4, payment_cvv: 3",154,УЗ-2,.pdf,AES-256 + RBAC + Аудит
44.04.01_nast.pdf,Прочее\44.04.01_nast.pdf,"standard_fio: 387, standard_address: 11, payment_cvv: 4, special_health: 3",405,УЗ-1,.pdf,AES-256 + RBAC + Аудит
44.04.01_ph_obr.pdf,Прочее\44.04.01_ph_obr.pdf,"standard_fio: 281, standard_address: 11, payment_cvv: 5",297,УЗ-2,.pdf,AES-256 + RBAC + Аудит
44.04.01_spanish.pdf,Прочее\44.04.01_spanish.pdf,"standard_fio: 162, standard_address: 12, payment_cvv: 20, special_health: 1",195,УЗ-1,.pdf,AES-256 + RBAC + Аудит
44.04.04.pdf,Прочее\44.04.04.pdf,"standard_fio: 285, standard_address: 19, payment_cvv: 10, special_health: 1",315,УЗ-1,.pdf,AES-256 + RBAC + Аудит
44_04_02_obr_sred.pdf,Прочее\44_04_02_obr_sred.pdf,"standard_fio: 199, standard_address: 6, payment_cvv: 31, special_health: 1",237,УЗ-1,.pdf,AES-256 + RBAC + Аудит
44.04.03.pdf,Прочее\44.04.03.pdf,"standard_fio: 312, standard_address: 12, payment_cvv: 15, special_health: 4",343,УЗ-1,.pdf,AES-256 + RBAC + Аудит
44.04.02.pdf,Прочее\44.04.02.pdf,"standard_fio: 393, standard_address: 14, special_health: 1",408,УЗ-1,.pdf,AES-256 + RBAC + Аудит
45.04.01_komm.pdf,Прочее\45.04.01_komm.pdf,"standard_fio: 154, standard_address: 6, payment_cvv: 12, special_health: 2",174,УЗ-1,.pdf,AES-256 + RBAC + Аудит
47.pdf,Прочее\47.pdf,standard_dob: 1,1,УЗ-4,.pdf,Контроль доступа + Сверка
45.04.01_International_Communication.pdf,Прочее\45.04.01_International_Communication.pdf,"standard_fio: 28, standard_address: 3, payment_cvv: 24",55,УЗ-2,.pdf,AES-256 + RBAC + Аудит
47.04.01.pdf,Прочее\47.04.01.pdf,"standard_fio: 248, standard_address: 19, payment_cvv: 5, special_health: 4",276,УЗ-1,.pdf,AES-256 + RBAC + Аудит
49.pdf,Прочее\49.pdf,standard_email: 1,1,УЗ-4,.pdf,Контроль доступа + Сверка
46.04.01.pdf,Прочее\46.04.01.pdf,"standard_fio: 326, standard_dob: 1, standard_address: 24, payment_cvv: 6, special_health: 1, special_race: 1",359,УЗ-1,.pdf,AES-256 + RBAC + Аудит
49.04.03.pdf,Прочее\49.04.03.pdf,"standard_fio: 379, standard_address: 24, payment_cvv: 30, special_health: 1",434,УЗ-1,.pdf,AES-256 + RBAC + Аудит
45.04.01_tpimk.pdf,Прочее\45.04.01_tpimk.pdf,"standard_fio: 230, standard_address: 6, payment_cvv: 30, special_health: 1",267,УЗ-1,.pdf,AES-256 + RBAC + Аудит
5.1.3.pdf,Прочее\5.1.3.pdf,"standard_fio: 143, standard_dob: 1, payment_cvv: 2, special_health: 1",147,УЗ-1,.pdf,AES-256 + RBAC + Аудит
49PSMN519.pdf,Прочее\49PSMN519.pdf,"standard_fio: 429, standard_email: 19, standard_address: 14, state_passport: 1, state_inn: 1, payment_cvv: 55, special_health: 29",548,УЗ-1,.pdf,AES-256 + RBAC + Аудит
5.1.4.pdf,Прочее\5.1.4.pdf,"standard_fio: 147, standard_dob: 1, standard_address: 1, payment_cvv: 2, special_health: 2",153,УЗ-1,.pdf,AES-256 + RBAC + Аудит
49.03.02.pdf,Прочее\49.03.02.pdf,"standard_fio: 529, standard_dob: 2, standard_address: 15, payment_cvv: 15",561,УЗ-2,.pdf,AES-256 + RBAC + Аудит
4a2be25626609e594edc147261ef747d.pdf,Прочее\4a2be25626609e594edc147261ef747d.pdf,"standard_fio: 1266, standard_address: 26, payment_cvv: 5, special_health: 1",1298,УЗ-1,.pdf,AES-256 + RBAC + Аудит
5.10.1.pdf,Прочее\5.10.1.pdf,"standard_fio: 419, standard_dob: 1, standard_address: 22, payment_cvv: 2, special_health: 10",454,УЗ-1,.pdf,AES-256 + RBAC + Аудит
5.2.1.pdf,Прочее\5.2.1.pdf,"standard_fio: 268, standard_dob: 2, standard_address: 17, payment_cvv: 39, special_health: 3",329,УЗ-1,.pdf,AES-256 + RBAC + Аудит
5.12.1.pdf,Прочее\5.12.1.pdf,"standard_fio: 412, standard_address: 56, payment_cvv: 69, special_health: 12",549,УЗ-1,.pdf,AES-256 + RBAC + Аудит
5.2.3.pdf,Прочее\5.2.3.pdf,"standard_fio: 288, standard_dob: 2, standard_address: 11, payment_cvv: 63, special_health: 4",368,УЗ-1,.pdf,AES-256 + RBAC + Аудит
5.2.4_org.pdf,Прочее\5.2.4_org.pdf,"standard_fio: 333, standard_dob: 17, standard_address: 17, payment_cvv: 37, special_health: 4",408,УЗ-1,.pdf,AES-256 + RBAC + Аудит
5.2.4.pdf,Прочее\5.2.4.pdf,"standard_fio: 288, standard_dob: 2, standard_address: 15, payment_cvv: 41, special_health: 1",347,УЗ-1,.pdf,AES-256 + RBAC + Аудит
5.2.6.pdf,Прочее\5.2.6.pdf,"standard_fio: 357, standard_dob: 2, standard_address: 11, payment_cvv: 26, special_health: 7",403,УЗ-1,.pdf,AES-256 + RBAC + Аудит
%20%D1%81%D0%BE%D0%B3%D0%BB%D0%B0%D1%88%D0%B5%D0%BD%D0%B8%D0%B5.pdf,Прочее\%20%D1%81%D0%BE%D0%B3%D0%BB%D0%B0%D1%88%D0%B5%D0%BD%D0%B8%D0%B5.pdf,"standard_fio: 613, standard_email: 2, standard_dob: 1, standard_address: 4, payment_cvv: 1",621,УЗ-2,.pdf,AES-256 + RBAC + Аудит
5.2.5.pdf,Прочее\5.2.5.pdf,"standard_fio: 291, standard_dob: 2, standard_address: 13, payment_cvv: 45, special_health: 4",355,УЗ-1,.pdf,AES-256 + RBAC + Аудит
5.3.1.pdf,Прочее\5.3.1.pdf,"standard_fio: 308, standard_address: 33, payment_cvv: 26, special_health: 7",374,УЗ-1,.pdf,AES-256 + RBAC + Аудит
5.3.2.pdf,Прочее\5.3.2.pdf,"standard_fio: 308, standard_address: 33, payment_cvv: 26, special_health: 7",374,УЗ-1,.pdf,AES-256 + RBAC + Аудит
5-05-20_US-59_27.12.2024.pdf,Прочее\5-05-20_US-59_27.12.2024.pdf,"standard_fio: 3160, standard_dob: 61, standard_address: 61, payment_cvv: 189, special_health: 6",3477,УЗ-1,.pdf,AES-256 + RBAC + Аудит
5.3.5.pdf,Прочее\5.3.5.pdf,"standard_fio: 308, standard_address: 33, payment_cvv: 26, special_health: 7",374,УЗ-1,.pdf,AES-256 + RBAC + Аудит
5.5.2.pdf,Прочее\5.5.2.pdf,"standard_fio: 588, standard_address: 48, payment_cvv: 46, special_health: 21, special_religion: 1",704,УЗ-1,.pdf,AES-256 + RBAC + Аудит
5.7.2.pdf,Прочее\5.7.2.pdf,"standard_fio: 481, standard_dob: 1, standard_address: 16, payment_cvv: 5, special_health: 5",508,УЗ-1,.pdf,AES-256 + RBAC + Аудит
5.5.1.pdf,Прочее\5.5.1.pdf,"standard_fio: 657, standard_address: 58, payment_cvv: 59, special_health: 23, special_religion: 2",799,УЗ-1,.pdf,AES-256 + RBAC + Аудит
5.7.1.pdf,Прочее\5.7.1.pdf,"standard_fio: 480, standard_dob: 1, standard_address: 16, payment_cvv: 5, special_health: 5",507,УЗ-1,.pdf,AES-256 + RBAC + Аудит
5.7.7.pdf,Прочее\5.7.7.pdf,"standard_fio: 480, standard_dob: 1, standard_address: 16, payment_cvv: 5, special_health: 5",507,УЗ-1,.pdf,AES-256 + RBAC + Аудит
5.7.8.pdf,Прочее\5.7.8.pdf,"standard_fio: 481, standard_dob: 1, standard_address: 16, payment_cvv: 5, special_health: 5",508,УЗ-1,.pdf,AES-256 + RBAC + Аудит
4b708f12-9518-45cd-bac0-7b3ae2b4e78e.pdf,Прочее\4b708f12-9518-45cd-bac0-7b3ae2b4e78e.pdf,"standard_fio: 2067, standard_address: 18, payment_cvv: 8, special_health: 5",2098,УЗ-1,.pdf,AES-256 + RBAC + Аудит
5.8.7.pdf,Прочее\5.8.7.pdf,"standard_fio: 530, standard_address: 22, payment_cvv: 29, special_health: 2",583,УЗ-1,.pdf,AES-256 + RBAC + Аудит
5.8.3.pdf,Прочее\5.8.3.pdf,"standard_fio: 618, standard_address: 38, payment_cvv: 17, special_health: 4",677,УЗ-1,.pdf,AES-256 + RBAC + Аудит
5.9.6_en.pdf,Прочее\5.9.6_en.pdf,"standard_fio: 380, standard_address: 21, payment_cvv: 28, special_health: 6",435,УЗ-1,.pdf,AES-256 + RBAC + Аудит
51n.pdf,Прочее\51n.pdf,standard_dob: 6,6,УЗ-4,.pdf,Контроль доступа + Сверка
5.8.pdf,Прочее\5.8.pdf,"standard_fio: 445, standard_dob: 2, standard_address: 15, payment_cvv: 25, special_health: 1",488,УЗ-1,.pdf,AES-256 + RBAC + Аудит
5.9.6_sp.pdf,Прочее\5.9.6_sp.pdf,"standard_fio: 465, standard_address: 18, payment_cvv: 15",498,УЗ-2,.pdf,AES-256 + RBAC + Аудит
5.8.1.pdf,Прочее\5.8.1.pdf,"standard_fio: 660, standard_address: 31, payment_cvv: 36, special_health: 3",730,УЗ-1,.pdf,AES-256 + RBAC + Аудит
5.8.2.pdf,Прочее\5.8.2.pdf,"standard_fio: 638, standard_address: 28, payment_cvv: 36, special_health: 3",705,УЗ-1,.pdf,AES-256 + RBAC + Аудит
5.9.8.pdf,Прочее\5.9.8.pdf,"standard_fio: 242, standard_address: 9, payment_cvv: 5, special_health: 3",259,УЗ-1,.pdf,AES-256 + RBAC + Аудит
522.pdf,Прочее\522.pdf,"standard_fio: 131, standard_email: 1, payment_cvv: 33, special_health: 2",167,УЗ-1,.pdf,AES-256 + RBAC + Аудит
54.04.01.pdf,Прочее\54.04.01.pdf,"standard_fio: 168, standard_address: 3, payment_cvv: 4, special_health: 10",185,УЗ-1,.pdf,AES-256 + RBAC + Аудит
54.04.02.pdf,Прочее\54.04.02.pdf,"standard_fio: 156, standard_address: 5, payment_cvv: 4, special_health: 2",167,УЗ-1,.pdf,AES-256 + RBAC + Аудит
51.04.01.pdf,Прочее\51.04.01.pdf,"standard_fio: 329, standard_address: 11, payment_cvv: 5, special_health: 4, special_religion: 2",351,УЗ-1,.pdf,AES-256 + RBAC + Аудит
63_ffa6_7.Gizlilik%20ve%20%C3%87erez%20Politikas%C4%B1_4064465.docx,Прочее\63_ffa6_7.Gizlilik%20ve%20%C3%87erez%20Politikas%C4%B1_4064465.docx,"standard_email: 3, payment_cvv: 5",8,УЗ-2,.docx,AES-256 + RBAC + Аудит
66n.pdf,Прочее\66n.pdf,standard_dob: 16,16,УЗ-4,.pdf,Контроль доступа + Сверка
6.pdf,Прочее\6.pdf,"standard_email: 1, payment_cvv: 21",22,УЗ-2,.pdf,AES-256 + RBAC + Аудит
766.pdf,Прочее\766.pdf,"standard_dob: 18, payment_cvv: 9",27,УЗ-2,.pdf,AES-256 + RBAC + Аудит
7l786rg9llt2odfq9u9zmrwunkk3k3q7.pdf,Прочее\7l786rg9llt2odfq9u9zmrwunkk3k3q7.pdf,"standard_fio: 102, standard_address: 1",103,УЗ-3,.pdf,Контроль доступа + Сверка
5487d8240beaf469a1a10ee370749263.pdf,Прочее\5487d8240beaf469a1a10ee370749263.pdf,"standard_fio: 1333, standard_address: 22, payment_cvv: 5, special_health: 1",1361,УЗ-1,.pdf,AES-256 + RBAC + Аудит
6b588aa921ec0008657cb728cfce508d.pdf,Прочее\6b588aa921ec0008657cb728cfce508d.pdf,"standard_fio: 1171, standard_address: 22, payment_cvv: 5, special_health: 1",1199,УЗ-1,.pdf,AES-256 + RBAC + Аудит
83124a_7c666ad59fdd470f83e349daad57df65.pdf,Прочее\83124a_7c666ad59fdd470f83e349daad57df65.pdf,"standard_email: 1, payment_cvv: 2",3,УЗ-2,.pdf,AES-256 + RBAC + Аудит
9ld9ylp04noekda30doh1pe1qjxt7md9.pdf,Прочее\9ld9ylp04noekda30doh1pe1qjxt7md9.pdf,"standard_fio: 209, standard_dob: 1, standard_address: 1, payment_cvv: 24",235,УЗ-2,.pdf,AES-256 + RBAC + Аудит
8. Индексация Расп РФ.pdf,Прочее\8. Индексация Расп РФ.pdf,"standard_fio: 75, payment_cvv: 3965, special_health: 7",4047,УЗ-1,.pdf,AES-256 + RBAC + Аудит
accreditation.pdf,Прочее\accreditation.pdf,"standard_fio: 43, standard_dob: 3, standard_address: 4, state_passport: 1, state_inn: 1, payment_cvv: 3",55,УЗ-2,.pdf,AES-256 + RBAC + Аудит
82174ac3fa46f97441160bfa3b5fef76.pdf,Прочее\82174ac3fa46f97441160bfa3b5fef76.pdf,"standard_fio: 1061, standard_address: 25, payment_cvv: 8, special_health: 1",1095,УЗ-1,.pdf,AES-256 + RBAC + Аудит
AIC-DSU_CONTENT.pdf,Прочее\AIC-DSU_CONTENT.pdf,"standard_email: 1, payment_cvv: 1",2,УЗ-2,.pdf,AES-256 + RBAC + Аудит
5fqhsxirzo8b3s7xsukssg8sbsz05b38.pdf,Прочее\5fqhsxirzo8b3s7xsukssg8sbsz05b38.pdf,"standard_fio: 2157, standard_email: 1, standard_dob: 7, standard_address: 27, payment_cvv: 104, special_health: 27",2323,УЗ-1,.pdf,AES-256 + RBAC + Аудит
AI-SANA_2603.pdf,Прочее\AI-SANA_2603.pdf,"standard_fio: 169, standard_address: 2, payment_cvv: 11",182,УЗ-2,.pdf,AES-256 + RBAC + Аудит
Anant-Ram-UGC.pdf,Прочее\Anant-Ram-UGC.pdf,standard_dob: 1,1,УЗ-4,.pdf,Контроль доступа + Сверка
aerospace_engg_2025.pdf,Прочее\aerospace_engg_2025.pdf,"standard_email: 1, payment_cvv: 69",70,УЗ-2,.pdf,AES-256 + RBAC + Аудит
Anexos_stud_conf_2021_ru.doc,Прочее\Anexos_stud_conf_2021_ru.doc,"standard_fio: 100, standard_address: 3, payment_cvv: 6, special_health: 1",110,УЗ-1,.doc,AES-256 + RBAC + Аудит
anketa_dpo_2023.docx,Прочее\anketa_dpo_2023.docx,standard_fio: 6,6,УЗ-4,.docx,Контроль доступа + Сверка
AICTE_2025.pdf,Прочее\AICTE_2025.pdf,"standard_dob: 2, state_passport: 7, state_inn: 7, payment_cvv: 29",45,УЗ-2,.pdf,AES-256 + RBAC + Аудит
Announcement-on-the-Opening-Day-of-the-INEP-SFU-on-March-30-2024.pdf,Прочее\Announcement-on-the-Opening-Day-of-the-INEP-SFU-on-March-30-2024.pdf,"standard_fio: 26, standard_phone: 1, standard_address: 1, payment_cvv: 1",29,УЗ-2,.pdf,AES-256 + RBAC + Аудит
apell.pdf,Прочее\apell.pdf,standard_fio: 38,38,УЗ-4,.pdf,Контроль доступа + Сверка
annot_spec.pdf,Прочее\annot_spec.pdf,"standard_fio: 76, standard_address: 1, special_health: 1",78,УЗ-1,.pdf,AES-256 + RBAC + Аудит
Application-Offer-Form.rtf,Прочее\Application-Offer-Form.rtf,"standard_email: 1, payment_cvv: 1",2,УЗ-2,.rtf,AES-256 + RBAC + Аудит
APS.docx,Прочее\APS.docx,"standard_fio: 3, standard_email: 1",4,УЗ-4,.docx,Контроль доступа + Сверка
anatom_fiziolog.pdf,Прочее\anatom_fiziolog.pdf,payment_cvv: 1,1,УЗ-2,.pdf,AES-256 + RBAC + Аудит
Area%20studies%20and%20tourist%20destinations.pdf,Прочее\Area%20studies%20and%20tourist%20destinations.pdf,"standard_phone: 1, standard_email: 2, state_passport: 1, state_inn: 1, payment_cvv: 2",7,УЗ-2,.pdf,AES-256 + RBAC + Аудит
arh_komp.pdf,Прочее\arh_komp.pdf,"standard_fio: 119, standard_address: 2, payment_cvv: 2",123,УЗ-2,.pdf,AES-256 + RBAC + Аудит
Aula%20Hispanica_plano_rus_2016-po-mayo.pdf,Прочее\Aula%20Hispanica_plano_rus_2016-po-mayo.pdf,"standard_fio: 79, standard_email: 2, standard_address: 6",87,УЗ-4,.pdf,Контроль доступа + Сверка
Aula_Hispanica_rus_2015.pdf,Прочее\Aula_Hispanica_rus_2015.pdf,"standard_fio: 60, standard_address: 6",66,УЗ-4,.pdf,Контроль доступа + Сверка
Aula_Hispanica_plano_rus_2014-2015.pdf,Прочее\Aula_Hispanica_plano_rus_2014-2015.pdf,"standard_fio: 113, standard_address: 11",124,УЗ-3,.pdf,Контроль доступа + Сверка
Aula_Hispánica_osen_2017.doc,Прочее\Aula_Hispánica_osen_2017.doc,"standard_fio: 77, standard_email: 2, standard_address: 11, payment_cvv: 5",95,УЗ-2,.doc,AES-256 + RBAC + Аудит
Aula_Hispánica_osen_2018_rus.doc,Прочее\Aula_Hispánica_osen_2018_rus.doc,"standard_fio: 26, standard_email: 2, standard_address: 4, payment_cvv: 2",34,УЗ-2,.doc,AES-256 + RBAC + Аудит
Aula_Hispanica_vesna_2018.pdf,Прочее\Aula_Hispanica_vesna_2018.pdf,"standard_fio: 33, standard_email: 2, standard_address: 5, payment_cvv: 4",44,УЗ-2,.pdf,AES-256 + RBAC + Аудит
Aula_Hispánica_vesna_2018_rus.doc,Прочее\Aula_Hispánica_vesna_2018_rus.doc,"standard_fio: 68, standard_email: 2, standard_address: 6",76,УЗ-4,.doc,Контроль доступа + Сверка
Aula_Hispánica_osen_2019_rus.pdf,Прочее\Aula_Hispánica_osen_2019_rus.pdf,"standard_fio: 39, standard_email: 2, standard_address: 7, payment_cvv: 4, special_health: 1",53,УЗ-1,.pdf,AES-256 + RBAC + Аудит
Azov_conf-application.rtf,Прочее\Azov_conf-application.rtf,"standard_email: 1, payment_cvv: 1",2,УЗ-2,.rtf,AES-256 + RBAC + Аудит
Azov_conf-example.rtf,Прочее\Azov_conf-example.rtf,"standard_email: 1, payment_cvv: 1",2,УЗ-2,.rtf,AES-256 + RBAC + Аудит
Azov_conf-requirements.rtf,Прочее\Azov_conf-requirements.rtf,"standard_email: 1, payment_cvv: 1",2,УЗ-2,.rtf,AES-256 + RBAC + Аудит
AC_11082025.pdf,Прочее\AC_11082025.pdf,standard_dob: 392,392,УЗ-3,.pdf,Контроль доступа + Сверка
bak_lk_2025.pdf,Прочее\bak_lk_2025.pdf,standard_fio: 16,16,УЗ-4,.pdf,Контроль доступа + Сверка
ar_1.pdf,Прочее\ar_1.pdf,"standard_fio: 615, standard_phone: 7, standard_email: 1, standard_dob: 1, standard_address: 8, payment_cvv: 20, special_health: 2",654,УЗ-1,.pdf,AES-256 + RBAC + Аудит
ayd%C4%B1nlatma%20metni%20-%20Copy%202.pdf,Прочее\ayd%C4%B1nlatma%20metni%20-%20Copy%202.pdf,"standard_email: 4, standard_dob: 9, payment_cvv: 8",21,УЗ-2,.pdf,AES-256 + RBAC + Аудит
BCA_brochure_2025.pdf,Прочее\BCA_brochure_2025.pdf,"standard_email: 1, payment_cvv: 4",5,УЗ-2,.pdf,AES-256 + RBAC + Аудит
BBA_Brochure_2025.pdf,Прочее\BBA_Brochure_2025.pdf,"standard_email: 1, payment_cvv: 9",10,УЗ-2,.pdf,AES-256 + RBAC + Аудит
besp_s.pdf,Прочее\besp_s.pdf,"standard_fio: 181, standard_dob: 1, standard_address: 9, payment_cvv: 22",213,УЗ-2,.pdf,AES-256 + RBAC + Аудит
bezop_komp.pdf,Прочее\bezop_komp.pdf,"standard_fio: 152, payment_cvv: 6, special_health: 1",159,УЗ-1,.pdf,AES-256 + RBAC + Аудит
bez_vi_bak.docx,Прочее\bez_vi_bak.docx,"standard_fio: 5, standard_address: 1",6,УЗ-4,.docx,Контроль доступа + Сверка
BCom_Brochure.pdf,Прочее\BCom_Brochure.pdf,"standard_email: 1, payment_cvv: 6",7,УЗ-2,.pdf,AES-256 + RBAC + Аудит
Bid_Bachelor-Specialist.rtf,Прочее\Bid_Bachelor-Specialist.rtf,"standard_email: 1, payment_cvv: 1",2,УЗ-2,.rtf,AES-256 + RBAC + Аудит
Bid_Magistracy.rtf,Прочее\Bid_Magistracy.rtf,"standard_email: 1, payment_cvv: 1",2,УЗ-2,.rtf,AES-256 + RBAC + Аудит
BA_JMC_brochure_2025.pdf,Прочее\BA_JMC_brochure_2025.pdf,"state_passport: 1, state_inn: 1, payment_cvv: 9",11,УЗ-2,.pdf,AES-256 + RBAC + Аудит
BGP.pdf,Прочее\BGP.pdf,"standard_email: 1, payment_cvv: 8",9,УЗ-2,.pdf,AES-256 + RBAC + Аудит
bio_him_obr.pdf,Прочее\bio_him_obr.pdf,"standard_fio: 139, standard_address: 4, payment_cvv: 3, special_health: 2",148,УЗ-1,.pdf,AES-256 + RBAC + Аудит
bio.pdf,Прочее\bio.pdf,"standard_fio: 478, standard_address: 4, special_health: 4",486,УЗ-1,.pdf,AES-256 + RBAC + Аудит
bpt_2025.pdf,Прочее\bpt_2025.pdf,"standard_email: 1, payment_cvv: 6",7,УЗ-2,.pdf,AES-256 + RBAC + Аудит
bio_ino.pdf,Прочее\bio_ino.pdf,"standard_fio: 478, standard_address: 4, special_health: 4",486,УЗ-1,.pdf,AES-256 + RBAC + Аудит
AICTE_Mandatory_Disclosure_2024_25.pdf,Прочее\AICTE_Mandatory_Disclosure_2024_25.pdf,"standard_phone: 3, standard_email: 3, standard_dob: 23, state_passport: 8, state_inn: 7, payment_cvv: 444",488,УЗ-2,.pdf,AES-256 + RBAC + Аудит
BDesign_brochure.pdf,Прочее\BDesign_brochure.pdf,"state_passport: 1, state_inn: 1, payment_cvv: 4",6,УЗ-2,.pdf,AES-256 + RBAC + Аудит
Building_innovation_Vitoshko.pdf,Прочее\Building_innovation_Vitoshko.pdf,"standard_phone: 1, standard_email: 1, payment_cvv: 3",5,УЗ-2,.pdf,AES-256 + RBAC + Аудит
bpharma_2025.pdf,Прочее\bpharma_2025.pdf,"standard_email: 1, payment_cvv: 5",6,УЗ-2,.pdf,AES-256 + RBAC + Аудит
Business%20in%20Tourism%20and%20Hospitality.pdf,Прочее\Business%20in%20Tourism%20and%20Hospitality.pdf,standard_email: 1,1,УЗ-4,.pdf,Контроль доступа + Сверка
BSc_MSc_Basic_Science_brochure_2025.pdf,Прочее\BSc_MSc_Basic_Science_brochure_2025.pdf,"standard_email: 1, payment_cvv: 5",6,УЗ-2,.pdf,AES-256 + RBAC + Аудит
allied_health_sciences_2025.pdf,Прочее\allied_health_sciences_2025.pdf,"standard_email: 1, payment_cvv: 7",8,УЗ-2,.pdf,AES-256 + RBAC + Аудит
Call-for-papers_2024.pdf,Прочее\Call-for-papers_2024.pdf,"standard_email: 1, payment_cvv: 11",12,УЗ-2,.pdf,AES-256 + RBAC + Аудит
bsc_msc_nursing_2025.pdf,Прочее\bsc_msc_nursing_2025.pdf,"standard_email: 1, standard_dob: 1, payment_cvv: 5",7,УЗ-2,.pdf,AES-256 + RBAC + Аудит
CartaInformativaCongreso2025_ru.pdf,Прочее\CartaInformativaCongreso2025_ru.pdf,"standard_fio: 114, standard_phone: 1, standard_email: 2, standard_address: 2, payment_cvv: 6",125,УЗ-2,.pdf,AES-256 + RBAC + Аудит
CartaCercetatoruluiCodul-de-Conduita.pdf,Прочее\CartaCercetatoruluiCodul-de-Conduita.pdf,"standard_dob: 2, payment_cvv: 12",14,УЗ-2,.pdf,AES-256 + RBAC + Аудит
cher.pdf,Прочее\cher.pdf,"standard_fio: 83, standard_address: 4, payment_cvv: 12",99,УЗ-2,.pdf,AES-256 + RBAC + Аудит
BSC_DS_2025.pdf,Прочее\BSC_DS_2025.pdf,"standard_email: 1, payment_cvv: 8",9,УЗ-2,.pdf,AES-256 + RBAC + Аудит
c50dea3311d9c12cf6e941d47f574300.pdf,Прочее\c50dea3311d9c12cf6e941d47f574300.pdf,"standard_fio: 1347, standard_address: 22, payment_cvv: 6, special_health: 1",1376,УЗ-1,.pdf,AES-256 + RBAC + Аудит
CMTF_oral_exam.pdf,Прочее\CMTF_oral_exam.pdf,payment_cvv: 2,2,УЗ-2,.pdf,AES-256 + RBAC + Аудит
CNO_AULA_Hispanica.pdf,Прочее\CNO_AULA_Hispanica.pdf,"standard_fio: 30, standard_email: 6, standard_address: 1",37,УЗ-4,.pdf,Контроль доступа + Сверка
Catalogue_of_UNG_Equipment_and_Expertise_for_External_users.pdf,Прочее\Catalogue_of_UNG_Equipment_and_Expertise_for_External_users.pdf,"standard_email: 87, payment_cvv: 24",111,УЗ-2,.pdf,AES-256 + RBAC + Аудит
confl25.pdf,Прочее\confl25.pdf,"standard_fio: 109, standard_phone: 2, standard_email: 2, standard_address: 2, payment_cvv: 8, special_health: 1",124,УЗ-1,.pdf,AES-256 + RBAC + Аудит
Cod_etica_2023.pdf,Прочее\Cod_etica_2023.pdf,"standard_dob: 2, payment_cvv: 2",4,УЗ-2,.pdf,AES-256 + RBAC + Аудит
Congreso_Anexos_rus_2025.docx,Прочее\Congreso_Anexos_rus_2025.docx,"standard_fio: 75, payment_cvv: 8",83,УЗ-2,.docx,AES-256 + RBAC + Аудит
ConfPABCProgram_2023.pdf,Прочее\ConfPABCProgram_2023.pdf,"standard_fio: 19, standard_address: 2, payment_cvv: 1",22,УЗ-2,.pdf,AES-256 + RBAC + Аудит
Carta_ASEM.pdf,Прочее\Carta_ASEM.pdf,"standard_dob: 11, payment_cvv: 80",91,УЗ-2,.pdf,AES-256 + RBAC + Аудит
copy_of_shortlist-of-recommended-courses-2022-2023-21-09-2022.pdf,Прочее\copy_of_shortlist-of-recommended-courses-2022-2023-21-09-2022.pdf,payment_cvv: 1,1,УЗ-2,.pdf,AES-256 + RBAC + Аудит
Course%20syllabus%20%20MATHEMATICAL%20MODELS%20OF%20PROCESS%20AND%20SYSTEMS.pdf,Прочее\Course%20syllabus%20%20MATHEMATICAL%20MODELS%20OF%20PROCESS%20AND%20SYSTEMS.pdf,"standard_email: 1, payment_cvv: 4",5,УЗ-2,.pdf,AES-256 + RBAC + Аудит
Course%20Syllabus%20(General%20Pedagogy).pdf,Прочее\Course%20Syllabus%20(General%20Pedagogy).pdf,"standard_email: 1, payment_cvv: 8",9,УЗ-2,.pdf,AES-256 + RBAC + Аудит
Course%20syllabus%20(Model-analytical%20and%20Strategic%20Research%20Methods).pdf,Прочее\Course%20syllabus%20(Model-analytical%20and%20Strategic%20Research%20Methods).pdf,"standard_email: 1, payment_cvv: 9",10,УЗ-2,.pdf,AES-256 + RBAC + Аудит
Course%20Syllabus%20(Pedagogical%20Theory%20and%20Conceptions).pdf,Прочее\Course%20Syllabus%20(Pedagogical%20Theory%20and%20Conceptions).pdf,"standard_email: 1, payment_cvv: 10",11,УЗ-2,.pdf,AES-256 + RBAC + Аудит
Course%20Syllabus%20(Preparation%20of%20Scientific%20Publications).pdf,Прочее\Course%20Syllabus%20(Preparation%20of%20Scientific%20Publications).pdf,"standard_email: 1, payment_cvv: 5",6,УЗ-2,.pdf,AES-256 + RBAC + Аудит
Course%20Syllabus%20(Vocational%20Training%20Technologies).pdf,Прочее\Course%20Syllabus%20(Vocational%20Training%20Technologies).pdf,"standard_email: 1, payment_cvv: 1",2,УЗ-2,.pdf,AES-256 + RBAC + Аудит
Course%20syllabus%20ADVANCED%20PROBLEMS%20OF%20MATHEMATICAL%20PHYSICS.pdf,Прочее\Course%20syllabus%20ADVANCED%20PROBLEMS%20OF%20MATHEMATICAL%20PHYSICS.pdf,"standard_email: 1, payment_cvv: 6",7,УЗ-2,.pdf,AES-256 + RBAC + Аудит
Course%20syllabus%20Mathematical%20models%20in%20biology.pdf,Прочее\Course%20syllabus%20Mathematical%20models%20in%20biology.pdf,standard_email: 1,1,УЗ-4,.pdf,Контроль доступа + Сверка
Course%20syllabus%20ASPT%20methods.pdf,Прочее\Course%20syllabus%20ASPT%20methods.pdf,"standard_email: 1, payment_cvv: 11",12,УЗ-2,.pdf,AES-256 + RBAC + Аудит
Course%20syllabus%20MODERN%20NUMERICAL%20METHODS%20IN%20MATHEMATICAL%20MODELING.pdf,Прочее\Course%20syllabus%20MODERN%20NUMERICAL%20METHODS%20IN%20MATHEMATICAL%20MODELING.pdf,standard_email: 1,1,УЗ-4,.pdf,Контроль доступа + Сверка
Course%20syllabus%20MODERN%20Computer%20Technologies%202022.pdf,Прочее\Course%20syllabus%20MODERN%20Computer%20Technologies%202022.pdf,standard_email: 1,1,УЗ-4,.pdf,Контроль доступа + Сверка
Course%20syllabus%20sample_Ecology%20of%20the%20city.pdf,Прочее\Course%20syllabus%20sample_Ecology%20of%20the%20city.pdf,standard_email: 1,1,УЗ-4,.pdf,Контроль доступа + Сверка
Course%20syllabus%20sample%20(International%20standards%20for%20legal%20-%20%D0%90%D1%80%D0%B7%D1%83%D0%BC%D0%B0%D0%BD%D1%8F%D0%BD).pdf,Прочее\Course%20syllabus%20sample%20(International%20standards%20for%20legal%20-%20%D0%90%D1%80%D0%B7%D1%83%D0%BC%D0%B0%D0%BD%D1%8F%D0%BD).pdf,standard_email: 1,1,УЗ-4,.pdf,Контроль доступа + Сверка
Course%20syllabus%20sample_Environmental%20problems%20and%20environmental%20pollution.pdf,Прочее\Course%20syllabus%20sample_Environmental%20problems%20and%20environmental%20pollution.pdf,standard_email: 1,1,УЗ-4,.pdf,Контроль доступа + Сверка
Course%20syllabus%20sample_Key%20Concepts%20in%20Urban%20and%20Cultural%20Studies.pdf,Прочее\Course%20syllabus%20sample_Key%20Concepts%20in%20Urban%20and%20Cultural%20Studies.pdf,standard_email: 1,1,УЗ-4,.pdf,Контроль доступа + Сверка
Course%20syllabus%20sample_Scientific%20research%20design%20of%20urban%20environment.pdf,Прочее\Course%20syllabus%20sample_Scientific%20research%20design%20of%20urban%20environment.pdf,standard_email: 1,1,УЗ-4,.pdf,Контроль доступа + Сверка
Course%20syllabus%20sample_Territory%20branding.pdf,Прочее\Course%20syllabus%20sample_Territory%20branding.pdf,standard_email: 1,1,УЗ-4,.pdf,Контроль доступа + Сверка
Course%20syllabus%20sample_Urban%20design%20project%204.%20Renovation%20of%20the%20urban%20environment.pdf,Прочее\Course%20syllabus%20sample_Urban%20design%20project%204.%20Renovation%20of%20the%20urban%20environment.pdf,standard_email: 1,1,УЗ-4,.pdf,Контроль доступа + Сверка
Course%20syllabus%20sample_Urban%20design%20project%205.%20Designing%20an%20environment%20based%20on%20the%20concept%20of%20identity.pdf,Прочее\Course%20syllabus%20sample_Urban%20design%20project%205.%20Designing%20an%20environment%20based%20on%20the%20concept%20of%20identity.pdf,standard_email: 1,1,УЗ-4,.pdf,Контроль доступа + Сверка
Course%20syllabus%20sample_Urban%20development.pdf,Прочее\Course%20syllabus%20sample_Urban%20development.pdf,standard_email: 1,1,УЗ-4,.pdf,Контроль доступа + Сверка
Course%20syllabus_Culture%20and%20Philosophy%20of%20Ancient%20Greece%20in%20Russian%20studies%20of%20Classics_2022.pdf,Прочее\Course%20syllabus_Culture%20and%20Philosophy%20of%20Ancient%20Greece%20in%20Russian%20studies%20of%20Classics_2022.pdf,"standard_email: 1, payment_cvv: 1",2,УЗ-2,.pdf,AES-256 + RBAC + Аудит
Course%20syllabus%20Sociology%20of%20the%20Internet.pdf,Прочее\Course%20syllabus%20Sociology%20of%20the%20Internet.pdf,"standard_email: 1, payment_cvv: 31",32,УЗ-2,.pdf,AES-256 + RBAC + Аудит
Course%20syllabus_Logical%20Argumentation%20and%20Critical%20Thinking_2022.pdf,Прочее\Course%20syllabus_Logical%20Argumentation%20and%20Critical%20Thinking_2022.pdf,"standard_email: 1, payment_cvv: 5",6,УЗ-2,.pdf,AES-256 + RBAC + Аудит
Course%20syllabus_Methodology%20of%20Social%20Sciences%20and%20Humanities_2022.pdf,Прочее\Course%20syllabus_Methodology%20of%20Social%20Sciences%20and%20Humanities_2022.pdf,"standard_email: 1, payment_cvv: 1",2,УЗ-2,.pdf,AES-256 + RBAC + Аудит
Course%20syllabus_Religions%20%20.pdf,Прочее\Course%20syllabus_Religions%20%20.pdf,"standard_email: 2, payment_cvv: 1",3,УЗ-2,.pdf,AES-256 + RBAC + Аудит
Course%20syllabus_Nedin.pdf,Прочее\Course%20syllabus_Nedin.pdf,"standard_email: 1, payment_cvv: 2",3,УЗ-2,.pdf,AES-256 + RBAC + Аудит
contests.pdf,Прочее\contests.pdf,"standard_fio: 217, payment_cvv: 2",219,УЗ-2,.pdf,AES-256 + RBAC + Аудит
Course%20syllabus_Soviet%20Science%20and%20Science%20in%20Modern%20Russia_2022.pdf,Прочее\Course%20syllabus_Soviet%20Science%20and%20Science%20in%20Modern%20Russia_2022.pdf,"standard_email: 1, payment_cvv: 1",2,УЗ-2,.pdf,AES-256 + RBAC + Аудит
Course%20syllabus_Semiotic%20Studies%20in%20Russia%20and%20Development%20of%20the%20Humanities%20in%20Europe_2022.pdf,Прочее\Course%20syllabus_Semiotic%20Studies%20in%20Russia%20and%20Development%20of%20the%20Humanities%20in%20Europe_2022.pdf,"standard_email: 1, payment_cvv: 1",2,УЗ-2,.pdf,AES-256 + RBAC + Аудит
Cutting-edge%20management%20in%20hotels%20and%20hospitality%20enterprises.pdf,Прочее\Cutting-edge%20management%20in%20hotels%20and%20hospitality%20enterprises.pdf,standard_email: 1,1,УЗ-4,.pdf,Контроль доступа + Сверка
CT_RB_2025.pdf,Прочее\CT_RB_2025.pdf,"standard_fio: 43, standard_address: 1, payment_cvv: 1",45,УЗ-2,.pdf,AES-256 + RBAC + Аудит
d1e7a0684a9e51c599fb223264e96189.pdf,Прочее\d1e7a0684a9e51c599fb223264e96189.pdf,"standard_fio: 434, standard_email: 1, standard_dob: 2, standard_address: 6, payment_cvv: 6",449,УЗ-2,.pdf,AES-256 + RBAC + Аудит
Der.pdf,Прочее\Der.pdf,"standard_fio: 1, payment_cvv: 7",8,УЗ-2,.pdf,AES-256 + RBAC + Аудит
DGTU-conference-programm.rtf,Прочее\DGTU-conference-programm.rtf,"standard_email: 1, payment_cvv: 1",2,УЗ-2,.rtf,AES-256 + RBAC + Аудит
diz_komp.pdf,Прочее\diz_komp.pdf,"standard_fio: 175, standard_address: 3, payment_cvv: 11, special_health: 2",191,УЗ-1,.pdf,AES-256 + RBAC + Аудит
Business%20Spanish%20A2%20the%20order.pdf,Прочее\Business%20Spanish%20A2%20the%20order.pdf,payment_cvv: 1,1,УЗ-2,.pdf,AES-256 + RBAC + Аудит
do-market-commentary-global-disclosure.pdf,Прочее\do-market-commentary-global-disclosure.pdf,"standard_email: 1, payment_cvv: 8",9,УЗ-2,.pdf,AES-256 + RBAC + Аудит
Donnews-Mediakit.pdf,Прочее\Donnews-Mediakit.pdf,"standard_fio: 77, payment_cvv: 29",106,УЗ-2,.pdf,AES-256 + RBAC + Аудит
DSUFeedbackAnalysisReport.pdf,Прочее\DSUFeedbackAnalysisReport.pdf,payment_cvv: 2,2,УЗ-2,.pdf,AES-256 + RBAC + Аудит
dsu-symposium-2024.pdf,Прочее\dsu-symposium-2024.pdf,"standard_email: 1, standard_dob: 5, payment_cvv: 3",9,УЗ-2,.pdf,AES-256 + RBAC + Аудит
chislen0603.pdf,Прочее\chislen0603.pdf,"standard_fio: 13, standard_phone: 5, state_passport: 1, payment_cvv: 76",95,УЗ-2,.pdf,AES-256 + RBAC + Аудит
DSUSampleFilledFeedbackCollected.pdf,Прочее\DSUSampleFilledFeedbackCollected.pdf,payment_cvv: 3,3,УЗ-2,.pdf,AES-256 + RBAC + Аудит
DSU_Research_Ethics_Policy_2021.pdf,Прочее\DSU_Research_Ethics_Policy_2021.pdf,standard_dob: 1,1,УЗ-4,.pdf,Контроль доступа + Сверка
cpgz2j07avd690b8sv0s21rxpuypsq9t.pdf,Прочее\cpgz2j07avd690b8sv0s21rxpuypsq9t.pdf,"standard_fio: 2088, standard_dob: 7, standard_address: 32, payment_cvv: 61",2188,УЗ-2,.pdf,AES-256 + RBAC + Аудит
EBBondarevskaia_conference-info.rtf,Прочее\EBBondarevskaia_conference-info.rtf,"standard_email: 1, payment_cvv: 1",2,УЗ-2,.rtf,AES-256 + RBAC + Аудит
DSU_City_innovation_Campus_Programs_2025.pdf,Прочее\DSU_City_innovation_Campus_Programs_2025.pdf,"standard_email: 1, payment_cvv: 13",14,УЗ-2,.pdf,AES-256 + RBAC + Аудит
DSU_Main_Campus_Programs_2025.pdf,Прочее\DSU_Main_Campus_Programs_2025.pdf,"standard_email: 1, payment_cvv: 14",15,УЗ-2,.pdf,AES-256 + RBAC + Аудит
Ecology%20of%20the%20city.pdf,Прочее\Ecology%20of%20the%20city.pdf,"standard_email: 1, payment_cvv: 10",11,УЗ-2,.pdf,AES-256 + RBAC + Аудит
Economics%20of%20Sports.pdf,Прочее\Economics%20of%20Sports.pdf,payment_cvv: 1,1,УЗ-2,.pdf,AES-256 + RBAC + Аудит
Ecosystems.pdf,Прочее\Ecosystems.pdf,"standard_fio: 31, standard_dob: 2, standard_address: 4, payment_cvv: 11",48,УЗ-2,.pdf,AES-256 + RBAC + Аудит
CVDrKased.pdf,Прочее\CVDrKased.pdf,"standard_email: 4, payment_cvv: 18",22,УЗ-2,.pdf,AES-256 + RBAC + Аудит
ekol_prirod.pdf,Прочее\ekol_prirod.pdf,"standard_fio: 182, standard_dob: 1, standard_address: 9, payment_cvv: 33, special_health: 4",229,УЗ-1,.pdf,AES-256 + RBAC + Аудит
eko_geo.pdf,Прочее\eko_geo.pdf,"standard_fio: 267, standard_address: 11, payment_cvv: 22, special_health: 2",302,УЗ-1,.pdf,AES-256 + RBAC + Аудит
e341c346955f24a09fba0a84d37a870a.pdf,Прочее\e341c346955f24a09fba0a84d37a870a.pdf,"standard_fio: 1329, standard_address: 22, payment_cvv: 6, special_health: 1",1358,УЗ-1,.pdf,AES-256 + RBAC + Аудит
eko_mon.pdf,Прочее\eko_mon.pdf,"standard_fio: 263, standard_address: 27, payment_cvv: 51, special_health: 1",342,УЗ-1,.pdf,AES-256 + RBAC + Аудит
emir-frandt-disclosure.pdf,Прочее\emir-frandt-disclosure.pdf,"standard_email: 2, payment_cvv: 1",3,УЗ-2,.pdf,AES-256 + RBAC + Аудит
emir-frandt-request-for-proposal.pdf,Прочее\emir-frandt-request-for-proposal.pdf,"standard_email: 3, payment_cvv: 2",5,УЗ-2,.pdf,AES-256 + RBAC + Аудит
eko_str.pdf,Прочее\eko_str.pdf,"standard_fio: 245, standard_address: 19, payment_cvv: 24, special_health: 2",290,УЗ-1,.pdf,AES-256 + RBAC + Аудит
Errand_RFFI-form-v2.rtf,Прочее\Errand_RFFI-form-v2.rtf,"standard_email: 1, payment_cvv: 1",2,УЗ-2,.rtf,AES-256 + RBAC + Аудит
Entrepreneurship%20in%20Hospitality.pdf,Прочее\Entrepreneurship%20in%20Hospitality.pdf,standard_email: 1,1,УЗ-4,.pdf,Контроль доступа + Сверка
Excursion%20business.pdf,Прочее\Excursion%20business.pdf,standard_email: 1,1,УЗ-4,.pdf,Контроль доступа + Сверка
f1m24swvehna3obtnn9xofw2bff4emsq.pdf,Прочее\f1m24swvehna3obtnn9xofw2bff4emsq.pdf,"standard_fio: 181, standard_dob: 1, standard_address: 1, payment_cvv: 20",203,УЗ-2,.pdf,AES-256 + RBAC + Аудит
ergo.pdf,Прочее\ergo.pdf,"standard_fio: 197, standard_address: 10, payment_cvv: 23, special_health: 1",231,УЗ-1,.pdf,AES-256 + RBAC + Аудит
edvr4ufwv5zh72zrpiplz60e2rtwethf.pdf,Прочее\edvr4ufwv5zh72zrpiplz60e2rtwethf.pdf,"standard_fio: 1764, standard_dob: 5, standard_address: 24, payment_cvv: 29",1822,УЗ-2,.pdf,AES-256 + RBAC + Аудит
FCP_competitions-notice.rtf,Прочее\FCP_competitions-notice.rtf,"standard_email: 1, payment_cvv: 1",2,УЗ-2,.rtf,AES-256 + RBAC + Аудит
fin_teh.pdf,Прочее\fin_teh.pdf,"standard_fio: 182, standard_address: 8, payment_cvv: 19, special_health: 8",217,УЗ-1,.pdf,AES-256 + RBAC + Аудит
fis_podg_ino.pdf,Прочее\fis_podg_ino.pdf,"standard_fio: 209, standard_dob: 5, standard_address: 5, payment_cvv: 13",232,УЗ-2,.pdf,AES-256 + RBAC + Аудит
E_brochure_08022024.pdf,Прочее\E_brochure_08022024.pdf,"standard_email: 1, payment_cvv: 3",4,УЗ-2,.pdf,AES-256 + RBAC + Аудит
fb66cb01477a968bfe786611fb0eea9b.pdf,Прочее\fb66cb01477a968bfe786611fb0eea9b.pdf,"standard_fio: 977, standard_address: 22, payment_cvv: 8, special_health: 1",1008,УЗ-1,.pdf,AES-256 + RBAC + Аудит
Folleto_cursos_ruso1.pdf,Прочее\Folleto_cursos_ruso1.pdf,"standard_email: 5, payment_cvv: 9",14,УЗ-2,.pdf,AES-256 + RBAC + Аудит
formo.rtf,Прочее\formo.rtf,"standard_email: 1, payment_cvv: 1",2,УЗ-2,.rtf,AES-256 + RBAC + Аудит
f985xk95uk352rnl7d2guv812ndifv14.pdf,Прочее\f985xk95uk352rnl7d2guv812ndifv14.pdf,"standard_fio: 1577, standard_address: 28, payment_cvv: 25",1630,УЗ-2,.pdf,AES-256 + RBAC + Аудит
formulario_inscripcion_dele_2022.pdf,Прочее\formulario_inscripcion_dele_2022.pdf,"standard_email: 5, payment_cvv: 2",7,УЗ-2,.pdf,AES-256 + RBAC + Аудит
Fundamentals%20of%20Tourism.pdf,Прочее\Fundamentals%20of%20Tourism.pdf,standard_email: 1,1,УЗ-4,.pdf,Контроль доступа + Сверка
FZ 273 ob obrazovanii-rf.doc,Прочее\FZ 273 ob obrazovanii-rf.doc,"standard_fio: 10151, standard_dob: 160, standard_address: 103, payment_cvv: 160, special_health: 5",10579,УЗ-1,.doc,AES-256 + RBAC + Аудит
FZ 273.rtf,Прочее\FZ 273.rtf,"standard_fio: 1378, standard_dob: 69, standard_address: 27, payment_cvv: 68",1542,УЗ-2,.rtf,AES-256 + RBAC + Аудит
fk.pdf,Прочее\fk.pdf,"standard_fio: 680, standard_dob: 5, standard_address: 11, payment_cvv: 12",708,УЗ-2,.pdf,AES-256 + RBAC + Аудит
GenerationS-info.rtf,Прочее\GenerationS-info.rtf,"standard_email: 1, payment_cvv: 1",2,УЗ-2,.rtf,AES-256 + RBAC + Аудит
Freedom%20of%20Speech%20and%20Academic%20Freedom%20Code%20of%20Practice%20-%20v3.4.pdf,Прочее\Freedom%20of%20Speech%20and%20Academic%20Freedom%20Code%20of%20Practice%20-%20v3.4.pdf,"standard_email: 7, standard_dob: 3",10,УЗ-4,.pdf,Контроль доступа + Сверка
FK_sport.pdf,Прочее\FK_sport.pdf,"standard_fio: 1207, standard_address: 26, payment_cvv: 30, special_health: 11",1274,УЗ-1,.pdf,AES-256 + RBAC + Аудит
geolog.pdf,Прочее\geolog.pdf,"standard_fio: 193, standard_address: 14, payment_cvv: 11, special_health: 1",219,УЗ-1,.pdf,AES-256 + RBAC + Аудит
geo.pdf,Прочее\geo.pdf,"standard_fio: 399, standard_address: 9, payment_cvv: 23, special_health: 2",433,УЗ-1,.pdf,AES-256 + RBAC + Аудит
geo_inf.pdf,Прочее\geo_inf.pdf,"standard_fio: 168, standard_dob: 5, standard_address: 9, payment_cvv: 17, special_health: 1",200,УЗ-1,.pdf,AES-256 + RBAC + Аудит
gender_equality_plan.pdf,Прочее\gender_equality_plan.pdf,"standard_dob: 4, payment_cvv: 28",32,УЗ-2,.pdf,AES-256 + RBAC + Аудит
gidrolog.pdf,Прочее\gidrolog.pdf,"standard_fio: 103, standard_address: 8, payment_cvv: 10, special_health: 3",124,УЗ-1,.pdf,AES-256 + RBAC + Аудит
geo_ino.pdf,Прочее\geo_ino.pdf,"standard_fio: 400, standard_address: 9, payment_cvv: 23, special_health: 2",434,УЗ-1,.pdf,AES-256 + RBAC + Аудит
gl_VII_exam_P120-OD_reglament_PK.pdf,Прочее\gl_VII_exam_P120-OD_reglament_PK.pdf,"standard_fio: 295, standard_dob: 1, payment_cvv: 1",297,УЗ-2,.pdf,AES-256 + RBAC + Аудит
gl_VI_P120-OD_reglament_PK.pdf,Прочее\gl_VI_P120-OD_reglament_PK.pdf,"standard_fio: 275, standard_dob: 1, standard_address: 1, payment_cvv: 1",278,УЗ-2,.pdf,AES-256 + RBAC + Аудит
Ghidul_Studentului_2023.pdf,Прочее\Ghidul_Studentului_2023.pdf,"standard_email: 1, standard_dob: 3, payment_cvv: 54",58,УЗ-2,.pdf,AES-256 + RBAC + Аудит
gl_V_exam_P120-OD_reglament_PK.pdf,Прочее\gl_V_exam_P120-OD_reglament_PK.pdf,"standard_fio: 1361, standard_dob: 1, standard_address: 3, payment_cvv: 2",1367,УЗ-2,.pdf,AES-256 + RBAC + Аудит
gk6wsflsno7xkvnynehy33ugy7n098ue.pdf,Прочее\gk6wsflsno7xkvnynehy33ugy7n098ue.pdf,"standard_fio: 1761, standard_address: 28, payment_cvv: 41",1830,УЗ-2,.pdf,AES-256 + RBAC + Аудит
google_privacy_policy_en_eu.pdf,Прочее\google_privacy_policy_en_eu.pdf,payment_cvv: 4,4,УЗ-2,.pdf,AES-256 + RBAC + Аудит
goslicense.pdf,Прочее\goslicense.pdf,"standard_fio: 68, standard_dob: 3, standard_address: 8, state_inn: 4, payment_cvv: 1",84,УЗ-2,.pdf,AES-256 + RBAC + Аудит
Government-order_220-notice.rtf,Прочее\Government-order_220-notice.rtf,"standard_email: 1, payment_cvv: 1",2,УЗ-2,.rtf,AES-256 + RBAC + Аудит
ece_2025.pdf,Прочее\ece_2025.pdf,"standard_email: 1, payment_cvv: 9",10,УЗ-2,.pdf,AES-256 + RBAC + Аудит
graf.pdf,Прочее\graf.pdf,"standard_fio: 82, standard_address: 5, payment_cvv: 12",99,УЗ-2,.pdf,AES-256 + RBAC + Аудит
google_terms_of_service_en_eu.pdf,Прочее\google_terms_of_service_en_eu.pdf,"standard_email: 2, state_passport: 3, payment_cvv: 54",59,УЗ-2,.pdf,AES-256 + RBAC + Аудит
himiya.pdf,Прочее\himiya.pdf,"standard_fio: 78, standard_address: 7",85,УЗ-4,.pdf,Контроль доступа + Сверка
HiTech_Vitoshko.pdf,Прочее\HiTech_Vitoshko.pdf,"standard_phone: 2, standard_email: 1, payment_cvv: 4",7,УЗ-2,.pdf,AES-256 + RBAC + Аудит
Horario_Aula_Hispanica_febrero-abril_2020.doc,Прочее\Horario_Aula_Hispanica_febrero-abril_2020.doc,"standard_fio: 41, standard_email: 2, standard_address: 7, payment_cvv: 2",52,УЗ-2,.doc,AES-256 + RBAC + Аудит
Horario_Aula_Hispanica_octubre-diciembre_2020.doc,Прочее\Horario_Aula_Hispanica_octubre-diciembre_2020.doc,"standard_fio: 46, standard_email: 2, standard_address: 6",54,УЗ-4,.doc,Контроль доступа + Сверка
himiya_ino.pdf,Прочее\himiya_ino.pdf,"standard_fio: 79, standard_address: 8",87,УЗ-4,.pdf,Контроль доступа + Сверка
Horario_Aula_Hispánica_marzo-junio-2021.docx,Прочее\Horario_Aula_Hispánica_marzo-junio-2021.docx,"standard_fio: 6, standard_email: 3",9,УЗ-4,.docx,Контроль доступа + Сверка
google_terms_of_service_nl_eu.pdf,Прочее\google_terms_of_service_nl_eu.pdf,"standard_email: 2, state_passport: 3, payment_cvv: 54",59,УЗ-2,.pdf,AES-256 + RBAC + Аудит
How_to_get_enrolled_2025.pdf,Прочее\How_to_get_enrolled_2025.pdf,"standard_fio: 101, standard_dob: 24, standard_address: 3, payment_cvv: 8",136,УЗ-2,.pdf,AES-256 + RBAC + Аудит
hud_of.pdf,Прочее\hud_of.pdf,"standard_fio: 137, standard_address: 3, payment_cvv: 3, special_health: 1",144,УЗ-1,.pdf,AES-256 + RBAC + Аудит
incidents.json,Прочее\incidents.json,"standard_phone: 24, standard_email: 4, payment_account: 22, payment_cvv: 67",117,УЗ-2,.json,AES-256 + RBAC + Аудит
INFN_AI_Strategy_2024_aggiornato.pdf,Прочее\INFN_AI_Strategy_2024_aggiornato.pdf,payment_cvv: 1,1,УЗ-2,.pdf,AES-256 + RBAC + Аудит
IDP.pdf,Прочее\IDP.pdf,"standard_dob: 2, payment_cvv: 16",18,УЗ-2,.pdf,AES-256 + RBAC + Аудит
informatika.pdf,Прочее\informatika.pdf,"standard_fio: 192, standard_dob: 2, standard_address: 9, state_passport: 1, state_inn: 1, payment_cvv: 9, special_health: 4",218,УЗ-1,.pdf,AES-256 + RBAC + Аудит
Informatsionnoe-pismo-Olimpiada-SFEDU-English-25.doc,Прочее\Informatsionnoe-pismo-Olimpiada-SFEDU-English-25.doc,"standard_fio: 324, standard_phone: 1, standard_email: 4, standard_dob: 10, standard_address: 9, state_passport: 2, state_inn: 2, payment_cvv: 8",360,УЗ-2,.doc,AES-256 + RBAC + Аудит
inf_teh.pdf,Прочее\inf_teh.pdf,standard_fio: 12,12,УЗ-4,.pdf,Контроль доступа + Сверка
ichki_tartib_qoidalar_2024.pdf,Прочее\ichki_tartib_qoidalar_2024.pdf,payment_cvv: 5,5,УЗ-2,.pdf,AES-256 + RBAC + Аудит
instr_PNO.pdf,Прочее\instr_PNO.pdf,"standard_fio: 28, payment_cvv: 3",31,УЗ-2,.pdf,AES-256 + RBAC + Аудит
Highlights 18.pdf,Прочее\Highlights 18.pdf,"standard_email: 16, payment_cvv: 130",146,УЗ-2,.pdf,AES-256 + RBAC + Аудит
Informatsionnoe-pismo_2024.pdf,Прочее\Informatsionnoe-pismo_2024.pdf,"standard_fio: 124, standard_email: 1, standard_dob: 1, standard_address: 6, payment_cvv: 12, special_health: 1",145,УЗ-1,.pdf,AES-256 + RBAC + Аудит
Integrated Marine Research Center.pdf,Прочее\Integrated Marine Research Center.pdf,"standard_phone: 2, standard_email: 2, payment_cvv: 6",10,УЗ-2,.pdf,AES-256 + RBAC + Аудит
Instr_test_2025.pdf,Прочее\Instr_test_2025.pdf,"standard_fio: 119, payment_cvv: 3",122,УЗ-2,.pdf,AES-256 + RBAC + Аудит
Instr_test_2024.pdf,Прочее\Instr_test_2024.pdf,"standard_fio: 131, standard_phone: 1, standard_email: 1, payment_cvv: 3",136,УЗ-2,.pdf,AES-256 + RBAC + Аудит
ipa2014%20(1).docx,Прочее\ipa2014%20(1).docx,"standard_fio: 93, standard_address: 15",108,УЗ-3,.docx,Контроль доступа + Сверка
ingak_description.pdf,Прочее\ingak_description.pdf,"standard_fio: 284, standard_email: 1, standard_dob: 2, standard_address: 4, payment_cvv: 18",309,УЗ-2,.pdf,AES-256 + RBAC + Аудит
International%20transport%20law.pdf,Прочее\International%20transport%20law.pdf,"standard_email: 2, state_passport: 1, state_inn: 1, payment_cvv: 2",6,УЗ-2,.pdf,AES-256 + RBAC + Аудит
ID_2025.pdf,Прочее\ID_2025.pdf,"standard_fio: 962, standard_address: 1, payment_cvv: 2, special_health: 47",1012,УЗ-1,.pdf,AES-256 + RBAC + Аудит
ist_isk.pdf,Прочее\ist_isk.pdf,"standard_fio: 186, standard_address: 30, payment_cvv: 3, special_health: 10",229,УЗ-1,.pdf,AES-256 + RBAC + Аудит
isk_int.pdf,Прочее\isk_int.pdf,"standard_fio: 179, standard_dob: 3, standard_address: 4, payment_cvv: 15, special_health: 11",212,УЗ-1,.pdf,AES-256 + RBAC + Аудит
ist_soc_rab.pdf,Прочее\ist_soc_rab.pdf,"standard_fio: 257, standard_address: 25, payment_cvv: 5",287,УЗ-2,.pdf,AES-256 + RBAC + Аудит
it_resh.pdf,Прочее\it_resh.pdf,"standard_fio: 159, standard_dob: 1, standard_address: 1, payment_cvv: 26, special_health: 11",198,УЗ-1,.pdf,AES-256 + RBAC + Аудит
izo.pdf,Прочее\izo.pdf,"standard_fio: 88, standard_address: 9, payment_cvv: 5",102,УЗ-2,.pdf,AES-256 + RBAC + Аудит
ist_arh.pdf,Прочее\ist_arh.pdf,"standard_fio: 527, standard_address: 33, payment_cvv: 6, special_health: 11, special_religion: 15",592,УЗ-1,.pdf,AES-256 + RBAC + Аудит
izveshenie-015.pdf,Прочее\izveshenie-015.pdf,"standard_fio: 105, standard_address: 2",107,УЗ-3,.pdf,Контроль доступа + Сверка
izveshenie_013.pdf,Прочее\izveshenie_013.pdf,"standard_fio: 77, standard_address: 1",78,УЗ-4,.pdf,Контроль доступа + Сверка
izveshenie_014.pdf,Прочее\izveshenie_014.pdf,"standard_fio: 83, standard_address: 1",84,УЗ-4,.pdf,Контроль доступа + Сверка
IVD_2__1_Gorgorova.pdf_0704d8bae0.pdf,Прочее\IVD_2__1_Gorgorova.pdf_0704d8bae0.pdf,"standard_fio: 433, standard_dob: 2, standard_address: 8, payment_cvv: 15, special_health: 1",459,УЗ-1,.pdf,AES-256 + RBAC + Аудит
Harohalli_Hostel_Student_handbook.pdf,Прочее\Harohalli_Hostel_Student_handbook.pdf,payment_cvv: 3,3,УЗ-2,.pdf,AES-256 + RBAC + Аудит
KCP_asp_2025.pdf,Прочее\KCP_asp_2025.pdf,"standard_fio: 178, standard_address: 21, payment_cvv: 2, special_health: 5",206,УЗ-1,.pdf,AES-256 + RBAC + Аудит
kol_vo_m.pdf,Прочее\kol_vo_m.pdf,"standard_fio: 38, standard_address: 7",45,УЗ-4,.pdf,Контроль доступа + Сверка
KCP_mag_2025.pdf,Прочее\KCP_mag_2025.pdf,"standard_fio: 163, standard_address: 45, payment_cvv: 87, special_health: 5",300,УЗ-1,.pdf,AES-256 + RBAC + Аудит
kol_vo_mag.pdf,Прочее\kol_vo_mag.pdf,standard_fio: 26,26,УЗ-4,.pdf,Контроль доступа + Сверка
KCP_bs_2025.pdf,Прочее\KCP_bs_2025.pdf,"standard_fio: 153, standard_address: 46, payment_cvv: 88, special_health: 3",290,УЗ-1,.pdf,AES-256 + RBAC + Аудит
komp_teh.pdf,Прочее\komp_teh.pdf,standard_fio: 15,15,УЗ-4,.pdf,Контроль доступа + Сверка
kol_vo_m_ino_dop.pdf,Прочее\kol_vo_m_ino_dop.pdf,"standard_fio: 25, standard_address: 11",36,УЗ-4,.pdf,Контроль доступа + Сверка
Life%20safety.pdf,Прочее\Life%20safety.pdf,standard_email: 1,1,УЗ-4,.pdf,Контроль доступа + Сверка
Language_Teaching_in_the_Modern_Digital_Era.pdf,Прочее\Language_Teaching_in_the_Modern_Digital_Era.pdf,payment_cvv: 15,15,УЗ-2,.pdf,AES-256 + RBAC + Аудит
KD_SPA_2023.pdf,Прочее\KD_SPA_2023.pdf,"standard_fio: 400, standard_phone: 2, standard_email: 1, standard_dob: 4, standard_address: 4, payment_cvv: 7, special_health: 5",423,УЗ-1,.pdf,AES-256 + RBAC + Аудит
lit_ino.pdf,Прочее\lit_ino.pdf,"standard_fio: 63, standard_address: 8, payment_cvv: 2",73,УЗ-2,.pdf,AES-256 + RBAC + Аудит
mag_lk_2025.pdf,Прочее\mag_lk_2025.pdf,standard_fio: 13,13,УЗ-4,.pdf,Контроль доступа + Сверка
Management%20advances%20in%20hospitality.pdf,Прочее\Management%20advances%20in%20hospitality.pdf,"standard_fio: 3, standard_email: 1, payment_cvv: 4",8,УЗ-2,.pdf,AES-256 + RBAC + Аудит
KD_013.pdf,Прочее\KD_013.pdf,"standard_fio: 862, standard_dob: 2, standard_address: 14, payment_cvv: 4",882,УЗ-2,.pdf,AES-256 + RBAC + Аудит
KD_014_rus.pdf,Прочее\KD_014_rus.pdf,"standard_fio: 867, standard_dob: 2, standard_address: 16, payment_cvv: 4",889,УЗ-2,.pdf,AES-256 + RBAC + Аудит
matematika.pdf,Прочее\matematika.pdf,"standard_fio: 88, standard_address: 6, payment_cvv: 4, special_health: 2",100,УЗ-1,.pdf,AES-256 + RBAC + Аудит
mash_ob.pdf,Прочее\mash_ob.pdf,"standard_fio: 151, standard_dob: 3, standard_address: 7, payment_cvv: 18, special_health: 10",189,УЗ-1,.pdf,AES-256 + RBAC + Аудит
matematika_ino.pdf,Прочее\matematika_ino.pdf,"standard_fio: 86, standard_address: 6, payment_cvv: 3, special_health: 2",97,УЗ-1,.pdf,AES-256 + RBAC + Аудит
LLM_brochure_2025.pdf,Прочее\LLM_brochure_2025.pdf,"standard_email: 1, payment_cvv: 6",7,УЗ-2,.pdf,AES-256 + RBAC + Аудит
mat_mod.pdf,Прочее\mat_mod.pdf,"standard_fio: 197, standard_address: 13, payment_cvv: 36, special_health: 2, special_race: 1",249,УЗ-1,.pdf,AES-256 + RBAC + Аудит
MCA_brochure_2025.pdf,Прочее\MCA_brochure_2025.pdf,"standard_email: 1, payment_cvv: 6",7,УЗ-2,.pdf,AES-256 + RBAC + Аудит
MBA_brochure_2025.pdf,Прочее\MBA_brochure_2025.pdf,"standard_email: 1, payment_cvv: 7",8,УЗ-2,.pdf,AES-256 + RBAC + Аудит
meteorolog.pdf,Прочее\meteorolog.pdf,"standard_fio: 118, standard_address: 5, payment_cvv: 7, special_health: 3",133,УЗ-1,.pdf,AES-256 + RBAC + Аудит
metod_prof.pdf,Прочее\metod_prof.pdf,"standard_fio: 269, standard_address: 13, payment_cvv: 6, special_health: 2",290,УЗ-1,.pdf,AES-256 + RBAC + Аудит
mc201109.pdf,Прочее\mc201109.pdf,"standard_fio: 175, standard_email: 12, standard_dob: 21, standard_address: 19, payment_cvv: 397, special_health: 1",625,УЗ-1,.pdf,AES-256 + RBAC + Аудит
Modern Microscopy.pdf,Прочее\Modern Microscopy.pdf,"standard_email: 2, standard_dob: 1, payment_cvv: 1",4,УЗ-2,.pdf,AES-256 + RBAC + Аудит
Modern%20technology%20for%20improving%20the%20productivity%20of%20regional%20studies%20communications.pdf,Прочее\Modern%20technology%20for%20improving%20the%20productivity%20of%20regional%20studies%20communications.pdf,"standard_email: 1, payment_cvv: 3",4,УЗ-2,.pdf,AES-256 + RBAC + Аудит
ModernSoftware_oral_exam.pdf,Прочее\ModernSoftware_oral_exam.pdf,payment_cvv: 2,2,УЗ-2,.pdf,AES-256 + RBAC + Аудит
Molecular_spectrostroscopy.pdf,Прочее\Molecular_spectrostroscopy.pdf,"standard_email: 1, standard_dob: 1, payment_cvv: 2",4,УЗ-2,.pdf,AES-256 + RBAC + Аудит
metod_r.pdf,Прочее\metod_r.pdf,"standard_fio: 841, standard_phone: 1, standard_email: 1, standard_dob: 32, standard_address: 2, payment_cvv: 17",894,УЗ-2,.pdf,AES-256 + RBAC + Аудит
lodz-university-of-technology-on-the-path-of-sustainable-development_0.pdf,Прочее\lodz-university-of-technology-on-the-path-of-sustainable-development_0.pdf,payment_cvv: 40,40,УЗ-2,.pdf,AES-256 + RBAC + Аудит
mechanical_engg_2025.pdf,Прочее\mechanical_engg_2025.pdf,"standard_email: 1, payment_cvv: 8",9,УЗ-2,.pdf,AES-256 + RBAC + Аудит
mpt_2025.pdf,Прочее\mpt_2025.pdf,"standard_email: 1, payment_cvv: 6",7,УЗ-2,.pdf,AES-256 + RBAC + Аудит
Media-Kit_KG_2020.pdf,Прочее\Media-Kit_KG_2020.pdf,"standard_fio: 400, standard_phone: 74, standard_address: 60, payment_cvv: 704",1238,УЗ-2,.pdf,AES-256 + RBAC + Аудит
N413_17_05_2012.rtf,Прочее\N413_17_05_2012.rtf,"standard_dob: 164, payment_cvv: 32",196,УЗ-2,.rtf,AES-256 + RBAC + Аудит
m_lit.pdf,Прочее\m_lit.pdf,"standard_fio: 78, standard_address: 3, payment_cvv: 5",86,УЗ-2,.pdf,AES-256 + RBAC + Аудит
Nanoscale_substance_structure.pdf,Прочее\Nanoscale_substance_structure.pdf,payment_cvv: 1,1,УЗ-2,.pdf,AES-256 + RBAC + Аудит
Nanotechnologies.pdf,Прочее\Nanotechnologies.pdf,"standard_email: 1, payment_cvv: 1",2,УЗ-2,.pdf,AES-256 + RBAC + Аудит
New%20managerial%20opportunities%20for%20modern%20organization.pdf,Прочее\New%20managerial%20opportunities%20for%20modern%20organization.pdf,standard_email: 1,1,УЗ-4,.pdf,Контроль доступа + Сверка
Notification & Invitation - 11th Convocation of Manipal University Jaipur.pdf,Прочее\Notification & Invitation - 11th Convocation of Manipal University Jaipur.pdf,"standard_email: 3, payment_cvv: 1",4,УЗ-2,.pdf,AES-256 + RBAC + Аудит
NSS_Actvities.pdf,Прочее\NSS_Actvities.pdf,payment_cvv: 2,2,УЗ-2,.pdf,AES-256 + RBAC + Аудит
obrab_inf.pdf,Прочее\obrab_inf.pdf,"standard_fio: 177, standard_address: 3, payment_cvv: 13",193,УЗ-2,.pdf,AES-256 + RBAC + Аудит
ni_grant.pdf,Прочее\ni_grant.pdf,"standard_fio: 340, standard_dob: 2, standard_address: 5, payment_cvv: 6, special_health: 2",355,УЗ-1,.pdf,AES-256 + RBAC + Аудит
obsh_e.pdf,Прочее\obsh_e.pdf,"standard_fio: 118, standard_address: 1, payment_cvv: 1, special_health: 4",124,УЗ-1,.pdf,AES-256 + RBAC + Аудит
obsh.pdf,Прочее\obsh.pdf,"standard_fio: 177, standard_dob: 1, standard_address: 5, payment_cvv: 2, special_race: 1",186,УЗ-1,.pdf,AES-256 + RBAC + Аудит
mpharma_2025.pdf,Прочее\mpharma_2025.pdf,"standard_email: 1, payment_cvv: 6",7,УЗ-2,.pdf,AES-256 + RBAC + Аудит
Orbit.pdf,Прочее\Orbit.pdf,standard_fio: 4,4,УЗ-4,.pdf,Контроль доступа + Сверка
osn_alg.pdf,Прочее\osn_alg.pdf,"standard_fio: 59, standard_address: 5, payment_cvv: 7, special_health: 7",78,УЗ-1,.pdf,AES-256 + RBAC + Аудит
Ombadsuperson.pdf,Прочее\Ombadsuperson.pdf,"standard_email: 2, standard_dob: 10, state_inn: 1, payment_cvv: 48",61,УЗ-2,.pdf,AES-256 + RBAC + Аудит
osn_bio.pdf,Прочее\osn_bio.pdf,"standard_fio: 205, standard_address: 6, payment_cvv: 13, special_health: 4",228,УЗ-1,.pdf,AES-256 + RBAC + Аудит
osn_el.pdf,Прочее\osn_el.pdf,"standard_fio: 157, standard_address: 7, payment_cvv: 17, special_health: 9",190,УЗ-1,.pdf,AES-256 + RBAC + Аудит
mtech_2025.pdf,Прочее\mtech_2025.pdf,"standard_email: 1, payment_cvv: 5",6,УЗ-2,.pdf,AES-256 + RBAC + Аудит
MSC_DS_2025.pdf,Прочее\MSC_DS_2025.pdf,"standard_email: 1, payment_cvv: 8",9,УЗ-2,.pdf,AES-256 + RBAC + Аудит
osn_hud_d.pdf,Прочее\osn_hud_d.pdf,"standard_fio: 129, standard_address: 4, payment_cvv: 2, special_health: 1",136,УЗ-1,.pdf,AES-256 + RBAC + Аудит
osn_geo_obr.pdf,Прочее\osn_geo_obr.pdf,"standard_fio: 321, standard_address: 10, payment_cvv: 23, special_health: 2",356,УЗ-1,.pdf,AES-256 + RBAC + Аудит
osn_serv.pdf,Прочее\osn_serv.pdf,"standard_fio: 195, standard_address: 13, payment_cvv: 13, special_health: 3",224,УЗ-1,.pdf,AES-256 + RBAC + Аудит
osn_soc_ped.pdf,Прочее\osn_soc_ped.pdf,"standard_fio: 144, standard_dob: 2, standard_address: 9, payment_cvv: 8",163,УЗ-2,.pdf,AES-256 + RBAC + Аудит
osn_mat_obr.pdf,Прочее\osn_mat_obr.pdf,"standard_fio: 289, standard_address: 3, payment_cvv: 4, special_health: 2",298,УЗ-1,.pdf,AES-256 + RBAC + Аудит
osn_turism.pdf,Прочее\osn_turism.pdf,"standard_fio: 76, standard_address: 11, payment_cvv: 12, special_health: 1",100,УЗ-1,.pdf,AES-256 + RBAC + Аудит
osob_prava.pdf,Прочее\osob_prava.pdf,"standard_fio: 117, standard_address: 1, payment_cvv: 11",129,УЗ-2,.pdf,AES-256 + RBAC + Аудит
osn_soc_rab.pdf,Прочее\osn_soc_rab.pdf,"standard_fio: 226, standard_address: 17, payment_cvv: 22, special_health: 1",266,УЗ-1,.pdf,AES-256 + RBAC + Аудит
otbor_k.pdf,Прочее\otbor_k.pdf,"standard_fio: 155, standard_phone: 71, standard_email: 110, standard_address: 2, state_passport: 2, state_inn: 2, payment_cvv: 107",449,УЗ-2,.pdf,AES-256 + RBAC + Аудит
Otchet_2011.pdf,Прочее\Otchet_2011.pdf,"standard_fio: 112, standard_address: 10, payment_cvv: 2",124,УЗ-2,.pdf,AES-256 + RBAC + Аудит
Otchet_2012.pdf,Прочее\Otchet_2012.pdf,"standard_fio: 153, standard_address: 5, payment_cvv: 1",159,УЗ-2,.pdf,AES-256 + RBAC + Аудит
Otchet_2013.pdf,Прочее\Otchet_2013.pdf,"standard_fio: 178, standard_address: 14, payment_cvv: 17",209,УЗ-2,.pdf,AES-256 + RBAC + Аудит
Otchet_2014_rus.pdf,Прочее\Otchet_2014_rus.pdf,"standard_fio: 258, standard_dob: 4, standard_address: 14, state_inn: 1, payment_cvv: 37",314,УЗ-2,.pdf,AES-256 + RBAC + Аудит
Ovsepyan%20Course%20syllabus.pdf,Прочее\Ovsepyan%20Course%20syllabus.pdf,"standard_email: 1, payment_cvv: 2",3,УЗ-2,.pdf,AES-256 + RBAC + Аудит
P138_16.05.2023.pdf,Прочее\P138_16.05.2023.pdf,"standard_fio: 209, standard_address: 1",210,УЗ-3,.pdf,Контроль доступа + Сверка
P142_22.05.2023.pdf,Прочее\P142_22.05.2023.pdf,"standard_fio: 524, standard_dob: 3, payment_cvv: 2, special_health: 1",530,УЗ-1,.pdf,AES-256 + RBAC + Аудит
BRADBOOK%202013-V13.pdf,Прочее\BRADBOOK%202013-V13.pdf,standard_fio: 19,19,УЗ-4,.pdf,Контроль доступа + Сверка
mc201205.pdf,Прочее\mc201205.pdf,"standard_fio: 423, standard_phone: 1, standard_email: 11, standard_dob: 11, standard_address: 33, payment_cvv: 311, special_health: 2",792,УЗ-1,.pdf,AES-256 + RBAC + Аудит
P248_2022.pdf,Прочее\P248_2022.pdf,"standard_fio: 572, standard_address: 3, payment_cvv: 6",581,УЗ-2,.pdf,AES-256 + RBAC + Аудит
p805_2021.pdf,Прочее\p805_2021.pdf,"standard_fio: 249, standard_dob: 4, standard_address: 1, payment_cvv: 3",257,УЗ-2,.pdf,AES-256 + RBAC + Аудит
pamyatka.pdf,Прочее\pamyatka.pdf,"standard_fio: 72, standard_phone: 2, standard_email: 1, payment_cvv: 6",81,УЗ-2,.pdf,AES-256 + RBAC + Аудит
Otchet_nauka_2016.pdf,Прочее\Otchet_nauka_2016.pdf,"standard_fio: 1185, standard_dob: 40, standard_address: 83, payment_cvv: 76",1384,УЗ-2,.pdf,AES-256 + RBAC + Аудит
pedagogika.pdf,Прочее\pedagogika.pdf,"standard_fio: 136, standard_dob: 1, standard_address: 5, payment_cvv: 7, special_health: 1",150,УЗ-1,.pdf,AES-256 + RBAC + Аудит
Otchet_mezhdunarodnaya_deyatelnost_2016.pdf,Прочее\Otchet_mezhdunarodnaya_deyatelnost_2016.pdf,"standard_fio: 1138, standard_email: 32, standard_dob: 46, standard_address: 64, state_inn: 2, payment_cvv: 49",1331,УЗ-2,.pdf,AES-256 + RBAC + Аудит
ped_d.pdf,Прочее\ped_d.pdf,"standard_fio: 147, standard_address: 2, payment_cvv: 5, special_health: 4",158,УЗ-1,.pdf,AES-256 + RBAC + Аудит
Perechen_poruchenii.pdf,Прочее\Perechen_poruchenii.pdf,"standard_fio: 58, standard_address: 4, special_health: 1",63,УЗ-1,.pdf,AES-256 + RBAC + Аудит
perezachet.docx,Прочее\perezachet.docx,"standard_fio: 6, standard_address: 1",7,УЗ-4,.docx,Контроль доступа + Сверка
P201-OD.pdf,Прочее\P201-OD.pdf,"standard_fio: 732, standard_dob: 14, standard_address: 2, payment_cvv: 10",758,УЗ-2,.pdf,AES-256 + RBAC + Аудит
ped_doshk.pdf,Прочее\ped_doshk.pdf,"standard_fio: 242, standard_dob: 3, standard_address: 10, payment_cvv: 7, special_health: 1",263,УЗ-1,.pdf,AES-256 + RBAC + Аудит
ped_nach.pdf,Прочее\ped_nach.pdf,"standard_fio: 290, standard_address: 14, payment_cvv: 1, special_health: 6",311,УЗ-1,.pdf,AES-256 + RBAC + Аудит
pfhd_2023_02.pdf,Прочее\pfhd_2023_02.pdf,"standard_fio: 345, standard_phone: 1, standard_dob: 2, standard_address: 8, state_passport: 1, state_inn: 1, payment_cvv: 471",829,УЗ-2,.pdf,AES-256 + RBAC + Аудит
pfhd_2024.pdf,Прочее\pfhd_2024.pdf,"standard_fio: 345, standard_phone: 1, standard_dob: 2, standard_address: 8, state_passport: 1, state_inn: 1, payment_cvv: 437",795,УЗ-2,.pdf,AES-256 + RBAC + Аудит
pfhd_2023_01.pdf,Прочее\pfhd_2023_01.pdf,"standard_fio: 345, standard_phone: 1, standard_dob: 2, standard_address: 8, state_passport: 1, state_inn: 1, payment_cvv: 469",827,УЗ-2,.pdf,AES-256 + RBAC + Аудит
pfhd_2024_01.pdf,Прочее\pfhd_2024_01.pdf,"standard_fio: 345, standard_phone: 1, standard_dob: 2, standard_address: 8, state_passport: 1, state_inn: 1, payment_cvv: 459",817,УЗ-2,.pdf,AES-256 + RBAC + Аудит
pfhd_2025.pdf,Прочее\pfhd_2025.pdf,"standard_fio: 345, standard_phone: 1, standard_dob: 2, standard_address: 8, state_passport: 1, state_inn: 1, payment_cvv: 435",793,УЗ-2,.pdf,AES-256 + RBAC + Аудит
Otchet%202016.pdf,Прочее\Otchet%202016.pdf,"standard_fio: 2245, standard_phone: 5, standard_dob: 7, standard_address: 63, payment_cvv: 638, special_health: 17, special_religion: 1",2976,УЗ-1,.pdf,AES-256 + RBAC + Аудит
pfhd_2024_02.pdf,Прочее\pfhd_2024_02.pdf,"standard_fio: 345, standard_phone: 1, standard_dob: 2, standard_address: 8, state_passport: 1, state_inn: 1, payment_cvv: 463",821,УЗ-2,.pdf,AES-256 + RBAC + Аудит
pfhd_2025_01.pdf,Прочее\pfhd_2025_01.pdf,"standard_fio: 345, standard_phone: 1, standard_dob: 2, standard_address: 8, state_passport: 1, state_inn: 1, payment_cvv: 464",822,УЗ-2,.pdf,AES-256 + RBAC + Аудит
pfhd_2025_02.pdf,Прочее\pfhd_2025_02.pdf,"standard_fio: 345, standard_phone: 1, standard_dob: 2, standard_address: 8, state_passport: 1, state_inn: 1, payment_cvv: 475",833,УЗ-2,.pdf,AES-256 + RBAC + Аудит
physical%20Culture%20and%20sport.pdf,Прочее\physical%20Culture%20and%20sport.pdf,"standard_email: 1, payment_cvv: 7",8,УЗ-2,.pdf,AES-256 + RBAC + Аудит
ph.pdf,Прочее\ph.pdf,"standard_fio: 133, standard_address: 10, payment_cvv: 1",144,УЗ-2,.pdf,AES-256 + RBAC + Аудит
ph_ino.pdf,Прочее\ph_ino.pdf,"standard_fio: 133, standard_address: 10, payment_cvv: 1",144,УЗ-2,.pdf,AES-256 + RBAC + Аудит
Planes2015_anodual_rus.pdf,Прочее\Planes2015_anodual_rus.pdf,"standard_fio: 49, standard_address: 1, payment_cvv: 1",51,УЗ-2,.pdf,AES-256 + RBAC + Аудит
plan-meropriyatij-bgtu-k-80-letiyu-osvobozhdeniya.pdf,Прочее\plan-meropriyatij-bgtu-k-80-letiyu-osvobozhdeniya.pdf,"standard_fio: 218, standard_address: 7",225,УЗ-3,.pdf,Контроль доступа + Сверка
Planes_Aula_Hispánica_2016_rus_osen.doc,Прочее\Planes_Aula_Hispánica_2016_rus_osen.doc,"standard_fio: 66, standard_email: 2, standard_address: 9",77,УЗ-4,.doc,Контроль доступа + Сверка
Planes_Aula_Hispánica_2017_rus_vesna.doc,Прочее\Planes_Aula_Hispánica_2017_rus_vesna.doc,"standard_fio: 50, standard_email: 2, standard_address: 7, payment_cvv: 4",63,УЗ-2,.doc,AES-256 + RBAC + Аудит
plan_r_kons.doc,Прочее\plan_r_kons.doc,standard_fio: 82,82,УЗ-4,.doc,Контроль доступа + Сверка
politika-obrabotki-dannyh-tassru.docx,Прочее\politika-obrabotki-dannyh-tassru.docx,"standard_fio: 1775, standard_email: 1, standard_dob: 45, standard_address: 2, payment_cvv: 79, special_health: 3",1905,УЗ-1,.docx,AES-256 + RBAC + Аудит
Politika-PDN.pdf,Прочее\Politika-PDN.pdf,"standard_fio: 306, standard_dob: 2, standard_address: 3, payment_cvv: 2, special_health: 2",315,УЗ-1,.pdf,AES-256 + RBAC + Аудит
Planes2016_rus.pdf,Прочее\Planes2016_rus.pdf,"standard_fio: 359, standard_address: 15, payment_cvv: 6",380,УЗ-2,.pdf,AES-256 + RBAC + Аудит
Planes2015_rus.pdf,Прочее\Planes2015_rus.pdf,"standard_fio: 298, standard_address: 17, payment_cvv: 9",324,УЗ-2,.pdf,AES-256 + RBAC + Аудит
Politika_privatnosti_UB.pdf,Прочее\Politika_privatnosti_UB.pdf,"standard_fio: 269, standard_email: 3, payment_cvv: 10",282,УЗ-2,.pdf,AES-256 + RBAC + Аудит
poriadok_otbora.pdf,Прочее\poriadok_otbora.pdf,"standard_fio: 50, standard_address: 1",51,УЗ-4,.pdf,Контроль доступа + Сверка
poryadok asp 1259.docx,Прочее\poryadok asp 1259.docx,"standard_fio: 33, payment_cvv: 2",35,УЗ-2,.docx,AES-256 + RBAC + Аудит
polozhenie-po-okazaniyu-situaczionnoj-pomoshhi-invalidam.pdf,Прочее\polozhenie-po-okazaniyu-situaczionnoj-pomoshhi-invalidam.pdf,"standard_fio: 241, standard_address: 4, special_health: 3",248,УЗ-1,.pdf,AES-256 + RBAC + Аудит
polozhenie_econom.pdf,Прочее\polozhenie_econom.pdf,"standard_fio: 446, standard_dob: 1, standard_address: 4, payment_cvv: 2, special_health: 1",454,УЗ-1,.pdf,AES-256 + RBAC + Аудит
Postanovlenie Pravitelstva N 568.pdf,Прочее\Postanovlenie Pravitelstva N 568.pdf,"standard_fio: 151, standard_dob: 17, standard_address: 8, payment_cvv: 14",190,УЗ-2,.pdf,AES-256 + RBAC + Аудит
posih.pdf,Прочее\posih.pdf,"standard_fio: 378, standard_address: 1, special_health: 1",380,УЗ-1,.pdf,AES-256 + RBAC + Аудит
pr.doc,Прочее\pr.doc,"standard_fio: 117, standard_address: 6, payment_cvv: 1",124,УЗ-2,.doc,AES-256 + RBAC + Аудит
pr10_15092012.pdf,Прочее\pr10_15092012.pdf,"standard_email: 1, payment_cvv: 2",3,УЗ-2,.pdf,AES-256 + RBAC + Аудит
polozhenie_o_thesis_2024.pdf,Прочее\polozhenie_o_thesis_2024.pdf,"standard_fio: 896, standard_dob: 2, standard_address: 6, payment_cvv: 12, special_health: 12",928,УЗ-1,.pdf,AES-256 + RBAC + Аудит
pharm_d_2025.pdf,Прочее\pharm_d_2025.pdf,"standard_email: 1, payment_cvv: 5",6,УЗ-2,.pdf,AES-256 + RBAC + Аудит
pr5_25102012.pdf,Прочее\pr5_25102012.pdf,payment_cvv: 1,1,УЗ-2,.pdf,AES-256 + RBAC + Аудит
pr6_09022013.pdf,Прочее\pr6_09022013.pdf,payment_cvv: 2,2,УЗ-2,.pdf,AES-256 + RBAC + Аудит
pr7.pdf,Прочее\pr7.pdf,payment_cvv: 1,1,УЗ-2,.pdf,AES-256 + RBAC + Аудит
pr8_19042013.pdf,Прочее\pr8_19042013.pdf,payment_cvv: 1,1,УЗ-2,.pdf,AES-256 + RBAC + Аудит
mc201308.pdf,Прочее\mc201308.pdf,"standard_fio: 156, standard_email: 23, standard_dob: 16, standard_address: 36, payment_cvv: 510, special_health: 4",745,УЗ-1,.pdf,AES-256 + RBAC + Аудит
PCTE-2025.pdf,Прочее\PCTE-2025.pdf,payment_cvv: 40,40,УЗ-2,.pdf,AES-256 + RBAC + Аудит
pravila-vnutrennego-trudovogo-rasporyadka-bgtu.pdf,Прочее\pravila-vnutrennego-trudovogo-rasporyadka-bgtu.pdf,"standard_fio: 920, standard_dob: 4, standard_address: 5, payment_cvv: 13, special_health: 1",943,УЗ-1,.pdf,AES-256 + RBAC + Аудит
P982.pdf,Прочее\P982.pdf,"standard_fio: 217, standard_address: 15, payment_cvv: 7266, special_health: 4",7502,УЗ-1,.pdf,AES-256 + RBAC + Аудит
President_Grants-2018-info.rtf,Прочее\President_Grants-2018-info.rtf,"standard_email: 1, payment_cvv: 1",2,УЗ-2,.rtf,AES-256 + RBAC + Аудит
price-2025.pdf,Прочее\price-2025.pdf,"standard_fio: 49, standard_phone: 2, standard_email: 1, payment_cvv: 33",85,УЗ-2,.pdf,AES-256 + RBAC + Аудит
pp-bsm.pdf,Прочее\pp-bsm.pdf,"standard_fio: 3152, standard_dob: 11, standard_address: 21, payment_cvv: 92, special_health: 6",3282,УЗ-1,.pdf,AES-256 + RBAC + Аудит
PP%20BSM%202025.pdf,Прочее\PP%20BSM%202025.pdf,"standard_fio: 3257, standard_dob: 16, standard_address: 12, payment_cvv: 174, special_health: 9",3468,УЗ-1,.pdf,AES-256 + RBAC + Аудит
Prikaz-1845_Application1-Report.rtf,Прочее\Prikaz-1845_Application1-Report.rtf,"standard_email: 1, payment_cvv: 1",2,УЗ-2,.rtf,AES-256 + RBAC + Аудит
Prikaz-1845_Application2-Act.rtf,Прочее\Prikaz-1845_Application2-Act.rtf,"standard_email: 1, payment_cvv: 1",2,УЗ-2,.rtf,AES-256 + RBAC + Аудит
Prikaz-1846_Application1-Report.rtf,Прочее\Prikaz-1846_Application1-Report.rtf,"standard_email: 1, payment_cvv: 1",2,УЗ-2,.rtf,AES-256 + RBAC + Аудит
Prikaz П1421.pdf,Прочее\Prikaz П1421.pdf,"standard_fio: 111, standard_address: 7, special_health: 2",120,УЗ-1,.pdf,AES-256 + RBAC + Аудит
Prikaz-1846_Application2-Act.rtf,Прочее\Prikaz-1846_Application2-Act.rtf,"standard_email: 1, payment_cvv: 1",2,УЗ-2,.rtf,AES-256 + RBAC + Аудит
Prikaz-1928_Application1-Report_form.rtf,Прочее\Prikaz-1928_Application1-Report_form.rtf,"standard_email: 1, payment_cvv: 1",2,УЗ-2,.rtf,AES-256 + RBAC + Аудит
Prikaz-1928_Application2-IC_codes.rtf,Прочее\Prikaz-1928_Application2-IC_codes.rtf,"standard_email: 1, payment_cvv: 1",2,УЗ-2,.rtf,AES-256 + RBAC + Аудит
prikaz_N_1022_ot_21.11.2018_.pdf,Прочее\prikaz_N_1022_ot_21.11.2018_.pdf,standard_dob: 14,14,УЗ-4,.pdf,Контроль доступа + Сверка
prikaz_N_1010_1_ot_20.11.2018_.pdf,Прочее\prikaz_N_1010_1_ot_20.11.2018_.pdf,standard_dob: 22,22,УЗ-4,.pdf,Контроль доступа + Сверка
prikaz_N_675_ot_30.08.2018_.pdf,Прочее\prikaz_N_675_ot_30.08.2018_.pdf,"standard_dob: 26, payment_cvv: 13",39,УЗ-2,.pdf,AES-256 + RBAC + Аудит
Prilogenie_Structural_division-report_form.rtf,Прочее\Prilogenie_Structural_division-report_form.rtf,"standard_email: 1, payment_cvv: 1",2,УЗ-2,.rtf,AES-256 + RBAC + Аудит
pravila_priema_v_bakalavriat_spetsialitet_bazov_vo_magistraturu_spets_vo_na_2025-26.pdf,Прочее\pravila_priema_v_bakalavriat_spetsialitet_bazov_vo_magistraturu_spets_vo_na_2025-26.pdf,"standard_fio: 2065, standard_dob: 10, standard_address: 1, payment_cvv: 105, special_health: 6",2187,УЗ-1,.pdf,AES-256 + RBAC + Аудит
prikl_mat.pdf,Прочее\prikl_mat.pdf,"standard_fio: 175, standard_address: 6, payment_cvv: 30, special_health: 1",212,УЗ-1,.pdf,AES-256 + RBAC + Аудит
Pravila_priema_2025_na_sait.pdf,Прочее\Pravila_priema_2025_na_sait.pdf,"standard_fio: 2693, standard_address: 3, payment_cvv: 120, special_health: 6",2822,УЗ-1,.pdf,AES-256 + RBAC + Аудит
Prioritet_itogi.pdf,Прочее\Prioritet_itogi.pdf,"standard_fio: 241, standard_address: 3",244,УЗ-3,.pdf,Контроль доступа + Сверка
Prof.communication.pdf,Прочее\Prof.communication.pdf,"standard_email: 1, payment_cvv: 2",3,УЗ-2,.pdf,AES-256 + RBAC + Аудит
Pravila_priema_bac_spec_2025.pdf,Прочее\Pravila_priema_bac_spec_2025.pdf,"standard_fio: 2644, standard_dob: 7, standard_address: 6, payment_cvv: 129, special_health: 6",2792,УЗ-1,.pdf,AES-256 + RBAC + Аудит
procedures-and-policies-for-maintenance.pdf,Прочее\procedures-and-policies-for-maintenance.pdf,payment_cvv: 2,2,УЗ-2,.pdf,AES-256 + RBAC + Аудит
program.pdf,Прочее\program.pdf,"standard_fio: 255, standard_address: 4, payment_cvv: 8, special_health: 10",277,УЗ-1,.pdf,AES-256 + RBAC + Аудит
PROGRAMMA%20FESTIVAL.pdf,Прочее\PROGRAMMA%20FESTIVAL.pdf,"standard_fio: 440, standard_dob: 1, standard_address: 5, payment_cvv: 8, special_health: 2",456,УЗ-1,.pdf,AES-256 + RBAC + Аудит
Prikaz 601.pdf,Прочее\Prikaz 601.pdf,"standard_fio: 1668, standard_dob: 50, standard_address: 4, payment_cvv: 59, special_health: 7",1788,УЗ-1,.pdf,AES-256 + RBAC + Аудит
Pravila_priema_2025_v_SGUGiT_Bakalavriat_Specialitet.pdf,Прочее\Pravila_priema_2025_v_SGUGiT_Bakalavriat_Specialitet.pdf,"standard_fio: 2965, standard_dob: 14, standard_address: 3, payment_cvv: 130, special_health: 5",3117,УЗ-1,.pdf,AES-256 + RBAC + Аудит
Prot1_17.10.2024.pdf,Прочее\Prot1_17.10.2024.pdf,"standard_fio: 304, standard_dob: 13, standard_address: 5, state_snils: 11, payment_cvv: 622",955,УЗ-2,.pdf,AES-256 + RBAC + Аудит
Prog_stud_conf_Dec_es_2024_esp.pdf,Прочее\Prog_stud_conf_Dec_es_2024_esp.pdf,payment_cvv: 9,9,УЗ-2,.pdf,AES-256 + RBAC + Аудит
Prot3_11.03.2025.pdf,Прочее\Prot3_11.03.2025.pdf,"standard_fio: 204, standard_dob: 12, standard_address: 2, state_snils: 17, payment_cvv: 399",634,УЗ-2,.pdf,AES-256 + RBAC + Аудит
Prot2_20.02.2025.pdf,Прочее\Prot2_20.02.2025.pdf,"standard_fio: 300, standard_dob: 14, standard_address: 2, state_snils: 26, payment_cvv: 581",923,УЗ-2,.pdf,AES-256 + RBAC + Аудит
Prog_stud_conf_Dec_es_2024_rus.pdf,Прочее\Prog_stud_conf_Dec_es_2024_rus.pdf,"standard_fio: 729, standard_address: 10, payment_cvv: 9, special_health: 5, special_race: 1",754,УЗ-1,.pdf,AES-256 + RBAC + Аудит
Protokol.pdf,Прочее\Protokol.pdf,"standard_fio: 193, standard_phone: 1, standard_email: 1, standard_dob: 1, standard_address: 7, state_snils: 1, special_health: 1",205,УЗ-1,.pdf,AES-256 + RBAC + Аудит
Prot4_17.07.2025.pdf,Прочее\Prot4_17.07.2025.pdf,"standard_fio: 187, standard_dob: 3, standard_address: 2, state_snils: 12, payment_cvv: 376",580,УЗ-2,.pdf,AES-256 + RBAC + Аудит
Protokol_0.pdf,Прочее\Protokol_0.pdf,"standard_fio: 179, standard_phone: 1, standard_email: 1, standard_address: 4, payment_cvv: 3, special_health: 1",189,УЗ-1,.pdf,AES-256 + RBAC + Аудит
Protokol N3 2022.pdf,Прочее\Protokol N3 2022.pdf,"standard_fio: 426, standard_phone: 2, standard_email: 2, standard_address: 6, payment_cvv: 4",440,УЗ-2,.pdf,AES-256 + RBAC + Аудит
protokol_21.pdf,Прочее\protokol_21.pdf,"standard_fio: 130, standard_phone: 1, standard_email: 1, standard_address: 2, payment_cvv: 2",136,УЗ-2,.pdf,AES-256 + RBAC + Аудит
Protokol_1.pdf,Прочее\Protokol_1.pdf,"standard_fio: 163, standard_phone: 1, standard_email: 1, standard_address: 4, payment_cvv: 3",172,УЗ-2,.pdf,AES-256 + RBAC + Аудит
PravilaPriema_2025_VO_izm_24.01.2025.pdf,Прочее\PravilaPriema_2025_VO_izm_24.01.2025.pdf,"standard_fio: 2551, standard_dob: 6, standard_address: 41, payment_cvv: 115, special_health: 8",2721,УЗ-1,.pdf,AES-256 + RBAC + Аудит
Progress%20report%20on%20the%20implementation%20of%20the%20Excellence%20Initiative%20-%20Research%20University%20by%20TUL.pdf,Прочее\Progress%20report%20on%20the%20implementation%20of%20the%20Excellence%20Initiative%20-%20Research%20University%20by%20TUL.pdf,"standard_email: 1, payment_cvv: 51",52,УЗ-2,.pdf,AES-256 + RBAC + Аудит
protokol_25.pdf,Прочее\protokol_25.pdf,"standard_fio: 124, standard_phone: 1, standard_email: 1, standard_address: 3, payment_cvv: 1",130,УЗ-2,.pdf,AES-256 + RBAC + Аудит
Protokol_04_02_2021.pdf,Прочее\Protokol_04_02_2021.pdf,"standard_fio: 327, standard_phone: 1, standard_email: 1, standard_address: 11, state_snils: 1, payment_cvv: 5, special_health: 5",351,УЗ-1,.pdf,AES-256 + RBAC + Аудит
Protokol_20.pdf,Прочее\Protokol_20.pdf,"standard_fio: 234, standard_email: 1, standard_address: 4, payment_cvv: 3",242,УЗ-2,.pdf,AES-256 + RBAC + Аудит
Public Self Disclosure.pdf,Прочее\Public Self Disclosure.pdf,"standard_email: 9, state_passport: 2, state_inn: 2",13,УЗ-3,.pdf,Контроль доступа + Сверка
psih_obr.pdf,Прочее\psih_obr.pdf,"standard_fio: 174, standard_address: 11, payment_cvv: 16, special_health: 2",203,УЗ-1,.pdf,AES-256 + RBAC + Аудит
QC3.pdf,Прочее\QC3.pdf,"standard_email: 2, state_passport: 2, state_inn: 2, payment_cvv: 3",9,УЗ-2,.pdf,AES-256 + RBAC + Аудит
Protokol_6_06.09.2023.pdf,Прочее\Protokol_6_06.09.2023.pdf,"standard_fio: 435, standard_phone: 2, standard_email: 2, standard_address: 4, payment_cvv: 2",445,УЗ-2,.pdf,AES-256 + RBAC + Аудит
Raport_comisia_etica.pdf,Прочее\Raport_comisia_etica.pdf,"standard_dob: 23, payment_cvv: 2",25,УЗ-2,.pdf,AES-256 + RBAC + Аудит
processing__agreement.pdf,Прочее\processing__agreement.pdf,"standard_fio: 2729, standard_phone: 2, standard_email: 1, standard_dob: 50, standard_address: 17, state_passport: 1, state_inn: 1, payment_cvv: 79, special_health: 2",2882,УЗ-1,.pdf,AES-256 + RBAC + Аудит
rasp167H_20130426.pdf,Прочее\rasp167H_20130426.pdf,"standard_fio: 376, standard_dob: 3, standard_address: 3, payment_cvv: 1",383,УЗ-2,.pdf,AES-256 + RBAC + Аудит
Rasporiagenie-1092-p_report-form.rtf,Прочее\Rasporiagenie-1092-p_report-form.rtf,"standard_email: 1, payment_cvv: 1",2,УЗ-2,.rtf,AES-256 + RBAC + Аудит
Protokol_prez_N2.pdf,Прочее\Protokol_prez_N2.pdf,"standard_fio: 630, standard_phone: 1, standard_email: 1, standard_address: 8, payment_cvv: 6",646,УЗ-2,.pdf,AES-256 + RBAC + Аудит
Rasporiagenie-1129-p_Application-sample.rtf,Прочее\Rasporiagenie-1129-p_Application-sample.rtf,"standard_email: 1, payment_cvv: 1",2,УЗ-2,.rtf,AES-256 + RBAC + Аудит
rasp_prezRF.pdf,Прочее\rasp_prezRF.pdf,"standard_fio: 50, payment_cvv: 1",51,УЗ-2,.pdf,AES-256 + RBAC + Аудит
rasp_dop_mag.pdf,Прочее\rasp_dop_mag.pdf,"standard_fio: 79, standard_dob: 73",152,УЗ-3,.pdf,Контроль доступа + Сверка
rasp1426-p_20140814.pdf,Прочее\rasp1426-p_20140814.pdf,"standard_fio: 395, standard_dob: 1, standard_address: 2, payment_cvv: 112, special_health: 9",519,УЗ-1,.pdf,AES-256 + RBAC + Аудит
requisites.pdf,Прочее\requisites.pdf,"standard_fio: 32, standard_phone: 6, standard_email: 1, standard_dob: 1, standard_address: 10, state_passport: 5, state_inn: 5, payment_account: 5, payment_bik: 5, payment_cvv: 10",80,УЗ-2,.pdf,AES-256 + RBAC + Аудит
ris.pdf,Прочее\ris.pdf,"standard_fio: 102, standard_address: 3, payment_cvv: 3",108,УЗ-2,.pdf,AES-256 + RBAC + Аудит
rasp504_20130930.pdf,Прочее\rasp504_20130930.pdf,"standard_fio: 855, standard_dob: 1, standard_address: 5, payment_cvv: 17, special_health: 8",886,УЗ-1,.pdf,AES-256 + RBAC + Аудит
ris_cher.pdf,Прочее\ris_cher.pdf,"standard_fio: 162, standard_address: 5, payment_cvv: 15",182,УЗ-2,.pdf,AES-256 + RBAC + Аудит
rp23-11-2006-N1616-p.pdf,Прочее\rp23-11-2006-N1616-p.pdf,"standard_fio: 81, standard_address: 12, payment_cvv: 1",94,УЗ-2,.pdf,AES-256 + RBAC + Аудит
ris_zhiv.pdf,Прочее\ris_zhiv.pdf,"standard_fio: 199, standard_address: 9, payment_cvv: 7, special_health: 3",218,УЗ-1,.pdf,AES-256 + RBAC + Аудит
Raport_2024_EN.pdf,Прочее\Raport_2024_EN.pdf,payment_cvv: 289,289,УЗ-2,.pdf,AES-256 + RBAC + Аудит
rasp722-p_20140430.pdf,Прочее\rasp722-p_20140430.pdf,"standard_fio: 1099, standard_phone: 1, standard_address: 7, payment_cvv: 29, special_health: 1",1137,УЗ-1,.pdf,AES-256 + RBAC + Аудит
ry_ino.pdf,Прочее\ry_ino.pdf,"standard_fio: 117, payment_cvv: 8",125,УЗ-2,.pdf,AES-256 + RBAC + Аудит
Russian_Cultural_Studies.pdf,Прочее\Russian_Cultural_Studies.pdf,"standard_fio: 36, standard_address: 8, payment_cvv: 5",49,УЗ-2,.pdf,AES-256 + RBAC + Аудит
scientific%20journal.doc,Прочее\scientific%20journal.doc,"standard_fio: 14, payment_cvv: 20",34,УЗ-2,.doc,AES-256 + RBAC + Аудит
rasp2190-p_20121126.pdf,Прочее\rasp2190-p_20121126.pdf,"standard_fio: 1908, standard_address: 28, payment_cvv: 232, special_health: 5",2173,УЗ-1,.pdf,AES-256 + RBAC + Аудит
SciFinder%20Discovery%20Platform.pdf,Прочее\SciFinder%20Discovery%20Platform.pdf,"standard_fio: 339, standard_address: 8, payment_cvv: 13, special_health: 8",368,УЗ-1,.pdf,AES-256 + RBAC + Аудит
SFedU_.pdf,Прочее\SFedU_.pdf,"standard_email: 2, payment_cvv: 6",8,УЗ-2,.pdf,AES-256 + RBAC + Аудит
rules_01_2025.pdf,Прочее\rules_01_2025.pdf,"standard_fio: 2230, standard_address: 8, payment_cvv: 98, special_health: 6",2342,УЗ-1,.pdf,AES-256 + RBAC + Аудит
Public_Self_Disclosure_DSU.pdf,Прочее\Public_Self_Disclosure_DSU.pdf,"standard_email: 10, state_passport: 8, state_inn: 8, payment_cvv: 3",29,УЗ-2,.pdf,AES-256 + RBAC + Аудит
report_07112022.pdf,Прочее\report_07112022.pdf,"standard_fio: 2507, standard_dob: 5, standard_address: 8, payment_cvv: 54, special_health: 14",2588,УЗ-1,.pdf,AES-256 + RBAC + Аудит
SoE_Brochure_2025.pdf,Прочее\SoE_Brochure_2025.pdf,"standard_email: 1, payment_cvv: 15",16,УЗ-2,.pdf,AES-256 + RBAC + Аудит
RSOCH_2025.pdf,Прочее\RSOCH_2025.pdf,"standard_fio: 1409, standard_address: 1, payment_cvv: 102, special_health: 105",1617,УЗ-1,.pdf,AES-256 + RBAC + Аудит
SELF_PORTRAIT_english_2025_ONLINE%20%281%29.pdf,Прочее\SELF_PORTRAIT_english_2025_ONLINE%20%281%29.pdf,"standard_email: 5, standard_dob: 1, payment_cvv: 506",512,УЗ-2,.pdf,AES-256 + RBAC + Аудит
Sootv_asp_2025.pdf,Прочее\Sootv_asp_2025.pdf,"standard_fio: 224, standard_dob: 1, standard_address: 1, payment_cvv: 1, special_health: 10",237,УЗ-1,.pdf,AES-256 + RBAC + Аудит
soglasie_leadplan.pdf,Прочее\soglasie_leadplan.pdf,"standard_fio: 496, standard_email: 3, standard_dob: 5, standard_address: 3, state_passport: 2, state_inn: 2, payment_cvv: 7",518,УЗ-2,.pdf,AES-256 + RBAC + Аудит
SoL_Brochure.pdf,Прочее\SoL_Brochure.pdf,"standard_email: 1, payment_cvv: 12",13,УЗ-2,.pdf,AES-256 + RBAC + Аудит
Sobre_nosotros_2025_compressed.pdf,Прочее\Sobre_nosotros_2025_compressed.pdf,standard_fio: 48,48,УЗ-4,.pdf,Контроль доступа + Сверка
Spanish%20course%20A.pdf,Прочее\Spanish%20course%20A.pdf,"standard_fio: 297, standard_dob: 66, standard_address: 33, payment_cvv: 42, special_race: 1",439,УЗ-1,.pdf,AES-256 + RBAC + Аудит
spisok%20finalistov-1%20(1).docx,Прочее\spisok%20finalistov-1%20(1).docx,standard_fio: 1,1,УЗ-4,.docx,Контроль доступа + Сверка
spec_him.pdf,Прочее\spec_him.pdf,"standard_fio: 185, standard_address: 4, payment_cvv: 1, special_health: 1",191,УЗ-1,.pdf,AES-256 + RBAC + Аудит
spec_ped.pdf,Прочее\spec_ped.pdf,"standard_fio: 186, standard_address: 12, payment_cvv: 5, special_health: 3",206,УЗ-1,.pdf,AES-256 + RBAC + Аудит
Spanish%20course%20B.pdf,Прочее\Spanish%20course%20B.pdf,"standard_fio: 223, standard_dob: 66, standard_address: 26, payment_cvv: 43",358,УЗ-2,.pdf,AES-256 + RBAC + Аудит
Spisok_indiv_dostig.pdf,Прочее\Spisok_indiv_dostig.pdf,"standard_fio: 153, payment_cvv: 1",154,УЗ-2,.pdf,AES-256 + RBAC + Аудит
spisok_shablon.docx,Прочее\spisok_shablon.docx,standard_fio: 2,2,УЗ-4,.docx,Контроль доступа + Сверка
Spisok_citiruemosti_NII_Phys.docx,Прочее\Spisok_citiruemosti_NII_Phys.docx,"standard_fio: 13, standard_address: 1, payment_cvv: 783",797,УЗ-2,.docx,AES-256 + RBAC + Аудит
sred_zp_adm_2017.pdf,Прочее\sred_zp_adm_2017.pdf,"standard_fio: 30, payment_cvv: 22",52,УЗ-2,.pdf,AES-256 + RBAC + Аудит
Sred_ZPL_Adm_2016.pdf,Прочее\Sred_ZPL_Adm_2016.pdf,"standard_fio: 31, standard_dob: 22, standard_address: 1, payment_cvv: 22",76,УЗ-2,.pdf,AES-256 + RBAC + Аудит
sport_podg_ino.pdf,Прочее\sport_podg_ino.pdf,"standard_fio: 205, standard_dob: 5, standard_address: 4, payment_cvv: 13",227,УЗ-2,.pdf,AES-256 + RBAC + Аудит
STEM.pdf,Прочее\STEM.pdf,"standard_fio: 179, standard_address: 6, payment_cvv: 10",195,УЗ-2,.pdf,AES-256 + RBAC + Аудит
Structural_division_Report_Form.rtf,Прочее\Structural_division_Report_Form.rtf,"standard_email: 1, payment_cvv: 1",2,УЗ-2,.rtf,AES-256 + RBAC + Аудит
standing order about Scientific research institute  of Physics.pdf,Прочее\standing order about Scientific research institute  of Physics.pdf,"standard_fio: 353, standard_address: 2, payment_cvv: 52, special_health: 10",417,УЗ-1,.pdf,AES-256 + RBAC + Аудит
sved_dohod_2023.pdf,Прочее\sved_dohod_2023.pdf,"standard_fio: 52, standard_phone: 1, standard_email: 1, standard_dob: 1, state_passport: 1, state_inn: 1, payment_cvv: 24",81,УЗ-2,.pdf,AES-256 + RBAC + Аудит
Structure_20190114.pdf,Прочее\Structure_20190114.pdf,"standard_fio: 95, standard_address: 6, payment_cvv: 73",174,УЗ-2,.pdf,AES-256 + RBAC + Аудит
sved_o_d_f_g_2014.docx,Прочее\sved_o_d_f_g_2014.docx,"standard_fio: 24, standard_address: 6",30,УЗ-4,.docx,Контроль доступа + Сверка
sved_o_d_f_k_2014.docx,Прочее\sved_o_d_f_k_2014.docx,"standard_fio: 8, standard_address: 2",10,УЗ-4,.docx,Контроль доступа + Сверка
sved_o_d_f_m_2014.docx,Прочее\sved_o_d_f_m_2014.docx,"standard_fio: 24, standard_address: 6",30,УЗ-4,.docx,Контроль доступа + Сверка
sved_o_d_f_n_2014.doc,Прочее\sved_o_d_f_n_2014.doc,"standard_fio: 36, standard_address: 12",48,УЗ-4,.doc,Контроль доступа + Сверка
sved_o_d_f_u_2014.docx,Прочее\sved_o_d_f_u_2014.docx,"standard_fio: 7, standard_address: 1",8,УЗ-4,.docx,Контроль доступа + Сверка
sved_o_d_f_v_2014.doc,Прочее\sved_o_d_f_v_2014.doc,"standard_fio: 22, standard_dob: 2, standard_address: 2, payment_cvv: 4",30,УЗ-2,.doc,AES-256 + RBAC + Аудит
sved_o_d_r_2012-2014.docx,Прочее\sved_o_d_r_2012-2014.docx,"standard_fio: 18, standard_address: 3",21,УЗ-4,.docx,Контроль доступа + Сверка
stranoved.pdf,Прочее\stranoved.pdf,"standard_fio: 268, standard_address: 10, payment_cvv: 23, special_health: 2",303,УЗ-1,.pdf,AES-256 + RBAC + Аудит
Sootv_mag_2025.pdf,Прочее\Sootv_mag_2025.pdf,"standard_fio: 1008, standard_address: 1, payment_cvv: 1, special_health: 27",1037,УЗ-1,.pdf,AES-256 + RBAC + Аудит
tehn_int.pdf,Прочее\tehn_int.pdf,"standard_fio: 162, standard_dob: 3, standard_address: 5, payment_cvv: 15, special_health: 3",188,УЗ-1,.pdf,AES-256 + RBAC + Аудит
tehn_int_d.pdf,Прочее\tehn_int_d.pdf,"standard_fio: 172, standard_address: 10, payment_cvv: 2, special_health: 1",185,УЗ-1,.pdf,AES-256 + RBAC + Аудит
Telephone_Directory1.pdf,Прочее\Telephone_Directory1.pdf,"standard_email: 38, state_passport: 38, state_inn: 38",114,УЗ-3,.pdf,Контроль доступа + Сверка
Tesis_kruglii_stol_1.pdf,Прочее\Tesis_kruglii_stol_1.pdf,standard_fio: 6,6,УЗ-4,.pdf,Контроль доступа + Сверка
Theory%20and%20methodology%20of%20research%20and%20teaching%20in%20hospitality%20industry.pdf,Прочее\Theory%20and%20methodology%20of%20research%20and%20teaching%20in%20hospitality%20industry.pdf,"standard_email: 5, payment_cvv: 2",7,УЗ-2,.pdf,AES-256 + RBAC + Аудит
The_SRC.pdf,Прочее\The_SRC.pdf,"standard_email: 1, payment_cvv: 4",5,УЗ-2,.pdf,AES-256 + RBAC + Аудит
sport_sover.pdf,Прочее\sport_sover.pdf,"standard_fio: 616, standard_dob: 5, standard_address: 10, payment_cvv: 16",647,УЗ-2,.pdf,AES-256 + RBAC + Аудит
Tourism%20development.pdf,Прочее\Tourism%20development.pdf,"standard_email: 1, payment_cvv: 2",3,УЗ-2,.pdf,AES-256 + RBAC + Аудит
Thesis_kruglii_stol.pdf,Прочее\Thesis_kruglii_stol.pdf,"standard_fio: 381, standard_address: 2, payment_cvv: 6",389,УЗ-2,.pdf,AES-256 + RBAC + Аудит
teacher_instruction_new.pdf,Прочее\teacher_instruction_new.pdf,"standard_phone: 1, standard_email: 1, payment_cvv: 2",4,УЗ-2,.pdf,AES-256 + RBAC + Аудит
TsKP_Biotekhnologia_biomeditsina_i_ekologicheskiy_monitoring_Babeshko.pdf,Прочее\TsKP_Biotekhnologia_biomeditsina_i_ekologicheskiy_monitoring_Babeshko.pdf,"standard_phone: 1, standard_email: 1, payment_cvv: 1",3,УЗ-2,.pdf,AES-256 + RBAC + Аудит
Trusted_AI_for_Blockchain.pdf,Прочее\Trusted_AI_for_Blockchain.pdf,payment_cvv: 18,18,УЗ-2,.pdf,AES-256 + RBAC + Аудит
UGC-Form-Annexures.pdf,Прочее\UGC-Form-Annexures.pdf,payment_cvv: 25,25,УЗ-2,.pdf,AES-256 + RBAC + Аудит
ujj532ypug9ufeambtzkzh6kfdqoa6yp.pdf,Прочее\ujj532ypug9ufeambtzkzh6kfdqoa6yp.pdf,"standard_fio: 133, standard_address: 2",135,УЗ-3,.pdf,Контроль доступа + Сверка
Ukaz Prezidenta 147_01.04.16.doc,Прочее\Ukaz Prezidenta 147_01.04.16.doc,"standard_fio: 950, standard_address: 29, payment_cvv: 11, special_health: 7",997,УЗ-1,.doc,AES-256 + RBAC + Аудит
UGC-Public-Self-Disclosure-document.pdf,Прочее\UGC-Public-Self-Disclosure-document.pdf,"standard_email: 12, state_passport: 8, state_inn: 8",28,УЗ-3,.pdf,Контроль доступа + Сверка
Ukaz Prezidenta 226.rtf,Прочее\Ukaz Prezidenta 226.rtf,"standard_fio: 1125, standard_dob: 2, standard_address: 29, payment_cvv: 17, special_health: 9",1182,УЗ-1,.rtf,AES-256 + RBAC + Аудит
Ukaz Prezidenta 364_15.06.15.rtf,Прочее\Ukaz Prezidenta 364_15.06.15.rtf,"standard_fio: 948, payment_cvv: 19, special_health: 3",970,УЗ-1,.rtf,AES-256 + RBAC + Аудит
teor_osn.pdf,Прочее\teor_osn.pdf,"standard_fio: 823, standard_address: 17, payment_cvv: 12, special_health: 15",867,УЗ-1,.pdf,AES-256 + RBAC + Аудит
ukaz597_20120507.pdf,Прочее\ukaz597_20120507.pdf,"standard_fio: 196, standard_address: 14, payment_cvv: 6",216,УЗ-2,.pdf,AES-256 + RBAC + Аудит
UKS_Campus_Map_English.pdf,Прочее\UKS_Campus_Map_English.pdf,standard_email: 1,1,УЗ-4,.pdf,Контроль доступа + Сверка
Ukaz Prezidenta 378.pdf,Прочее\Ukaz Prezidenta 378.pdf,"standard_fio: 1201, standard_address: 26, payment_cvv: 9, special_health: 3",1239,УЗ-1,.pdf,AES-256 + RBAC + Аудит
social2023.pdf,Прочее\social2023.pdf,"standard_fio: 188, standard_dob: 2, payment_cvv: 45",235,УЗ-2,.pdf,AES-256 + RBAC + Аудит
umn_gor.pdf,Прочее\umn_gor.pdf,"standard_fio: 199, standard_address: 20, payment_cvv: 49, special_health: 16",284,УЗ-1,.pdf,AES-256 + RBAC + Аудит
Ukaz Prezidenta 478_16.08.21.pdf,Прочее\Ukaz Prezidenta 478_16.08.21.pdf,"standard_fio: 1464, standard_address: 46, payment_cvv: 10, special_health: 20",1540,УЗ-1,.pdf,AES-256 + RBAC + Аудит
upr_izm.pdf,Прочее\upr_izm.pdf,"standard_fio: 129, standard_address: 7, payment_cvv: 23, special_health: 14",173,УЗ-1,.pdf,AES-256 + RBAC + Аудит
UGC-Proforma.pdf,Прочее\UGC-Proforma.pdf,"standard_email: 5, standard_dob: 20, state_passport: 1, state_inn: 1, payment_cvv: 57",84,УЗ-2,.pdf,AES-256 + RBAC + Аудит
upr_kiber.pdf,Прочее\upr_kiber.pdf,"standard_fio: 177, standard_address: 8, payment_cvv: 17, special_health: 11",213,УЗ-1,.pdf,AES-256 + RBAC + Аудит
user_registration_in_EBS_Lan.docx,Прочее\user_registration_in_EBS_Lan.docx,"standard_fio: 42, standard_email: 2",44,УЗ-4,.docx,Контроль доступа + Сверка
u_konsor.doc,Прочее\u_konsor.doc,"standard_fio: 98, standard_email: 64, standard_address: 27, payment_cvv: 93",282,УЗ-2,.doc,AES-256 + RBAC + Аудит
v-profsoyuz-rabotnika-yufu2024.doc,Прочее\v-profsoyuz-rabotnika-yufu2024.doc,"standard_fio: 53, standard_dob: 2, standard_address: 2, payment_cvv: 4",61,УЗ-2,.doc,AES-256 + RBAC + Аудит
vesna_fizfak.docx,Прочее\vesna_fizfak.docx,standard_fio: 123,123,УЗ-3,.docx,Контроль доступа + Сверка
vi_asp.docx,Прочее\vi_asp.docx,"standard_fio: 5, standard_address: 1",6,УЗ-4,.docx,Контроль доступа + Сверка
vi_mag.docx,Прочее\vi_mag.docx,"standard_fio: 6, standard_address: 1",7,УЗ-4,.docx,Контроль доступа + Сверка
upr_pr.pdf,Прочее\upr_pr.pdf,"standard_fio: 152, standard_address: 3, payment_cvv: 8, special_health: 13",176,УЗ-1,.pdf,AES-256 + RBAC + Аудит
Vistavka_rus-iaz.pdf,Прочее\Vistavka_rus-iaz.pdf,"standard_fio: 24, standard_address: 1",25,УЗ-4,.pdf,Контроль доступа + Сверка
vsp_isp_ogran_zdorov.pdf,Прочее\vsp_isp_ogran_zdorov.pdf,"standard_fio: 136, payment_cvv: 1, special_health: 2",139,УЗ-1,.pdf,AES-256 + RBAC + Аудит
samoobsled_2024.pdf,Прочее\samoobsled_2024.pdf,"standard_fio: 2674, standard_phone: 1, standard_dob: 4, standard_address: 59, state_snils: 1, payment_cvv: 389, special_health: 32, special_race: 1",3161,УЗ-1,.pdf,AES-256 + RBAC + Аудит
VUZUFO.doc,Прочее\VUZUFO.doc,"standard_fio: 74, standard_address: 1",75,УЗ-4,.doc,Контроль доступа + Сверка
upr_proc.pdf,Прочее\upr_proc.pdf,"standard_fio: 199, standard_address: 20, payment_cvv: 49, special_health: 16",284,УЗ-1,.pdf,AES-256 + RBAC + Аудит
Vtoroe_informatcionnoe_pis`mo_Kongress_2025.pdf,Прочее\Vtoroe_informatcionnoe_pis`mo_Kongress_2025.pdf,"standard_fio: 32, standard_phone: 2, standard_email: 1, payment_cvv: 4",39,УЗ-2,.pdf,AES-256 + RBAC + Аудит
Urban_Design.pdf,Прочее\Urban_Design.pdf,"standard_fio: 98, standard_address: 6, payment_cvv: 34",138,УЗ-2,.pdf,AES-256 + RBAC + Аудит
vozr_psih.pdf,Прочее\vozr_psih.pdf,"standard_fio: 193, standard_address: 7, payment_cvv: 23, special_health: 2",225,УЗ-1,.pdf,AES-256 + RBAC + Аудит
zayavlenie_kursi_2019.docx,Прочее\zayavlenie_kursi_2019.docx,"standard_fio: 8, standard_dob: 1, payment_cvv: 1",10,УЗ-2,.docx,AES-256 + RBAC + Аудит
zayv_shablon.docx,Прочее\zayv_shablon.docx,standard_fio: 4,4,УЗ-4,.docx,Контроль доступа + Сверка
web_pril.pdf,Прочее\web_pril.pdf,"standard_fio: 150, payment_cvv: 5, special_health: 2",157,УЗ-1,.pdf,AES-256 + RBAC + Аудит
web_razr.pdf,Прочее\web_razr.pdf,"standard_fio: 190, standard_address: 2, payment_cvv: 2, special_health: 1",195,УЗ-1,.pdf,AES-256 + RBAC + Аудит
Анкета.docx,Прочее\Анкета.docx,"standard_fio: 2, standard_address: 1",3,УЗ-4,.docx,Контроль доступа + Сверка
Вакансии 2022.pdf,Прочее\Вакансии 2022.pdf,standard_fio: 6,6,УЗ-4,.pdf,Контроль доступа + Сверка
yetkinlik-ve-performans.pdf,Прочее\yetkinlik-ve-performans.pdf,payment_cvv: 6,6,УЗ-2,.pdf,AES-256 + RBAC + Аудит
Выписка из реестра ГА 06.05.01 06.05.02.pdf,Прочее\Выписка из реестра ГА 06.05.01 06.05.02.pdf,"standard_fio: 48, standard_dob: 3, standard_address: 1, state_passport: 1, state_inn: 1, payment_cvv: 2",56,УЗ-2,.pdf,AES-256 + RBAC + Аудит
Договор.docx,Прочее\Договор.docx,"standard_fio: 183, standard_dob: 1, standard_address: 4, payment_cvv: 4, special_health: 1",193,УЗ-1,.docx,AES-256 + RBAC + Аудит
zhiv.pdf,Прочее\zhiv.pdf,"standard_fio: 121, standard_address: 8, payment_cvv: 4, special_health: 3",136,УЗ-1,.pdf,AES-256 + RBAC + Аудит
доп. об изменении цены_2ред.doc,Прочее\доп. об изменении цены_2ред.doc,"standard_fio: 45, standard_phone: 1, standard_email: 1, standard_dob: 2, standard_address: 7, state_passport: 1, state_inn: 1, payment_account: 1, payment_bik: 1, payment_cvv: 11",71,УЗ-2,.doc,AES-256 + RBAC + Аудит
Заявление.docx,Прочее\Заявление.docx,"standard_fio: 10, standard_address: 1, payment_cvv: 2",13,УЗ-2,.docx,AES-256 + RBAC + Аудит
Индивидуальный план работы аспиранта для набора 2022 г. (5).docx,Прочее\Индивидуальный план работы аспиранта для набора 2022 г. (5).docx,"standard_fio: 59, standard_address: 18",77,УЗ-4,.docx,Контроль доступа + Сверка
Инструкция по работе с информационными ресурсами.doc,Прочее\Инструкция по работе с информационными ресурсами.doc,"standard_fio: 1452, standard_email: 1, standard_dob: 26, standard_address: 25, state_passport: 6, state_inn: 6, payment_cvv: 12",1528,УЗ-2,.doc,AES-256 + RBAC + Аудит
zhiv_cher.pdf,Прочее\zhiv_cher.pdf,"standard_fio: 211, standard_address: 11, payment_cvv: 16, special_health: 3",241,УЗ-1,.pdf,AES-256 + RBAC + Аудит
VSOCH_2025.pdf,Прочее\VSOCH_2025.pdf,"standard_fio: 376, special_health: 3",379,УЗ-1,.pdf,AES-256 + RBAC + Аудит
коммерческое%20предложение.pdf,Прочее\коммерческое%20предложение.pdf,"standard_fio: 23, standard_address: 1, payment_cvv: 77",101,УЗ-2,.pdf,AES-256 + RBAC + Аудит
Лицей ЮФУ_ВД_расписание_2024-2025.pdf,Прочее\Лицей ЮФУ_ВД_расписание_2024-2025.pdf,"standard_fio: 18, standard_address: 3, payment_cvv: 3",24,УЗ-2,.pdf,AES-256 + RBAC + Аудит
social2024.pdf,Прочее\social2024.pdf,"standard_fio: 181, standard_dob: 2, payment_cvv: 67",250,УЗ-2,.pdf,AES-256 + RBAC + Аудит
ВыпискаТемы-ВКР-ИНоЗ_2025-выпуска.pdf,Прочее\ВыпискаТемы-ВКР-ИНоЗ_2025-выпуска.pdf,"standard_fio: 507, standard_address: 8, special_health: 3",518,УЗ-1,.pdf,AES-256 + RBAC + Аудит
Информация о результатах приема 2024.pdf,Прочее\Информация о результатах приема 2024.pdf,"standard_fio: 349, standard_address: 1, payment_cvv: 128, special_health: 3",481,УЗ-1,.pdf,AES-256 + RBAC + Аудит
Координаты для связи с профильными структурными подразделениями_3.pdf,Прочее\Координаты для связи с профильными структурными подразделениями_3.pdf,"standard_fio: 191, standard_phone: 37, standard_email: 66, standard_address: 30, payment_cvv: 112, special_health: 6",442,УЗ-1,.pdf,AES-256 + RBAC + Аудит
Лицей ЮФУ_ПОЛОЖЕНИЕ о ВД.pdf,Прочее\Лицей ЮФУ_ПОЛОЖЕНИЕ о ВД.pdf,"standard_fio: 576, standard_dob: 7, standard_address: 1, payment_cvv: 5, special_health: 1",590,УЗ-1,.pdf,AES-256 + RBAC + Аудит
П1352 О стоимости в 2022_23гг 2х и последующих курсов.pdf,Прочее\П1352 О стоимости в 2022_23гг 2х и последующих курсов.pdf,"standard_fio: 40, standard_address: 2",42,УЗ-4,.pdf,Контроль доступа + Сверка
П1438.pdf,Прочее\П1438.pdf,"standard_fio: 36, standard_dob: 2, standard_address: 1, payment_cvv: 2",41,УЗ-2,.pdf,AES-256 + RBAC + Аудит
П1888-2.pdf,Прочее\П1888-2.pdf,"standard_fio: 30, standard_dob: 2, standard_address: 1, payment_cvv: 2",35,УЗ-2,.pdf,AES-256 + RBAC + Аудит
П122-ОД_изменения в ОС_28.04.2023.pdf,Прочее\П122-ОД_изменения в ОС_28.04.2023.pdf,"standard_fio: 338, standard_dob: 38, standard_address: 3, payment_cvv: 18, special_health: 1",398,УЗ-1,.pdf,AES-256 + RBAC + Аудит
П1149_21.05.2025.pdf,Прочее\П1149_21.05.2025.pdf,"standard_fio: 498, standard_phone: 6, standard_dob: 23, standard_address: 37, state_passport: 6, state_inn: 6, payment_account: 18, payment_cvv: 25",619,УЗ-2,.pdf,AES-256 + RBAC + Аудит
П2274 АБИМ.pdf,Прочее\П2274 АБИМ.pdf,"standard_fio: 18, standard_dob: 5, standard_address: 1, payment_cvv: 2",26,УЗ-2,.pdf,AES-256 + RBAC + Аудит
П156-ОД.pdf,Прочее\П156-ОД.pdf,"standard_fio: 288, standard_dob: 17, standard_address: 1",306,УЗ-3,.pdf,Контроль доступа + Сверка
П216-ОД.pdf,Прочее\П216-ОД.pdf,"standard_fio: 277, standard_email: 2, special_health: 1",280,УЗ-1,.pdf,AES-256 + RBAC + Аудит
П245-ОД Регламент проведения выборов заведующего кафедрой.pdf,Прочее\П245-ОД Регламент проведения выборов заведующего кафедрой.pdf,"standard_fio: 281, standard_email: 2, special_health: 1",284,УЗ-1,.pdf,AES-256 + RBAC + Аудит
П247.pdf,Прочее\П247.pdf,"standard_fio: 367, standard_dob: 9, standard_address: 16, state_passport: 1, state_inn: 1, payment_cvv: 15",409,УЗ-2,.pdf,AES-256 + RBAC + Аудит
П47-ОД_10.03.2023.pdf,Прочее\П47-ОД_10.03.2023.pdf,"standard_fio: 378, standard_address: 1, special_health: 1",380,УЗ-1,.pdf,AES-256 + RBAC + Аудит
П71-ОД_37.04.01 Психология.pdf,Прочее\П71-ОД_37.04.01 Психология.pdf,"standard_fio: 248, standard_dob: 2, payment_cvv: 3, special_health: 2",255,УЗ-1,.pdf,AES-256 + RBAC + Аудит
П70-ОД_37.03.01 Психология.pdf,Прочее\П70-ОД_37.03.01 Психология.pdf,"standard_fio: 345, payment_cvv: 4, special_health: 2",351,УЗ-1,.pdf,AES-256 + RBAC + Аудит
П114-ОД.pdf,Прочее\П114-ОД.pdf,"standard_fio: 1139, standard_address: 19, payment_cvv: 2, special_health: 6",1166,УЗ-1,.pdf,AES-256 + RBAC + Аудит
Перечень документов.docx,Прочее\Перечень документов.docx,"standard_fio: 20, standard_phone: 2, standard_email: 1, standard_address: 2, payment_cvv: 5",30,УЗ-2,.docx,AES-256 + RBAC + Аудит
Порядок проведения.docx,Прочее\Порядок проведения.docx,"standard_fio: 91, standard_email: 1, standard_dob: 1, payment_cvv: 7",100,УЗ-2,.docx,AES-256 + RBAC + Аудит
П47-ОД_МИМДО_03.03.2022.pdf,Прочее\П47-ОД_МИМДО_03.03.2022.pdf,"standard_fio: 474, standard_dob: 1, standard_address: 3, payment_cvv: 2, special_health: 2",482,УЗ-1,.pdf,AES-256 + RBAC + Аудит
План создания МИП.pdf,Прочее\План создания МИП.pdf,"standard_fio: 49, standard_dob: 2, standard_address: 2, payment_cvv: 4",57,УЗ-2,.pdf,AES-256 + RBAC + Аудит
ПРАВИЛА%20ПОСЕЩЕНИЯ%20ООПТ%20ФЕДЕРАЛЬНОГО%20ЗНАЧЕНИЯ%20(2).pdf,Прочее\ПРАВИЛА%20ПОСЕЩЕНИЯ%20ООПТ%20ФЕДЕРАЛЬНОГО%20ЗНАЧЕНИЯ%20(2).pdf,"standard_fio: 42, standard_dob: 3, payment_cvv: 1",46,УЗ-2,.pdf,AES-256 + RBAC + Аудит
Приказ 391.pdf,Прочее\Приказ 391.pdf,"standard_fio: 110, payment_cvv: 3",113,УЗ-2,.pdf,AES-256 + RBAC + Аудит
П72-ОД_37.05.01_Клиническая психология.pdf,Прочее\П72-ОД_37.05.01_Клиническая психология.pdf,"standard_fio: 382, payment_cvv: 10, special_health: 3",395,УЗ-1,.pdf,AES-256 + RBAC + Аудит
Приказ ФСТЭК России от 30.10.2018 N 193.docx,Прочее\Приказ ФСТЭК России от 30.10.2018 N 193.docx,"standard_fio: 981, standard_dob: 10, standard_address: 11, payment_cvv: 32",1034,УЗ-2,.docx,AES-256 + RBAC + Аудит
"Приказ ФСТЭК России от 03_05.2023 N 74  Об утверждении требований оформлению заявления о предоставлении лицензии, разрешения.docx","Прочее\Приказ ФСТЭК России от 03_05.2023 N 74  Об утверждении требований оформлению заявления о предоставлении лицензии, разрешения.docx","standard_fio: 1212, standard_email: 2, standard_dob: 1, standard_address: 4, payment_cvv: 51",1270,УЗ-2,.docx,AES-256 + RBAC + Аудит
Программа VIII  научного семинара Лаборатории экспериментальной лингвистики АГУ  Клиническая лингвистика.docx,Прочее\Программа VIII  научного семинара Лаборатории экспериментальной лингвистики АГУ  Клиническая лингвистика.docx,"standard_fio: 30, standard_address: 1, state_passport: 1, state_inn: 1, payment_cvv: 3",36,УЗ-2,.docx,AES-256 + RBAC + Аудит
П73-ОД_37.05.02_Психология служ деят.pdf,Прочее\П73-ОД_37.05.02_Психология служ деят.pdf,"standard_fio: 428, standard_address: 1, payment_cvv: 7, special_health: 8",444,УЗ-1,.pdf,AES-256 + RBAC + Аудит
Приказ ЮФУ от 07.02.2022  N 24-ОД.pdf,Прочее\Приказ ЮФУ от 07.02.2022  N 24-ОД.pdf,"standard_fio: 349, standard_dob: 3, payment_cvv: 6, special_health: 5",363,УЗ-1,.pdf,AES-256 + RBAC + Аудит
Р688.pdf,Прочее\Р688.pdf,"standard_fio: 431, standard_phone: 1, standard_email: 1, standard_dob: 16, standard_address: 17, state_passport: 1, state_inn: 1, payment_account: 1, payment_cvv: 13, special_health: 1",483,УЗ-1,.pdf,AES-256 + RBAC + Аудит
Ранжированные списки (по итогам апелляций).pdf,Прочее\Ранжированные списки (по итогам апелляций).pdf,"standard_fio: 318, payment_cvv: 104",422,УЗ-2,.pdf,AES-256 + RBAC + Аудит
Приказ ЮФУ от 04.06.2021 N 115-ОД.pdf,Прочее\Приказ ЮФУ от 04.06.2021 N 115-ОД.pdf,"standard_fio: 574, standard_address: 1, payment_cvv: 5, special_health: 5",585,УЗ-1,.pdf,AES-256 + RBAC + Аудит
Регламент 10-ОД.pdf,Прочее\Регламент 10-ОД.pdf,"standard_dob: 4, payment_cvv: 1",5,УЗ-2,.pdf,AES-256 + RBAC + Аудит
Реестровая выписка_29.05.29025.pdf,Прочее\Реестровая выписка_29.05.29025.pdf,"standard_fio: 85, standard_dob: 3, standard_address: 1, state_passport: 1, state_inn: 1, payment_cvv: 2",93,УЗ-2,.pdf,AES-256 + RBAC + Аудит
режим%20работы%20и%20прейскурант-.pdf,Прочее\режим%20работы%20и%20прейскурант-.pdf,"standard_fio: 16, standard_address: 1, payment_cvv: 1",18,УЗ-2,.pdf,AES-256 + RBAC + Аудит
Реестр экскурсоводов 2024_ 02.12.2024.pdf,Прочее\Реестр экскурсоводов 2024_ 02.12.2024.pdf,"standard_fio: 282, standard_phone: 39, standard_email: 29, standard_dob: 35, standard_address: 47, state_passport: 1, state_inn: 1, payment_cvv: 15",449,УЗ-2,.pdf,AES-256 + RBAC + Аудит
Реестровая выписка ГА 25.02.25_СПО.pdf,Прочее\Реестровая выписка ГА 25.02.25_СПО.pdf,"standard_fio: 645, standard_dob: 12, standard_address: 7, state_passport: 1, state_inn: 1, payment_cvv: 64, special_health: 4",734,УЗ-1,.pdf,AES-256 + RBAC + Аудит
Реестровая выписка л_22.08.25.pdf,Прочее\Реестровая выписка л_22.08.25.pdf,"standard_fio: 723, standard_email: 2, standard_address: 44, state_passport: 1, state_inn: 1, payment_cvv: 206, special_health: 7",984,УЗ-1,.pdf,AES-256 + RBAC + Аудит
сайт_Наука_Микросистемная техника и интегральная сенсорика.pdf,Прочее\сайт_Наука_Микросистемная техника и интегральная сенсорика.pdf,"standard_email: 3, payment_cvv: 13",16,УЗ-2,.pdf,AES-256 + RBAC + Аудит
Согласие законного представителя на заключение договора.docx,Прочее\Согласие законного представителя на заключение договора.docx,"standard_fio: 29, standard_address: 1",30,УЗ-4,.docx,Контроль доступа + Сверка
Согласие законного представителя.docx,Прочее\Согласие законного представителя.docx,"standard_fio: 41, standard_dob: 2, standard_address: 1, payment_cvv: 3",47,УЗ-2,.docx,AES-256 + RBAC + Аудит
Согласие участника конкурса.docx,Прочее\Согласие участника конкурса.docx,"standard_fio: 40, standard_dob: 2, standard_address: 1, payment_cvv: 3",46,УЗ-2,.docx,AES-256 + RBAC + Аудит
Согласие_ПДн_(map.ncpti.ru).rtf,Прочее\Согласие_ПДн_(map.ncpti.ru).rtf,"standard_fio: 48, standard_dob: 3, standard_address: 2, state_passport: 1, state_inn: 1, payment_cvv: 3",58,УЗ-2,.rtf,AES-256 + RBAC + Аудит
РУКОВОДСТВО_ПО_БРЕНДИНГУ_2025.pdf,Прочее\РУКОВОДСТВО_ПО_БРЕНДИНГУ_2025.pdf,"standard_fio: 213, standard_phone: 4, standard_email: 5, standard_address: 3, payment_cvv: 17",242,УЗ-2,.pdf,AES-256 + RBAC + Аудит
wpm5skhpgcr5ncwf6dwz92dutt9ucc13.pdf,Прочее\wpm5skhpgcr5ncwf6dwz92dutt9ucc13.pdf,"standard_fio: 3928, standard_address: 42, payment_cvv: 38, special_health: 19",4027,УЗ-1,.pdf,AES-256 + RBAC + Аудит
ПП_2025_19.01.2025_итог.pdf,Прочее\ПП_2025_19.01.2025_итог.pdf,"standard_fio: 2975, standard_phone: 16, standard_email: 3, standard_dob: 4, standard_address: 9, payment_cvv: 179, special_health: 6",3192,УЗ-1,.pdf,AES-256 + RBAC + Аудит
патентов и ПЭВМ - ЮФУ.pdf,Прочее\патентов и ПЭВМ - ЮФУ.pdf,"standard_fio: 2992, standard_dob: 599, standard_address: 69, state_passport: 448, state_inn: 448, payment_cvv: 637, special_health: 32",5225,УЗ-1,.pdf,AES-256 + RBAC + Аудит
السيرة الذاتية د. صبحي شرف عميد الكلية 13-3 - Copy.pdf,Прочее\السيرة الذاتية د. صبحي شرف عميد الكلية 13-3 - Copy.pdf,"standard_email: 1, state_passport: 2, state_inn: 2, payment_cvv: 5",10,УЗ-2,.pdf,AES-256 + RBAC + Аудит
