Путь,Категории,Кол-во,УЗ,Формат,Рекомендации
Выгрузки\Логистика\customers.csv,"standard_fio: 4642, standard_address: 485, payment_cvv: 900",6027,УЗ-2,.csv,AES-256 + RBAC + Аудит
Выгрузки\Логистика\logistics.csv,"standard_phone: 1, standard_address: 18274, payment_cvv: 38315",56590,УЗ-2,.csv,AES-256 + RBAC + Аудит
Выгрузки\Логистика\products.csv,payment_cvv: 741,741,УЗ-2,.csv,AES-256 + RBAC + Аудит
Выгрузки\Логистика\sales.csv,payment_cvv: 21989,21989,УЗ-2,.csv,AES-256 + RBAC + Аудит
Выгрузки\Логистика\stores.csv,"standard_fio: 9, standard_address: 1",10,УЗ-4,.csv,Контроль доступа + Сверка
Выгрузки\Сайты\page_1.html,"standard_fio: 1, payment_cvv: 2",3,УЗ-2,.html,AES-256 + RBAC + Аудит
Выгрузки\Сайты\page_10.html,payment_cvv: 1,1,УЗ-2,.html,AES-256 + RBAC + Аудит
Выгрузки\Сайты\page_100.html,payment_cvv: 2,2,УЗ-2,.html,AES-256 + RBAC + Аудит
Выгрузки\Сайты\page_101.html,"standard_fio: 1, payment_cvv: 2",3,УЗ-2,.html,AES-256 + RBAC + Аудит
Выгрузки\Сайты\page_102.html,"standard_fio: 1, payment_cvv: 2",3,УЗ-2,.html,AES-256 + RBAC + Аудит
Выгрузки\Сайты\page_103.html,"standard_fio: 1, payment_cvv: 2",3,УЗ-2,.html,AES-256 + RBAC + Аудит
Выгрузки\Сайты\page_104.html,"standard_fio: 1, payment_cvv: 2",3,УЗ-2,.html,AES-256 + RBAC + Аудит
Выгрузки\Сайты\page_105.html,"standard_fio: 1, payment_cvv: 2",3,УЗ-2,.html,AES-256 + RBAC + Аудит
Выгрузки\Сайты\page_106.html,"standard_fio: 1, payment_cvv: 2",3,УЗ-2,.html,AES-256 + RBAC + Аудит
Выгрузки\Сайты\page_107.html,"standard_fio: 1, payment_cvv: 2",3,УЗ-2,.html,AES-256 + RBAC + Аудит
Выгрузки\Сайты\page_108.html,"standard_fio: 1, payment_cvv: 2",3,УЗ-2,.html,AES-256 + RBAC + Аудит
Выгрузки\Сайты\page_109.html,"standard_fio: 1, payment_cvv: 2",3,УЗ-2,.html,AES-256 + RBAC + Аудит
Выгрузки\Сайты\page_11.html,payment_cvv: 3,3,УЗ-2,.html,AES-256 + RBAC + Аудит
Выгрузки\Сайты\page_110.html,"standard_fio: 1, payment_cvv: 2",3,УЗ-2,.html,AES-256 + RBAC + Аудит
Выгрузки\Сайты\page_111.html,"standard_fio: 1, payment_cvv: 2",3,УЗ-2,.html,AES-256 + RBAC + Аудит
Выгрузки\Сайты\page_112.html,"standard_fio: 1, payment_cvv: 2",3,УЗ-2,.html,AES-256 + RBAC + Аудит
Выгрузки\Сайты\page_113.html,"standard_fio: 1, payment_cvv: 2",3,УЗ-2,.html,AES-256 + RBAC + Аудит
Выгрузки\Сайты\page_114.html,"standard_fio: 1, payment_cvv: 2",3,УЗ-2,.html,AES-256 + RBAC + Аудит
Выгрузки\Сайты\page_115.html,"standard_fio: 1, payment_cvv: 2",3,УЗ-2,.html,AES-256 + RBAC + Аудит
Выгрузки\Сайты\page_116.html,"standard_fio: 1, payment_cvv: 2",3,УЗ-2,.html,AES-256 + RBAC + Аудит
Выгрузки\Сайты\page_117.html,"standard_fio: 1, payment_cvv: 2",3,УЗ-2,.html,AES-256 + RBAC + Аудит
Выгрузки\Сайты\page_118.html,"standard_fio: 1, payment_cvv: 2",3,УЗ-2,.html,AES-256 + RBAC + Аудит
Выгрузки\Сайты\page_119.html,"standard_fio: 1, payment_cvv: 2",3,УЗ-2,.html,AES-256 + RBAC + Аудит
Выгрузки\Сайты\page_12.html,payment_cvv: 2,2,УЗ-2,.html,AES-256 + RBAC + Аудит
Выгрузки\Сайты\page_120.html,"standard_fio: 1, payment_cvv: 2",3,УЗ-2,.html,AES-256 + RBAC + Аудит
Выгрузки\Сайты\page_121.html,payment_cvv: 2,2,УЗ-2,.html,AES-256 + RBAC + Аудит
Выгрузки\Сайты\page_122.html,payment_cvv: 2,2,УЗ-2,.html,AES-256 + RBAC + Аудит
Выгрузки\Сайты\page_123.html,payment_cvv: 2,2,УЗ-2,.html,AES-256 + RBAC + Аудит
Выгрузки\Сайты\page_127.html,payment_cvv: 2,2,УЗ-2,.html,AES-256 + RBAC + Аудит
Выгрузки\Сайты\page_129.html,payment_cvv: 2,2,УЗ-2,.html,AES-256 + RBAC + Аудит
Выгрузки\Сайты\page_135.html,payment_cvv: 2,2,УЗ-2,.html,AES-256 + RBAC + Аудит
Выгрузки\Сайты\page_137.html,payment_cvv: 2,2,УЗ-2,.html,AES-256 + RBAC + Аудит
Выгрузки\Сайты\page_138.html,payment_cvv: 2,2,УЗ-2,.html,AES-256 + RBAC + Аудит
Выгрузки\Сайты\page_14.html,payment_cvv: 3,3,УЗ-2,.html,AES-256 + RBAC + Аудит
Выгрузки\Сайты\page_142.html,payment_cvv: 2,2,УЗ-2,.html,AES-256 + RBAC + Аудит
Выгрузки\Сайты\page_143.html,payment_cvv: 2,2,УЗ-2,.html,AES-256 + RBAC + Аудит
Выгрузки\Сайты\page_144.html,payment_cvv: 2,2,УЗ-2,.html,AES-256 + RBAC + Аудит
Выгрузки\Сайты\page_145.html,payment_cvv: 2,2,УЗ-2,.html,AES-256 + RBAC + Аудит
Выгрузки\Сайты\page_146.html,payment_cvv: 2,2,УЗ-2,.html,AES-256 + RBAC + Аудит
Выгрузки\Сайты\page_15.html,"standard_email: 1, payment_cvv: 6",7,УЗ-2,.html,AES-256 + RBAC + Аудит
Выгрузки\Сайты\page_158.html,payment_cvv: 2,2,УЗ-2,.html,AES-256 + RBAC + Аудит
Выгрузки\Сайты\page_159.html,"standard_fio: 5, payment_cvv: 2, special_health: 1",8,УЗ-1,.html,AES-256 + RBAC + Аудит
Выгрузки\Сайты\page_16.html,payment_cvv: 2,2,УЗ-2,.html,AES-256 + RBAC + Аудит
Выгрузки\Сайты\page_160.html,"standard_fio: 1, payment_cvv: 2",3,УЗ-2,.html,AES-256 + RBAC + Аудит
Выгрузки\Сайты\page_161.html,payment_cvv: 2,2,УЗ-2,.html,AES-256 + RBAC + Аудит
Выгрузки\Сайты\page_165.html,payment_cvv: 2,2,УЗ-2,.html,AES-256 + RBAC + Аудит
Выгрузки\Сайты\page_166.html,payment_cvv: 2,2,УЗ-2,.html,AES-256 + RBAC + Аудит
Выгрузки\Сайты\page_167.html,payment_cvv: 2,2,УЗ-2,.html,AES-256 + RBAC + Аудит
Выгрузки\Сайты\page_168.html,"standard_fio: 26, standard_address: 7, payment_cvv: 9",42,УЗ-2,.html,AES-256 + RBAC + Аудит
Выгрузки\Сайты\page_169.html,"standard_fio: 1, standard_address: 1, payment_cvv: 16",18,УЗ-2,.html,AES-256 + RBAC + Аудит
Выгрузки\Сайты\page_17.html,payment_cvv: 2,2,УЗ-2,.html,AES-256 + RBAC + Аудит
Выгрузки\Сайты\page_170.html,"standard_dob: 1, standard_address: 5, payment_cvv: 17",23,УЗ-2,.html,AES-256 + RBAC + Аудит
Выгрузки\Сайты\page_171.html,"standard_address: 1, payment_cvv: 17",18,УЗ-2,.html,AES-256 + RBAC + Аудит
Выгрузки\Сайты\page_172.html,"standard_fio: 4, standard_address: 10, payment_cvv: 3, biometric: 1, special_health: 1",19,УЗ-1,.html,AES-256 + RBAC + Аудит
Выгрузки\Сайты\page_173.html,"standard_address: 1, payment_cvv: 7",8,УЗ-2,.html,AES-256 + RBAC + Аудит
Выгрузки\Сайты\page_175.html,"standard_address: 1, payment_cvv: 9",10,УЗ-2,.html,AES-256 + RBAC + Аудит
Выгрузки\Сайты\page_176.html,"standard_fio: 1, standard_address: 1, payment_cvv: 6",8,УЗ-2,.html,AES-256 + RBAC + Аудит
Выгрузки\Сайты\page_177.html,payment_cvv: 2,2,УЗ-2,.html,AES-256 + RBAC + Аудит
Выгрузки\Сайты\page_179.html,payment_cvv: 2,2,УЗ-2,.html,AES-256 + RBAC + Аудит
Выгрузки\Сайты\page_18.html,payment_cvv: 2,2,УЗ-2,.html,AES-256 + RBAC + Аудит
Выгрузки\Сайты\page_180.html,payment_cvv: 2,2,УЗ-2,.html,AES-256 + RBAC + Аудит
Выгрузки\Сайты\page_184.html,payment_cvv: 2,2,УЗ-2,.html,AES-256 + RBAC + Аудит
Выгрузки\Сайты\page_185.html,payment_cvv: 2,2,УЗ-2,.html,AES-256 + RBAC + Аудит
Выгрузки\Сайты\page_186.html,"standard_fio: 1, standard_address: 1, payment_cvv: 6",8,УЗ-2,.html,AES-256 + RBAC + Аудит
Выгрузки\Сайты\page_187.html,payment_cvv: 2,2,УЗ-2,.html,AES-256 + RBAC + Аудит
Выгрузки\Сайты\page_188.html,payment_cvv: 2,2,УЗ-2,.html,AES-256 + RBAC + Аудит
Выгрузки\Сайты\page_189.html,"standard_address: 1, payment_cvv: 9",10,УЗ-2,.html,AES-256 + RBAC + Аудит
Выгрузки\Сайты\page_19.html,payment_cvv: 2,2,УЗ-2,.html,AES-256 + RBAC + Аудит
Выгрузки\Сайты\page_191.html,"standard_address: 1, payment_cvv: 10",11,УЗ-2,.html,AES-256 + RBAC + Аудит
Выгрузки\Сайты\page_192.html,"standard_address: 1, payment_cvv: 2",3,УЗ-2,.html,AES-256 + RBAC + Аудит
Выгрузки\Сайты\page_193.html,payment_cvv: 2,2,УЗ-2,.html,AES-256 + RBAC + Аудит
Выгрузки\Сайты\page_194.html,payment_cvv: 2,2,УЗ-2,.html,AES-256 + RBAC + Аудит
Выгрузки\Сайты\page_195.html,"payment_cvv: 3, special_health: 1",4,УЗ-1,.html,AES-256 + RBAC + Аудит
Выгрузки\Сайты\page_196.html,payment_cvv: 2,2,УЗ-2,.html,AES-256 + RBAC + Аудит
Выгрузки\Сайты\page_197.html,"standard_fio: 6, standard_phone: 1, standard_address: 2, payment_cvv: 5",14,УЗ-2,.html,AES-256 + RBAC + Аудит
Выгрузки\Сайты\page_198.html,payment_cvv: 2,2,УЗ-2,.html,AES-256 + RBAC + Аудит
Выгрузки\Сайты\page_199.html,payment_cvv: 2,2,УЗ-2,.html,AES-256 + RBAC + Аудит
Выгрузки\Сайты\page_2.html,"standard_fio: 1, payment_cvv: 2",3,УЗ-2,.html,AES-256 + RBAC + Аудит
Выгрузки\Сайты\page_20.html,payment_cvv: 2,2,УЗ-2,.html,AES-256 + RBAC + Аудит
Выгрузки\Сайты\page_201.html,payment_cvv: 4,4,УЗ-2,.html,AES-256 + RBAC + Аудит
Выгрузки\Сайты\page_202.html,special_health: 1,1,УЗ-1,.html,AES-256 + RBAC + Аудит
Выгрузки\Сайты\page_203.html,"standard_fio: 4, standard_address: 5, payment_cvv: 4",13,УЗ-2,.html,AES-256 + RBAC + Аудит
Выгрузки\Сайты\page_205.html,standard_fio: 2,2,УЗ-4,.html,Контроль доступа + Сверка
Выгрузки\Сайты\page_207.html,"standard_fio: 7, standard_address: 3, payment_cvv: 7",17,УЗ-2,.html,AES-256 + RBAC + Аудит
Выгрузки\Сайты\page_21.html,payment_cvv: 2,2,УЗ-2,.html,AES-256 + RBAC + Аудит
Выгрузки\Сайты\page_211.html,payment_cvv: 3,3,УЗ-2,.html,AES-256 + RBAC + Аудит
Выгрузки\Сайты\page_213.html,"standard_address: 1, payment_cvv: 2",3,УЗ-2,.html,AES-256 + RBAC + Аудит
Выгрузки\Сайты\page_214.html,standard_address: 1,1,УЗ-4,.html,Контроль доступа + Сверка
Выгрузки\Сайты\page_215.html,"standard_fio: 1, standard_address: 2, payment_cvv: 3",6,УЗ-2,.html,AES-256 + RBAC + Аудит
Выгрузки\Сайты\page_216.html,"payment_cvv: 4, biometric: 1",5,УЗ-1,.html,AES-256 + RBAC + Аудит
Выгрузки\Сайты\page_217.html,standard_fio: 1,1,УЗ-4,.html,Контроль доступа + Сверка
Выгрузки\Сайты\page_218.html,"standard_address: 1, payment_cvv: 1",2,УЗ-2,.html,AES-256 + RBAC + Аудит
Выгрузки\Сайты\page_22.html,payment_cvv: 2,2,УЗ-2,.html,AES-256 + RBAC + Аудит
Выгрузки\Сайты\page_220.html,standard_fio: 1,1,УЗ-4,.html,Контроль доступа + Сверка
Выгрузки\Сайты\page_221.html,standard_fio: 1,1,УЗ-4,.html,Контроль доступа + Сверка
Выгрузки\Сайты\page_222.html,standard_fio: 2,2,УЗ-4,.html,Контроль доступа + Сверка
Выгрузки\Сайты\page_224.html,standard_fio: 1,1,УЗ-4,.html,Контроль доступа + Сверка
Выгрузки\Сайты\page_226.html,payment_cvv: 1,1,УЗ-2,.html,AES-256 + RBAC + Аудит
Выгрузки\Сайты\page_227.html,"standard_address: 1, payment_cvv: 9",10,УЗ-2,.html,AES-256 + RBAC + Аудит
Выгрузки\Сайты\page_228.html,payment_cvv: 2,2,УЗ-2,.html,AES-256 + RBAC + Аудит
Выгрузки\Сайты\page_229.html,payment_cvv: 3,3,УЗ-2,.html,AES-256 + RBAC + Аудит
Выгрузки\Сайты\page_23.html,payment_cvv: 2,2,УЗ-2,.html,AES-256 + RBAC + Аудит
Выгрузки\Сайты\page_230.html,"standard_fio: 3, standard_address: 2, payment_cvv: 3",8,УЗ-2,.html,AES-256 + RBAC + Аудит
Выгрузки\Сайты\page_232.html,"standard_address: 1, payment_cvv: 1",2,УЗ-2,.html,AES-256 + RBAC + Аудит
Выгрузки\Сайты\page_233.html,"standard_fio: 1, standard_address: 1, payment_cvv: 3",5,УЗ-2,.html,AES-256 + RBAC + Аудит
Выгрузки\Сайты\page_234.html,"standard_fio: 2, payment_cvv: 1",3,УЗ-2,.html,AES-256 + RBAC + Аудит
Выгрузки\Сайты\page_236.html,"standard_fio: 2, standard_address: 2, payment_cvv: 1",5,УЗ-2,.html,AES-256 + RBAC + Аудит
Выгрузки\Сайты\page_237.html,"standard_address: 1, payment_cvv: 2",3,УЗ-2,.html,AES-256 + RBAC + Аудит
Выгрузки\Сайты\page_238.html,"standard_fio: 1, payment_cvv: 1",2,УЗ-2,.html,AES-256 + RBAC + Аудит
Выгрузки\Сайты\page_239.html,"standard_address: 1, payment_cvv: 10",11,УЗ-2,.html,AES-256 + RBAC + Аудит
Выгрузки\Сайты\page_24.html,payment_cvv: 2,2,УЗ-2,.html,AES-256 + RBAC + Аудит
Выгрузки\Сайты\page_240.html,payment_cvv: 2,2,УЗ-2,.html,AES-256 + RBAC + Аудит
Выгрузки\Сайты\page_241.html,payment_cvv: 2,2,УЗ-2,.html,AES-256 + RBAC + Аудит
Выгрузки\Сайты\page_245.html,payment_cvv: 2,2,УЗ-2,.html,AES-256 + RBAC + Аудит
Выгрузки\Сайты\page_247.html,payment_cvv: 2,2,УЗ-2,.html,AES-256 + RBAC + Аудит
Выгрузки\Сайты\page_253.html,payment_cvv: 2,2,УЗ-2,.html,AES-256 + RBAC + Аудит
Выгрузки\Сайты\page_254.html,"standard_fio: 1, payment_cvv: 2",3,УЗ-2,.html,AES-256 + RBAC + Аудит
Выгрузки\Сайты\page_255.html,payment_cvv: 2,2,УЗ-2,.html,AES-256 + RBAC + Аудит
Выгрузки\Сайты\page_259.html,payment_cvv: 2,2,УЗ-2,.html,AES-256 + RBAC + Аудит
Выгрузки\Сайты\page_260.html,"standard_fio: 1, payment_cvv: 2",3,УЗ-2,.html,AES-256 + RBAC + Аудит
Выгрузки\Сайты\page_261.html,payment_cvv: 2,2,УЗ-2,.html,AES-256 + RBAC + Аудит
Выгрузки\Сайты\page_265.html,payment_cvv: 2,2,УЗ-2,.html,AES-256 + RBAC + Аудит
Выгрузки\Сайты\page_266.html,"standard_fio: 2, payment_cvv: 2",4,УЗ-2,.html,AES-256 + RBAC + Аудит
Выгрузки\Сайты\page_267.html,payment_cvv: 2,2,УЗ-2,.html,AES-256 + RBAC + Аудит
Выгрузки\Сайты\page_271.html,payment_cvv: 2,2,УЗ-2,.html,AES-256 + RBAC + Аудит
Выгрузки\Сайты\page_272.html,"standard_fio: 27, standard_address: 1, payment_cvv: 2, special_health: 1",31,УЗ-1,.html,AES-256 + RBAC + Аудит
Выгрузки\Сайты\page_273.html,payment_cvv: 2,2,УЗ-2,.html,AES-256 + RBAC + Аудит
Выгрузки\Сайты\page_277.html,payment_cvv: 2,2,УЗ-2,.html,AES-256 + RBAC + Аудит
Выгрузки\Сайты\page_278.html,"standard_fio: 1, payment_cvv: 2",3,УЗ-2,.html,AES-256 + RBAC + Аудит
Выгрузки\Сайты\page_279.html,"standard_fio: 1, payment_cvv: 2",3,УЗ-2,.html,AES-256 + RBAC + Аудит
Выгрузки\Сайты\page_28.html,payment_cvv: 2,2,УЗ-2,.html,AES-256 + RBAC + Аудит
Выгрузки\Сайты\page_280.html,"standard_fio: 2, payment_cvv: 3",5,УЗ-2,.html,AES-256 + RBAC + Аудит
Выгрузки\Сайты\page_281.html,"standard_fio: 1, payment_cvv: 2",3,УЗ-2,.html,AES-256 + RBAC + Аудит
Выгрузки\Сайты\page_282.html,"standard_fio: 1, payment_cvv: 2",3,УЗ-2,.html,AES-256 + RBAC + Аудит
Выгрузки\Сайты\page_283.html,"standard_fio: 1, payment_cvv: 2",3,УЗ-2,.html,AES-256 + RBAC + Аудит
Выгрузки\Сайты\page_284.html,"standard_fio: 1, payment_cvv: 2",3,УЗ-2,.html,AES-256 + RBAC + Аудит
Выгрузки\Сайты\page_285.html,"standard_fio: 1, payment_cvv: 2",3,УЗ-2,.html,AES-256 + RBAC + Аудит
Выгрузки\Сайты\page_286.html,"standard_fio: 1, payment_cvv: 2",3,УЗ-2,.html,AES-256 + RBAC + Аудит
Выгрузки\Сайты\page_287.html,"standard_fio: 1, payment_cvv: 2",3,УЗ-2,.html,AES-256 + RBAC + Аудит
Выгрузки\Сайты\page_288.html,"standard_fio: 1, payment_cvv: 2",3,УЗ-2,.html,AES-256 + RBAC + Аудит
Выгрузки\Сайты\page_289.html,"standard_fio: 1, payment_cvv: 2",3,УЗ-2,.html,AES-256 + RBAC + Аудит
Выгрузки\Сайты\page_29.html,payment_cvv: 2,2,УЗ-2,.html,AES-256 + RBAC + Аудит
Выгрузки\Сайты\page_290.html,"standard_fio: 1, payment_cvv: 2",3,УЗ-2,.html,AES-256 + RBAC + Аудит
Выгрузки\Сайты\page_291.html,"standard_fio: 1, payment_cvv: 2",3,УЗ-2,.html,AES-256 + RBAC + Аудит
Выгрузки\Сайты\page_292.html,"standard_fio: 1, payment_cvv: 2",3,УЗ-2,.html,AES-256 + RBAC + Аудит
Выгрузки\Сайты\page_293.html,"standard_fio: 1, payment_cvv: 2",3,УЗ-2,.html,AES-256 + RBAC + Аудит
Выгрузки\Сайты\page_294.html,"standard_fio: 1, payment_cvv: 2",3,УЗ-2,.html,AES-256 + RBAC + Аудит
Выгрузки\Сайты\page_295.html,"standard_fio: 1, payment_cvv: 2",3,УЗ-2,.html,AES-256 + RBAC + Аудит
Выгрузки\Сайты\page_296.html,"standard_fio: 1, payment_cvv: 2",3,УЗ-2,.html,AES-256 + RBAC + Аудит
Выгрузки\Сайты\page_297.html,"standard_fio: 1, payment_cvv: 2",3,УЗ-2,.html,AES-256 + RBAC + Аудит
Выгрузки\Сайты\page_298.html,"standard_fio: 1, payment_cvv: 2",3,УЗ-2,.html,AES-256 + RBAC + Аудит
Выгрузки\Сайты\page_299.html,"standard_fio: 1, payment_cvv: 2",3,УЗ-2,.html,AES-256 + RBAC + Аудит
Выгрузки\Сайты\page_3.html,"standard_fio: 1, payment_cvv: 2",3,УЗ-2,.html,AES-256 + RBAC + Аудит
Выгрузки\Сайты\page_30.html,"standard_fio: 2, payment_cvv: 2",4,УЗ-2,.html,AES-256 + RBAC + Аудит
Выгрузки\Сайты\page_300.html,"standard_fio: 1, payment_cvv: 2",3,УЗ-2,.html,AES-256 + RBAC + Аудит
Выгрузки\Сайты\page_301.html,"standard_fio: 1, payment_cvv: 2",3,УЗ-2,.html,AES-256 + RBAC + Аудит
Выгрузки\Сайты\page_302.html,"standard_fio: 1, payment_cvv: 2",3,УЗ-2,.html,AES-256 + RBAC + Аудит
Выгрузки\Сайты\page_303.html,"standard_fio: 1, payment_cvv: 2",3,УЗ-2,.html,AES-256 + RBAC + Аудит
Выгрузки\Сайты\page_304.html,"standard_fio: 1, payment_cvv: 3",4,УЗ-2,.html,AES-256 + RBAC + Аудит
Выгрузки\Сайты\page_305.html,"standard_fio: 1, payment_cvv: 2",3,УЗ-2,.html,AES-256 + RBAC + Аудит
Выгрузки\Сайты\page_306.html,"standard_fio: 2, payment_cvv: 2",4,УЗ-2,.html,AES-256 + RBAC + Аудит
Выгрузки\Сайты\page_307.html,"standard_fio: 2, payment_cvv: 2",4,УЗ-2,.html,AES-256 + RBAC + Аудит
Выгрузки\Сайты\page_308.html,"standard_fio: 1, payment_cvv: 3",4,УЗ-2,.html,AES-256 + RBAC + Аудит
Выгрузки\Сайты\page_309.html,"standard_fio: 1, payment_cvv: 2",3,УЗ-2,.html,AES-256 + RBAC + Аудит
Выгрузки\Сайты\page_31.html,"standard_fio: 1, payment_cvv: 3",4,УЗ-2,.html,AES-256 + RBAC + Аудит
Выгрузки\Сайты\page_310.html,"standard_fio: 1, payment_cvv: 2",3,УЗ-2,.html,AES-256 + RBAC + Аудит
Выгрузки\Сайты\page_311.html,"standard_fio: 1, payment_cvv: 2",3,УЗ-2,.html,AES-256 + RBAC + Аудит
Выгрузки\Сайты\page_312.html,"standard_fio: 1, payment_cvv: 2",3,УЗ-2,.html,AES-256 + RBAC + Аудит
Выгрузки\Сайты\page_313.html,"standard_fio: 1, payment_cvv: 2",3,УЗ-2,.html,AES-256 + RBAC + Аудит
Выгрузки\Сайты\page_314.html,"standard_fio: 1, payment_cvv: 2",3,УЗ-2,.html,AES-256 + RBAC + Аудит
Выгрузки\Сайты\page_315.html,"standard_fio: 1, payment_cvv: 2",3,УЗ-2,.html,AES-256 + RBAC + Аудит
Выгрузки\Сайты\page_316.html,"standard_fio: 1, payment_cvv: 2",3,УЗ-2,.html,AES-256 + RBAC + Аудит
Выгрузки\Сайты\page_317.html,"standard_fio: 1, payment_cvv: 2",3,УЗ-2,.html,AES-256 + RBAC + Аудит
Выгрузки\Сайты\page_318.html,"standard_fio: 1, payment_cvv: 2",3,УЗ-2,.html,AES-256 + RBAC + Аудит
Выгрузки\Сайты\page_319.html,"standard_fio: 1, payment_cvv: 2",3,УЗ-2,.html,AES-256 + RBAC + Аудит
Выгрузки\Сайты\page_32.html,"standard_fio: 1, payment_cvv: 3",4,УЗ-2,.html,AES-256 + RBAC + Аудит
Выгрузки\Сайты\page_320.html,"standard_fio: 1, payment_cvv: 2",3,УЗ-2,.html,AES-256 + RBAC + Аудит
Выгрузки\Сайты\page_321.html,"standard_fio: 1, payment_cvv: 2",3,УЗ-2,.html,AES-256 + RBAC + Аудит
Выгрузки\Сайты\page_322.html,"standard_fio: 1, payment_cvv: 2",3,УЗ-2,.html,AES-256 + RBAC + Аудит
Выгрузки\Сайты\page_323.html,"standard_fio: 1, payment_cvv: 2",3,УЗ-2,.html,AES-256 + RBAC + Аудит
Выгрузки\Сайты\page_324.html,"standard_fio: 1, payment_cvv: 2",3,УЗ-2,.html,AES-256 + RBAC + Аудит
Выгрузки\Сайты\page_325.html,"standard_fio: 1, payment_cvv: 2",3,УЗ-2,.html,AES-256 + RBAC + Аудит
Выгрузки\Сайты\page_326.html,"standard_fio: 1, payment_cvv: 2",3,УЗ-2,.html,AES-256 + RBAC + Аудит
Выгрузки\Сайты\page_327.html,"standard_fio: 1, payment_cvv: 2",3,УЗ-2,.html,AES-256 + RBAC + Аудит
Выгрузки\Сайты\page_328.html,"standard_fio: 1, payment_cvv: 2",3,УЗ-2,.html,AES-256 + RBAC + Аудит
Выгрузки\Сайты\page_329.html,"standard_fio: 1, payment_cvv: 2",3,УЗ-2,.html,AES-256 + RBAC + Аудит
Выгрузки\Сайты\page_33.html,"standard_fio: 1, payment_cvv: 3",4,УЗ-2,.html,AES-256 + RBAC + Аудит
Выгрузки\Сайты\page_330.html,"standard_fio: 1, payment_cvv: 2",3,УЗ-2,.html,AES-256 + RBAC + Аудит
Выгрузки\Сайты\page_331.html,"standard_fio: 1, payment_cvv: 2",3,УЗ-2,.html,AES-256 + RBAC + Аудит
Выгрузки\Сайты\page_332.html,"standard_fio: 1, payment_cvv: 3",4,УЗ-2,.html,AES-256 + RBAC + Аудит
Выгрузки\Сайты\page_333.html,"standard_fio: 1, payment_cvv: 3",4,УЗ-2,.html,AES-256 + RBAC + Аудит
Выгрузки\Сайты\page_334.html,"standard_fio: 2, payment_cvv: 2",4,УЗ-2,.html,AES-256 + RBAC + Аудит
Выгрузки\Сайты\page_335.html,"standard_fio: 1, payment_cvv: 2",3,УЗ-2,.html,AES-256 + RBAC + Аудит
Выгрузки\Сайты\page_336.html,"standard_fio: 1, payment_cvv: 2",3,УЗ-2,.html,AES-256 + RBAC + Аудит
Выгрузки\Сайты\page_337.html,"standard_fio: 1, payment_cvv: 2",3,УЗ-2,.html,AES-256 + RBAC + Аудит
Выгрузки\Сайты\page_338.html,"standard_fio: 1, payment_cvv: 2",3,УЗ-2,.html,AES-256 + RBAC + Аудит
Выгрузки\Сайты\page_339.html,"standard_fio: 1, payment_cvv: 3",4,УЗ-2,.html,AES-256 + RBAC + Аудит
Выгрузки\Сайты\page_34.html,"standard_fio: 2, payment_cvv: 2",4,УЗ-2,.html,AES-256 + RBAC + Аудит
Выгрузки\Сайты\page_340.html,"standard_fio: 1, payment_cvv: 2",3,УЗ-2,.html,AES-256 + RBAC + Аудит
Выгрузки\Сайты\page_341.html,"standard_fio: 1, payment_cvv: 2",3,УЗ-2,.html,AES-256 + RBAC + Аудит
Выгрузки\Сайты\page_342.html,"standard_fio: 1, payment_cvv: 3",4,УЗ-2,.html,AES-256 + RBAC + Аудит
Выгрузки\Сайты\page_343.html,"standard_fio: 1, payment_cvv: 2",3,УЗ-2,.html,AES-256 + RBAC + Аудит
Выгрузки\Сайты\page_344.html,"standard_fio: 1, payment_cvv: 2",3,УЗ-2,.html,AES-256 + RBAC + Аудит
Выгрузки\Сайты\page_345.html,"standard_fio: 1, payment_cvv: 2",3,УЗ-2,.html,AES-256 + RBAC + Аудит
Выгрузки\Сайты\page_346.html,"standard_fio: 1, payment_cvv: 2",3,УЗ-2,.html,AES-256 + RBAC + Аудит
Выгрузки\Сайты\page_347.html,"standard_fio: 1, payment_cvv: 2",3,УЗ-2,.html,AES-256 + RBAC + Аудит
Выгрузки\Сайты\page_348.html,"standard_fio: 1, payment_cvv: 2",3,УЗ-2,.html,AES-256 + RBAC + Аудит
Выгрузки\Сайты\page_349.html,"standard_fio: 1, payment_cvv: 2",3,УЗ-2,.html,AES-256 + RBAC + Аудит
Выгрузки\Сайты\page_35.html,"standard_fio: 2, payment_cvv: 2",4,УЗ-2,.html,AES-256 + RBAC + Аудит
Выгрузки\Сайты\page_350.html,"standard_fio: 1, payment_cvv: 2",3,УЗ-2,.html,AES-256 + RBAC + Аудит
Выгрузки\Сайты\page_351.html,"standard_fio: 1, payment_cvv: 2",3,УЗ-2,.html,AES-256 + RBAC + Аудит
Выгрузки\Сайты\page_352.html,"standard_fio: 2, payment_cvv: 2",4,УЗ-2,.html,AES-256 + RBAC + Аудит
Выгрузки\Сайты\page_353.html,"standard_fio: 1, payment_cvv: 2",3,УЗ-2,.html,AES-256 + RBAC + Аудит
Выгрузки\Сайты\page_354.html,"standard_fio: 1, payment_cvv: 2",3,УЗ-2,.html,AES-256 + RBAC + Аудит
Выгрузки\Сайты\page_355.html,"standard_fio: 1, payment_cvv: 2",3,УЗ-2,.html,AES-256 + RBAC + Аудит
Выгрузки\Сайты\page_356.html,"standard_fio: 1, payment_cvv: 2",3,УЗ-2,.html,AES-256 + RBAC + Аудит
Выгрузки\Сайты\page_357.html,"standard_fio: 1, payment_cvv: 2",3,УЗ-2,.html,AES-256 + RBAC + Аудит
Выгрузки\Сайты\page_358.html,"standard_fio: 1, payment_cvv: 3",4,УЗ-2,.html,AES-256 + RBAC + Аудит
Выгрузки\Сайты\page_359.html,"standard_fio: 1, payment_cvv: 2",3,УЗ-2,.html,AES-256 + RBAC + Аудит
Выгрузки\Сайты\page_36.html,"standard_fio: 1, payment_cvv: 2",3,УЗ-2,.html,AES-256 + RBAC + Аудит
Выгрузки\Сайты\page_360.html,"standard_fio: 1, payment_cvv: 3",4,УЗ-2,.html,AES-256 + RBAC + Аудит
Выгрузки\Сайты\page_361.html,"standard_fio: 1, payment_cvv: 3",4,УЗ-2,.html,AES-256 + RBAC + Аудит
Выгрузки\Сайты\page_362.html,"standard_fio: 1, payment_cvv: 2",3,УЗ-2,.html,AES-256 + RBAC + Аудит
Выгрузки\Сайты\page_363.html,"standard_fio: 1, payment_cvv: 2",3,УЗ-2,.html,AES-256 + RBAC + Аудит
Выгрузки\Сайты\page_364.html,"standard_fio: 1, payment_cvv: 3",4,УЗ-2,.html,AES-256 + RBAC + Аудит
Выгрузки\Сайты\page_365.html,"standard_fio: 1, payment_cvv: 2",3,УЗ-2,.html,AES-256 + RBAC + Аудит
Выгрузки\Сайты\page_366.html,"standard_fio: 1, payment_cvv: 3",4,УЗ-2,.html,AES-256 + RBAC + Аудит
Выгрузки\Сайты\page_367.html,"standard_fio: 1, payment_cvv: 2",3,УЗ-2,.html,AES-256 + RBAC + Аудит
Выгрузки\Сайты\page_368.html,"standard_fio: 1, payment_cvv: 2",3,УЗ-2,.html,AES-256 + RBAC + Аудит
Выгрузки\Сайты\page_369.html,"standard_fio: 1, payment_cvv: 3",4,УЗ-2,.html,AES-256 + RBAC + Аудит
Выгрузки\Сайты\page_37.html,"standard_fio: 2, payment_cvv: 2",4,УЗ-2,.html,AES-256 + RBAC + Аудит
Выгрузки\Сайты\page_370.html,"standard_fio: 1, payment_cvv: 2",3,УЗ-2,.html,AES-256 + RBAC + Аудит
Выгрузки\Сайты\page_371.html,"standard_fio: 1, payment_cvv: 2",3,УЗ-2,.html,AES-256 + RBAC + Аудит
Выгрузки\Сайты\page_372.html,"standard_fio: 1, payment_cvv: 2",3,УЗ-2,.html,AES-256 + RBAC + Аудит
Выгрузки\Сайты\page_373.html,"standard_fio: 1, payment_cvv: 2",3,УЗ-2,.html,AES-256 + RBAC + Аудит
Выгрузки\Сайты\page_374.html,"standard_fio: 1, payment_cvv: 2",3,УЗ-2,.html,AES-256 + RBAC + Аудит
Выгрузки\Сайты\page_375.html,"standard_fio: 1, payment_cvv: 2",3,УЗ-2,.html,AES-256 + RBAC + Аудит
Выгрузки\Сайты\page_376.html,"standard_fio: 1, payment_cvv: 2",3,УЗ-2,.html,AES-256 + RBAC + Аудит
Выгрузки\Сайты\page_377.html,"standard_fio: 1, payment_cvv: 2",3,УЗ-2,.html,AES-256 + RBAC + Аудит
Выгрузки\Сайты\page_378.html,"standard_fio: 1, payment_cvv: 3",4,УЗ-2,.html,AES-256 + RBAC + Аудит
Выгрузки\Сайты\page_379.html,"standard_fio: 2, payment_cvv: 3",5,УЗ-2,.html,AES-256 + RBAC + Аудит
Выгрузки\Сайты\page_38.html,"standard_fio: 1, payment_cvv: 2",3,УЗ-2,.html,AES-256 + RBAC + Аудит
Выгрузки\Сайты\page_380.html,"standard_fio: 1, payment_cvv: 2",3,УЗ-2,.html,AES-256 + RBAC + Аудит
Выгрузки\Сайты\page_381.html,"standard_fio: 1, payment_cvv: 2",3,УЗ-2,.html,AES-256 + RBAC + Аудит
Выгрузки\Сайты\page_382.html,"standard_fio: 1, payment_cvv: 3",4,УЗ-2,.html,AES-256 + RBAC + Аудит
Выгрузки\Сайты\page_383.html,"standard_fio: 1, payment_cvv: 2",3,УЗ-2,.html,AES-256 + RBAC + Аудит
Выгрузки\Сайты\page_384.html,"standard_fio: 1, payment_cvv: 3",4,УЗ-2,.html,AES-256 + RBAC + Аудит
Выгрузки\Сайты\page_385.html,"standard_fio: 1, payment_cvv: 2",3,УЗ-2,.html,AES-256 + RBAC + Аудит
Выгрузки\Сайты\page_386.html,"standard_fio: 1, payment_cvv: 3",4,УЗ-2,.html,AES-256 + RBAC + Аудит
Выгрузки\Сайты\page_387.html,"standard_fio: 1, payment_cvv: 2",3,УЗ-2,.html,AES-256 + RBAC + Аудит
Выгрузки\Сайты\page_388.html,"standard_fio: 1, payment_cvv: 2",3,УЗ-2,.html,AES-256 + RBAC + Аудит
Выгрузки\Сайты\page_389.html,"standard_fio: 1, payment_cvv: 2",3,УЗ-2,.html,AES-256 + RBAC + Аудит
Выгрузки\Сайты\page_39.html,"standard_fio: 1, payment_cvv: 2",3,УЗ-2,.html,AES-256 + RBAC + Аудит
Выгрузки\Сайты\page_390.html,"standard_fio: 1, payment_cvv: 2",3,УЗ-2,.html,AES-256 + RBAC + Аудит
Выгрузки\Сайты\page_391.html,"standard_fio: 1, payment_cvv: 2",3,УЗ-2,.html,AES-256 + RBAC + Аудит
Выгрузки\Сайты\page_392.html,"standard_fio: 2, payment_cvv: 3",5,УЗ-2,.html,AES-256 + RBAC + Аудит
Выгрузки\Сайты\page_393.html,"standard_fio: 1, payment_cvv: 2",3,УЗ-2,.html,AES-256 + RBAC + Аудит
Выгрузки\Сайты\page_394.html,"standard_fio: 28, standard_address: 1, payment_cvv: 2, special_health: 1",32,УЗ-1,.html,AES-256 + RBAC + Аудит
Выгрузки\Сайты\page_395.html,"standard_fio: 2, payment_cvv: 2",4,УЗ-2,.html,AES-256 + RBAC + Аудит
Выгрузки\Сайты\page_396.html,"standard_fio: 5, standard_address: 1, payment_cvv: 2, special_health: 1",9,УЗ-1,.html,AES-256 + RBAC + Аудит
Выгрузки\Сайты\page_397.html,special_health: 1,1,УЗ-1,.html,AES-256 + RBAC + Аудит
Выгрузки\Сайты\page_398.html,"standard_fio: 5, payment_cvv: 2, special_health: 1",8,УЗ-1,.html,AES-256 + RBAC + Аудит
Выгрузки\Сайты\page_399.html,standard_fio: 6,6,УЗ-4,.html,Контроль доступа + Сверка
Выгрузки\Сайты\page_4.html,"standard_fio: 1, payment_cvv: 2",3,УЗ-2,.html,AES-256 + RBAC + Аудит
Выгрузки\Сайты\page_40.html,"standard_fio: 1, payment_cvv: 2",3,УЗ-2,.html,AES-256 + RBAC + Аудит
Выгрузки\Сайты\page_400.html,"standard_fio: 6, payment_cvv: 2, special_health: 2",10,УЗ-1,.html,AES-256 + RBAC + Аудит
Выгрузки\Сайты\page_401.html,"standard_fio: 1, standard_address: 2, payment_cvv: 1",4,УЗ-2,.html,AES-256 + RBAC + Аудит
Выгрузки\Сайты\page_402.html,"standard_fio: 2, payment_cvv: 2",4,УЗ-2,.html,AES-256 + RBAC + Аудит
Выгрузки\Сайты\page_403.html,"standard_fio: 7, payment_cvv: 2, special_health: 1",10,УЗ-1,.html,AES-256 + RBAC + Аудит
Выгрузки\Сайты\page_404.html,"standard_address: 2, payment_cvv: 5",7,УЗ-2,.html,AES-256 + RBAC + Аудит
Выгрузки\Сайты\page_405.html,"standard_fio: 7, payment_cvv: 2, special_health: 1",10,УЗ-1,.html,AES-256 + RBAC + Аудит
Выгрузки\Сайты\page_406.html,"standard_fio: 49, standard_address: 1, payment_cvv: 4",54,УЗ-2,.html,AES-256 + RBAC + Аудит
Выгрузки\Сайты\page_407.html,"standard_fio: 6, payment_cvv: 2, special_health: 1",9,УЗ-1,.html,AES-256 + RBAC + Аудит
Выгрузки\Сайты\page_408.html,payment_cvv: 1,1,УЗ-2,.html,AES-256 + RBAC + Аудит
Выгрузки\Сайты\page_409.html,"standard_fio: 2, payment_cvv: 2",4,УЗ-2,.html,AES-256 + RBAC + Аудит
Выгрузки\Сайты\page_41.html,"standard_address: 1, payment_cvv: 2",3,УЗ-2,.html,AES-256 + RBAC + Аудит
Выгрузки\Сайты\page_410.html,"standard_fio: 7, payment_cvv: 2, special_health: 1",10,УЗ-1,.html,AES-256 + RBAC + Аудит
Выгрузки\Сайты\page_411.html,"standard_fio: 7, standard_address: 2, payment_cvv: 8, special_health: 1",18,УЗ-1,.html,AES-256 + RBAC + Аудит
Выгрузки\Сайты\page_412.html,"standard_fio: 6, payment_cvv: 2, special_health: 1",9,УЗ-1,.html,AES-256 + RBAC + Аудит
Выгрузки\Сайты\page_413.html,"standard_fio: 1, payment_cvv: 2",3,УЗ-2,.html,AES-256 + RBAC + Аудит
Выгрузки\Сайты\page_414.html,"standard_fio: 6, standard_address: 3, payment_cvv: 2, special_health: 1",12,УЗ-1,.html,AES-256 + RBAC + Аудит
Выгрузки\Сайты\page_415.html,"standard_fio: 2, standard_address: 5, payment_cvv: 19, biometric: 1",27,УЗ-1,.html,AES-256 + RBAC + Аудит
Выгрузки\Сайты\page_416.html,"standard_fio: 7, standard_address: 1, payment_cvv: 2, special_health: 1",11,УЗ-1,.html,AES-256 + RBAC + Аудит
Выгрузки\Сайты\page_417.html,"standard_fio: 1, standard_address: 3, payment_cvv: 7",11,УЗ-2,.html,AES-256 + RBAC + Аудит
Выгрузки\Сайты\page_418.html,"standard_fio: 6, payment_cvv: 2, special_health: 2",10,УЗ-1,.html,AES-256 + RBAC + Аудит
Выгрузки\Сайты\page_419.html,standard_address: 2,2,УЗ-4,.html,Контроль доступа + Сверка
Выгрузки\Сайты\page_42.html,payment_cvv: 2,2,УЗ-2,.html,AES-256 + RBAC + Аудит
Выгрузки\Сайты\page_420.html,"standard_fio: 2, payment_cvv: 2",4,УЗ-2,.html,AES-256 + RBAC + Аудит
Выгрузки\Сайты\page_421.html,"standard_fio: 5, payment_cvv: 2, special_health: 1",8,УЗ-1,.html,AES-256 + RBAC + Аудит
Выгрузки\Сайты\page_422.html,"standard_fio: 29, standard_address: 2, payment_cvv: 10",41,УЗ-2,.html,AES-256 + RBAC + Аудит
Выгрузки\Сайты\page_423.html,"standard_fio: 7, payment_cvv: 2, special_health: 1",10,УЗ-1,.html,AES-256 + RBAC + Аудит
Выгрузки\Сайты\page_424.html,"standard_fio: 14, standard_address: 3, payment_cvv: 6",23,УЗ-2,.html,AES-256 + RBAC + Аудит
Выгрузки\Сайты\page_425.html,"standard_fio: 5, payment_cvv: 2, special_health: 1",8,УЗ-1,.html,AES-256 + RBAC + Аудит
Выгрузки\Сайты\page_426.html,"payment_cvv: 6, special_health: 2",8,УЗ-1,.html,AES-256 + RBAC + Аудит
Выгрузки\Сайты\page_427.html,"standard_fio: 1, payment_cvv: 2",3,УЗ-2,.html,AES-256 + RBAC + Аудит
Выгрузки\Сайты\page_428.html,"standard_fio: 7, standard_address: 2, payment_cvv: 2, special_health: 1",12,УЗ-1,.html,AES-256 + RBAC + Аудит
Выгрузки\Сайты\page_429.html,"standard_fio: 32, standard_address: 5",37,УЗ-4,.html,Контроль доступа + Сверка
Выгрузки\Сайты\page_430.html,"standard_fio: 6, standard_address: 12, payment_cvv: 13, special_health: 1",32,УЗ-1,.html,AES-256 + RBAC + Аудит
Выгрузки\Сайты\page_431.html,"standard_address: 12, payment_cvv: 11",23,УЗ-2,.html,AES-256 + RBAC + Аудит
Выгрузки\Сайты\page_432.html,"standard_fio: 7, standard_address: 2, payment_cvv: 3, special_health: 1",13,УЗ-1,.html,AES-256 + RBAC + Аудит
Выгрузки\Сайты\page_433.html,"standard_fio: 11, standard_address: 1, payment_cvv: 6",18,УЗ-2,.html,AES-256 + RBAC + Аудит
Выгрузки\Сайты\page_434.html,"standard_fio: 1, payment_cvv: 2",3,УЗ-2,.html,AES-256 + RBAC + Аудит
Выгрузки\Сайты\page_435.html,"standard_fio: 8, payment_cvv: 2, special_health: 1",11,УЗ-1,.html,AES-256 + RBAC + Аудит
Выгрузки\Сайты\page_436.html,"standard_fio: 1, standard_phone: 1, standard_email: 1, standard_address: 4, payment_cvv: 2, special_health: 1",10,УЗ-1,.html,AES-256 + RBAC + Аудит
Выгрузки\Сайты\page_437.html,"standard_fio: 7, standard_address: 1, payment_cvv: 4, special_health: 1",13,УЗ-1,.html,AES-256 + RBAC + Аудит
Выгрузки\Сайты\page_438.html,"standard_fio: 15, standard_address: 6, payment_cvv: 5, biometric: 1, special_religion: 1",28,УЗ-1,.html,AES-256 + RBAC + Аудит
Выгрузки\Сайты\page_439.html,payment_cvv: 2,2,УЗ-2,.html,AES-256 + RBAC + Аудит
Выгрузки\Сайты\page_44.html,"standard_fio: 3, standard_dob: 1, standard_address: 1, payment_cvv: 4",9,УЗ-2,.html,AES-256 + RBAC + Аудит
Выгрузки\Сайты\page_440.html,payment_cvv: 2,2,УЗ-2,.html,AES-256 + RBAC + Аудит
Выгрузки\Сайты\page_441.html,"standard_fio: 1, payment_cvv: 2",3,УЗ-2,.html,AES-256 + RBAC + Аудит
Выгрузки\Сайты\page_442.html,"standard_fio: 6, standard_address: 2, payment_cvv: 6, special_health: 20",34,УЗ-1,.html,AES-256 + RBAC + Аудит
Выгрузки\Сайты\page_443.html,"standard_fio: 1, standard_address: 1, payment_cvv: 2, special_health: 10",14,УЗ-1,.html,AES-256 + RBAC + Аудит
Выгрузки\Сайты\page_444.html,"standard_fio: 7, payment_cvv: 2, special_health: 1",10,УЗ-1,.html,AES-256 + RBAC + Аудит
Выгрузки\Сайты\page_445.html,"standard_fio: 2, standard_address: 7, payment_cvv: 3, special_health: 3",15,УЗ-1,.html,AES-256 + RBAC + Аудит
Выгрузки\Сайты\page_446.html,"standard_fio: 6, standard_address: 7, payment_cvv: 6, special_health: 1",20,УЗ-1,.html,AES-256 + RBAC + Аудит
Выгрузки\Сайты\page_447.html,"standard_address: 1, payment_cvv: 5",6,УЗ-2,.html,AES-256 + RBAC + Аудит
Выгрузки\Сайты\page_448.html,"standard_fio: 2, payment_cvv: 2",4,УЗ-2,.html,AES-256 + RBAC + Аудит
Выгрузки\Сайты\page_449.html,"standard_fio: 7, payment_cvv: 3, special_health: 1, special_religion: 1",12,УЗ-1,.html,AES-256 + RBAC + Аудит
Выгрузки\Сайты\page_45.html,payment_cvv: 4,4,УЗ-2,.html,AES-256 + RBAC + Аудит
Выгрузки\Сайты\page_450.html,"standard_fio: 3, standard_address: 5, payment_cvv: 16, biometric: 1, special_health: 4, special_religion: 1",30,УЗ-1,.html,AES-256 + RBAC + Аудит
Выгрузки\Сайты\page_451.html,"standard_fio: 7, standard_address: 3, payment_cvv: 3, special_health: 1",14,УЗ-1,.html,AES-256 + RBAC + Аудит
Выгрузки\Сайты\page_452.html,"standard_fio: 1, standard_address: 1, payment_cvv: 1, special_health: 1",4,УЗ-1,.html,AES-256 + RBAC + Аудит
Выгрузки\Сайты\page_453.html,"standard_fio: 12, standard_address: 2, payment_cvv: 11, special_health: 1",26,УЗ-1,.html,AES-256 + RBAC + Аудит
Выгрузки\Сайты\page_454.html,"standard_fio: 1, payment_cvv: 2",3,УЗ-2,.html,AES-256 + RBAC + Аудит
Выгрузки\Сайты\page_455.html,"standard_fio: 6, payment_cvv: 4, special_health: 1",11,УЗ-1,.html,AES-256 + RBAC + Аудит
Выгрузки\Сайты\page_456.html,"standard_fio: 9, standard_dob: 3, standard_address: 2, payment_cvv: 5",19,УЗ-2,.html,AES-256 + RBAC + Аудит
Выгрузки\Сайты\page_457.html,"standard_fio: 6, payment_cvv: 2, special_health: 1",9,УЗ-1,.html,AES-256 + RBAC + Аудит
Выгрузки\Сайты\page_458.html,"standard_fio: 2, standard_dob: 1, standard_address: 3, payment_cvv: 5, special_health: 1",12,УЗ-1,.html,AES-256 + RBAC + Аудит
Выгрузки\Сайты\page_459.html,"standard_fio: 7, standard_address: 2, payment_cvv: 2, special_health: 1",12,УЗ-1,.html,AES-256 + RBAC + Аудит
Выгрузки\Сайты\page_46.html,"standard_fio: 10, standard_address: 3, payment_cvv: 7",20,УЗ-2,.html,AES-256 + RBAC + Аудит
Выгрузки\Сайты\page_460.html,"standard_fio: 1, standard_address: 11, special_health: 1",13,УЗ-1,.html,AES-256 + RBAC + Аудит
Выгрузки\Сайты\page_461.html,"standard_fio: 1, payment_cvv: 2",3,УЗ-2,.html,AES-256 + RBAC + Аудит
Выгрузки\Сайты\page_462.html,"standard_fio: 6, standard_address: 1, payment_cvv: 2, special_health: 1",10,УЗ-1,.html,AES-256 + RBAC + Аудит
Выгрузки\Сайты\page_463.html,"standard_fio: 208, standard_address: 4, payment_cvv: 1, special_health: 1",214,УЗ-1,.html,AES-256 + RBAC + Аудит
Выгрузки\Сайты\page_464.html,"standard_fio: 6, standard_address: 4, payment_cvv: 2, special_health: 1",13,УЗ-1,.html,AES-256 + RBAC + Аудит
Выгрузки\Сайты\page_465.html,"standard_fio: 1, standard_address: 4, payment_cvv: 2",7,УЗ-2,.html,AES-256 + RBAC + Аудит
Выгрузки\Сайты\page_466.html,"standard_fio: 7, standard_address: 3, payment_cvv: 2, special_health: 1",13,УЗ-1,.html,AES-256 + RBAC + Аудит
Выгрузки\Сайты\page_467.html,"standard_fio: 2, standard_address: 11, payment_cvv: 9",22,УЗ-2,.html,AES-256 + RBAC + Аудит
Выгрузки\Сайты\page_468.html,"standard_fio: 1, payment_cvv: 2",3,УЗ-2,.html,AES-256 + RBAC + Аудит
Выгрузки\Сайты\page_469.html,"standard_fio: 9, standard_address: 2, payment_cvv: 4, special_health: 2",17,УЗ-1,.html,AES-256 + RBAC + Аудит
Выгрузки\Сайты\page_470.html,"standard_fio: 4, standard_address: 5",9,УЗ-4,.html,Контроль доступа + Сверка
Выгрузки\Сайты\page_471.html,"standard_fio: 6, payment_cvv: 4, special_health: 1",11,УЗ-1,.html,AES-256 + RBAC + Аудит
Выгрузки\Сайты\page_472.html,"standard_fio: 6, standard_address: 5, payment_cvv: 17",28,УЗ-2,.html,AES-256 + RBAC + Аудит
Выгрузки\Сайты\page_473.html,"standard_fio: 6, standard_address: 2, payment_cvv: 9, special_health: 1",18,УЗ-1,.html,AES-256 + RBAC + Аудит
Выгрузки\Сайты\page_474.html,"standard_fio: 3, standard_address: 11, payment_cvv: 20, special_health: 10",44,УЗ-1,.html,AES-256 + RBAC + Аудит
Выгрузки\Сайты\page_475.html,"standard_fio: 1, payment_cvv: 2",3,УЗ-2,.html,AES-256 + RBAC + Аудит
Выгрузки\Сайты\page_476.html,"standard_fio: 7, standard_address: 3, payment_cvv: 2, special_health: 1",13,УЗ-1,.html,AES-256 + RBAC + Аудит
Выгрузки\Сайты\page_477.html,"standard_fio: 1, standard_address: 5",6,УЗ-4,.html,Контроль доступа + Сверка
Выгрузки\Сайты\page_478.html,"standard_fio: 6, payment_cvv: 2, special_health: 1",9,УЗ-1,.html,AES-256 + RBAC + Аудит
Выгрузки\Сайты\page_479.html,"standard_fio: 3, standard_address: 6, payment_cvv: 10, special_health: 1",20,УЗ-1,.html,AES-256 + RBAC + Аудит
Выгрузки\Сайты\page_48.html,"standard_address: 1, payment_cvv: 2",3,УЗ-2,.html,AES-256 + RBAC + Аудит
Выгрузки\Сайты\page_480.html,"standard_fio: 7, standard_address: 3, payment_cvv: 3, special_health: 1",14,УЗ-1,.html,AES-256 + RBAC + Аудит
Выгрузки\Сайты\page_481.html,"standard_fio: 1, standard_address: 13, special_health: 2",16,УЗ-1,.html,AES-256 + RBAC + Аудит
Выгрузки\Сайты\page_482.html,"standard_fio: 1, payment_cvv: 2",3,УЗ-2,.html,AES-256 + RBAC + Аудит
Выгрузки\Сайты\page_483.html,"standard_fio: 6, standard_address: 1, payment_cvv: 2, special_health: 1",10,УЗ-1,.html,AES-256 + RBAC + Аудит
Выгрузки\Сайты\page_484.html,standard_address: 1,1,УЗ-4,.html,Контроль доступа + Сверка
Выгрузки\Сайты\page_485.html,"standard_fio: 5, standard_address: 1, payment_cvv: 2, special_health: 1",9,УЗ-1,.html,AES-256 + RBAC + Аудит
Выгрузки\Сайты\page_486.html,"standard_fio: 11, standard_dob: 4, standard_address: 3, payment_cvv: 3, special_health: 1",22,УЗ-1,.html,AES-256 + RBAC + Аудит
Выгрузки\Сайты\page_49.html,"standard_address: 5, payment_cvv: 6",11,УЗ-2,.html,AES-256 + RBAC + Аудит
Выгрузки\Сайты\page_5.html,payment_cvv: 3,3,УЗ-2,.html,AES-256 + RBAC + Аудит
Выгрузки\Сайты\page_50.html,"standard_email: 5, payment_cvv: 2",7,УЗ-2,.html,AES-256 + RBAC + Аудит
Выгрузки\Сайты\page_51.html,"standard_fio: 4, payment_cvv: 6",10,УЗ-2,.html,AES-256 + RBAC + Аудит
Выгрузки\Сайты\page_52.html,"standard_address: 1, payment_cvv: 2",3,УЗ-2,.html,AES-256 + RBAC + Аудит
Выгрузки\Сайты\page_53.html,"standard_email: 1, standard_address: 3, payment_cvv: 5",9,УЗ-2,.html,AES-256 + RBAC + Аудит
Выгрузки\Сайты\page_54.html,"standard_fio: 3, standard_address: 5, payment_cvv: 4",12,УЗ-2,.html,AES-256 + RBAC + Аудит
Выгрузки\Сайты\page_55.html,"standard_fio: 3, standard_address: 4, payment_cvv: 1, biometric: 1",9,УЗ-1,.html,AES-256 + RBAC + Аудит
Выгрузки\Сайты\page_56.html,"standard_dob: 1, payment_cvv: 4",5,УЗ-2,.html,AES-256 + RBAC + Аудит
Выгрузки\Сайты\page_57.html,"standard_email: 1, standard_dob: 1, payment_cvv: 2, special_health: 2",6,УЗ-1,.html,AES-256 + RBAC + Аудит
Выгрузки\Сайты\page_58.html,payment_cvv: 2,2,УЗ-2,.html,AES-256 + RBAC + Аудит
Выгрузки\Сайты\page_59.html,payment_cvv: 2,2,УЗ-2,.html,AES-256 + RBAC + Аудит
Выгрузки\Сайты\page_6.html,payment_cvv: 2,2,УЗ-2,.html,AES-256 + RBAC + Аудит
Выгрузки\Сайты\page_63.html,payment_cvv: 2,2,УЗ-2,.html,AES-256 + RBAC + Аудит
Выгрузки\Сайты\page_65.html,payment_cvv: 2,2,УЗ-2,.html,AES-256 + RBAC + Аудит
Выгрузки\Сайты\page_69.html,"standard_fio: 1, payment_cvv: 2",3,УЗ-2,.html,AES-256 + RBAC + Аудит
Выгрузки\Сайты\page_70.html,payment_cvv: 2,2,УЗ-2,.html,AES-256 + RBAC + Аудит
Выгрузки\Сайты\page_72.html,"standard_fio: 1, payment_cvv: 2",3,УЗ-2,.html,AES-256 + RBAC + Аудит
Выгрузки\Сайты\page_77.html,payment_cvv: 2,2,УЗ-2,.html,AES-256 + RBAC + Аудит
Выгрузки\Сайты\page_78.html,payment_cvv: 2,2,УЗ-2,.html,AES-256 + RBAC + Аудит
Выгрузки\Сайты\page_82.html,payment_cvv: 2,2,УЗ-2,.html,AES-256 + RBAC + Аудит
Выгрузки\Сайты\page_83.html,payment_cvv: 2,2,УЗ-2,.html,AES-256 + RBAC + Аудит
Выгрузки\Сайты\page_84.html,payment_cvv: 2,2,УЗ-2,.html,AES-256 + RBAC + Аудит
Выгрузки\Сайты\page_85.html,payment_cvv: 2,2,УЗ-2,.html,AES-256 + RBAC + Аудит
Выгрузки\Сайты\page_86.html,payment_cvv: 2,2,УЗ-2,.html,AES-256 + RBAC + Аудит
Выгрузки\Сайты\page_89.html,payment_cvv: 2,2,УЗ-2,.html,AES-256 + RBAC + Аудит
Выгрузки\Сайты\page_90.html,payment_cvv: 2,2,УЗ-2,.html,AES-256 + RBAC + Аудит
Выгрузки\Сайты\page_94.html,payment_cvv: 2,2,УЗ-2,.html,AES-256 + RBAC + Аудит
Выгрузки\Сайты\page_95.html,"standard_fio: 1, payment_cvv: 2",3,УЗ-2,.html,AES-256 + RBAC + Аудит
Выгрузки\Сайты\page_96.html,payment_cvv: 2,2,УЗ-2,.html,AES-256 + RBAC + Аудит
Выгрузки\Сайты\Доки\20240306_fin_result_2023.pdf,"standard_address: 46, state_snils: 1, payment_cvv: 1100, special_health: 1",1148,УЗ-1,.pdf,AES-256 + RBAC + Аудит
Выгрузки\Сайты\Доки\COMPS-1071.pdf,payment_cvv: 344,344,УЗ-2,.pdf,AES-256 + RBAC + Аудит
Выгрузки\Сайты\Доки\FCC-12-9A1.pdf,"state_passport: 1, state_inn: 1, payment_cvv: 422",424,УЗ-2,.pdf,AES-256 + RBAC + Аудит
Выгрузки\Сайты\Доки\GlobalCriticalMineralsOutlook2024.pdf,payment_cvv: 130,130,УЗ-2,.pdf,AES-256 + RBAC + Аудит
Выгрузки\Сайты\Доки\HEAD%204q2024%20release%20050324.pdf,"standard_phone: 2, standard_address: 35, payment_cvv: 949, special_health: 1",987,УЗ-1,.pdf,AES-256 + RBAC + Аудит
Выгрузки\Сайты\Доки\Paulzovatelskoe_soglashenie_PAOSPB.pdf,"standard_email: 1, standard_dob: 1, payment_cvv: 4",6,УЗ-2,.pdf,AES-256 + RBAC + Аудит
Выгрузки\Сайты\Доки\Privacy_policy_upd.pdf,"standard_fio: 2, standard_email: 1, standard_dob: 1, standard_address: 3, state_passport: 3, state_inn: 3, payment_cvv: 1",14,УЗ-2,.pdf,AES-256 + RBAC + Аудит
Выгрузки\Сайты\Доки\Terms_of_service_upd.pdf,"standard_fio: 3, standard_email: 2, standard_dob: 1, standard_address: 3, state_passport: 2, state_inn: 2, payment_cvv: 1, special_health: 2",16,УЗ-1,.pdf,AES-256 + RBAC + Аудит
Выгрузки\Сайты\Доки\mcs2025-rare-earths.pdf,"standard_email: 1, payment_cvv: 124",125,УЗ-2,.pdf,AES-256 + RBAC + Аудит
Выгрузки\Сайты\Доки\preprint-frn-2023-critical-materials-list.pdf,"standard_email: 1, payment_cvv: 5",6,УЗ-2,.pdf,AES-256 + RBAC + Аудит
Выгрузки\Сайты\Доки\price-list.pdf,"standard_fio: 1, standard_phone: 1, standard_email: 1, standard_dob: 1, payment_cvv: 10",14,УЗ-2,.pdf,AES-256 + RBAC + Аудит
Выгрузки\Сайты\Доки\pril1_14112652.pdf,"standard_fio: 3, standard_address: 1, special_health: 2",6,УЗ-1,.pdf,AES-256 + RBAC + Аудит
Выгрузки\Сайты\Доки\rbc.pdf,"standard_fio: 3, standard_email: 1, standard_dob: 4, payment_cvv: 11",19,УЗ-2,.pdf,AES-256 + RBAC + Аудит
Выгрузки\Сайты\Доки\subscribe_rules.pdf,standard_email: 1,1,УЗ-4,.pdf,Контроль доступа + Сверка
Выгрузки\дочерние предприятия\Billing\full\customers.csv,"standard_fio: 4642, standard_address: 485, payment_cvv: 900",6027,УЗ-2,.csv,AES-256 + RBAC + Аудит
Выгрузки\дочерние предприятия\Billing\full\logistics.csv,"standard_phone: 1, standard_address: 18274, payment_cvv: 38315",56590,УЗ-2,.csv,AES-256 + RBAC + Аудит
Выгрузки\дочерние предприятия\Billing\full\products.csv,payment_cvv: 741,741,УЗ-2,.csv,AES-256 + RBAC + Аудит
Выгрузки\дочерние предприятия\Billing\full\sales.csv,payment_cvv: 21989,21989,УЗ-2,.csv,AES-256 + RBAC + Аудит
Выгрузки\дочерние предприятия\Billing\full\stores.csv,"standard_fio: 9, standard_address: 1",10,УЗ-4,.csv,Контроль доступа + Сверка
Выгрузки\дочерние предприятия\Billing\plan.json,payment_cvv: 4,4,УЗ-2,.json,AES-256 + RBAC + Аудит
Выгрузки\дочерние предприятия\Billing\subscribers.csv,"standard_phone: 830, state_inn: 358",1188,УЗ-2,.csv,AES-256 + RBAC + Аудит
Документы партнеров\Sport24_Mediakit_2024.pdf,"standard_fio: 11, standard_email: 1, standard_address: 1, payment_cvv: 9, special_health: 1",23,УЗ-1,.pdf,AES-256 + RBAC + Аудит
Документы партнеров\VKCT_Soglashenie_ob_informacionnom_vzaimodeistvii.pdf,"standard_address: 1, payment_cvv: 1",2,УЗ-2,.pdf,AES-256 + RBAC + Аудит
Документы партнеров\VK_Soglashenie_ob_informacionnom_vzaimodeistvii.pdf,"standard_address: 1, payment_cvv: 1",2,УЗ-2,.pdf,AES-256 + RBAC + Аудит
Документы партнеров\agreement_reg.pdf,"standard_fio: 2, standard_email: 1, standard_address: 2",5,УЗ-4,.pdf,Контроль доступа + Сверка
Документы партнеров\agreement_reg_extra.pdf,"standard_email: 1, standard_address: 4, payment_cvv: 1",6,УЗ-2,.pdf,AES-256 + RBAC + Аудит
Документы партнеров\capsula_instruction.pdf,"standard_phone: 1, standard_address: 1, payment_cvv: 10",12,УЗ-2,.pdf,AES-256 + RBAC + Аудит
Документы партнеров\capsula_neo_instruction.pdf,"standard_fio: 2, standard_phone: 1, standard_address: 1, payment_cvv: 3",7,УЗ-2,.pdf,AES-256 + RBAC + Аудит
Документы партнеров\google_privacy_policy_en.pdf,payment_cvv: 5,5,УЗ-2,.pdf,AES-256 + RBAC + Аудит
Документы партнеров\google_terms_of_service_en.pdf,payment_cvv: 2,2,УЗ-2,.pdf,AES-256 + RBAC + Аудит
Документы партнеров\ok_history_new.pdf,"standard_address: 3, payment_cvv: 10",13,УЗ-2,.pdf,AES-256 + RBAC + Аудит
Документы партнеров\politika_konfidencialnosti.pdf,"standard_fio: 2, standard_address: 1, state_passport: 1, state_inn: 1, payment_cvv: 2",7,УЗ-2,.pdf,AES-256 + RBAC + Аудит
Документы партнеров\rules.pdf,"standard_fio: 48, standard_phone: 1, standard_email: 4, standard_dob: 1, standard_address: 8, state_passport: 1, state_inn: 1, payment_cvv: 4, special_health: 1",69,УЗ-1,.pdf,AES-256 + RBAC + Аудит
Документы партнеров\version-090924.pdf,"standard_fio: 3, standard_phone: 2, standard_email: 2, standard_dob: 2, standard_address: 4, state_passport: 9, state_inn: 9, payment_cvv: 3, special_health: 1",35,УЗ-1,.pdf,AES-256 + RBAC + Аудит
Документы партнеров\version-300824.pdf,"standard_fio: 1, standard_email: 2, standard_address: 5",8,УЗ-4,.pdf,Контроль доступа + Сверка
Прочее\%20%D1%81%D0%BE%D0%B3%D0%BB%D0%B0%D1%88%D0%B5%D0%BD%D0%B8%D0%B5.pdf,"standard_email: 2, standard_dob: 1, standard_address: 4, payment_cvv: 1",8,УЗ-2,.pdf,AES-256 + RBAC + Аудит
Прочее\%D0%90%D0%BD%D0%BD%D0%BE%D1%82%D0%B0%D1%86%D0%B8%D1%8F%20%D0%90%D0%9F%D0%A6%D0%9F%D0%B8%D0%A6%D0%AD.pdf,"standard_email: 2, payment_cvv: 6",8,УЗ-2,.pdf,AES-256 + RBAC + Аудит
Прочее\%D0%90%D1%80%D1%82%D0%B5%D0%BC%20%D0%A8%D0%B0%D0%B4%D1%80%D0%B8%D0%BD.pdf,"standard_fio: 3, standard_address: 8, special_health: 3",14,УЗ-1,.pdf,AES-256 + RBAC + Аудит
Прочее\%D0%91%D1%83%D1%85%D0%B3%D0%B0%D0%BB%D1%82%D0%B5%D1%80.pdf,"standard_address: 1, payment_cvv: 1, special_health: 1",3,УЗ-1,.pdf,AES-256 + RBAC + Аудит
Прочее\%D0%94%D0%BB%D1%8F%20%D1%81%D0%B0%D0%B9%D1%82%D0%B0%20%D0%A1%D1%80%D0%B5%D0%B4%D0%BD%D0%B8%D0%B9%20%D0%B1%D0%B0%D0%BB%D0%BB%20%D0%B8%20%D0%95%D0%93%D0%AD%202021_22.pdf,"standard_fio: 2, payment_cvv: 28",30,УЗ-2,.pdf,AES-256 + RBAC + Аудит
Прочее\%D0%98%D0%BD%D1%81%D1%82%D1%80%D1%83%D0%BA%D1%86%D0%B8%D1%8F_%D0%93%D0%BE%D1%81%D1%83%D1%81%D0%BB%D1%83%D0%B3%D0%B8.pdf,special_health: 2,2,УЗ-1,.pdf,AES-256 + RBAC + Аудит
Прочее\%D0%98%D0%BD%D1%81%D1%82%D1%80%D1%83%D0%BA%D1%86%D0%B8%D1%8F_%D0%9C%D0%A4%D0%A6.pdf,"standard_phone: 3, payment_cvv: 6, special_health: 2",11,УЗ-1,.pdf,AES-256 + RBAC + Аудит
Прочее\%D0%9C%D0%B5%D1%80%D0%BE%D0%BF%D1%80%D0%B8%D1%8F%D1%82%D0%B8%D1%8F_%D0%9D%D0%90%D0%9C_%D0%B2%D0%B5%D1%81%D0%BD%D0%B0_2022.pdf,"standard_dob: 21, standard_address: 12, state_passport: 1, state_inn: 1, payment_cvv: 12",47,УЗ-2,.pdf,AES-256 + RBAC + Аудит
Прочее\%D0%9E%D0%B1%D1%8A%D0%B5%D0%BA%D1%82%D1%8B_%D0%B2%D0%BE%D1%81%D0%BF%D0%B8%D1%82%D0%B0%D0%BD%D0%B8%D1%8F.pdf,"standard_fio: 1, standard_address: 9, payment_cvv: 27",37,УЗ-2,.pdf,AES-256 + RBAC + Аудит
Прочее\%D0%9E%D1%82%D1%87%D0%B5%D1%82%20%D0%BE%20%D0%BA%D0%BE%D0%BC%D0%B0%D0%BD%D0%B4%D0%B8%D1%80%D0%BE%D0%B2%D0%BA%D0%B5.docx,standard_address: 2,2,УЗ-4,.docx,Контроль доступа + Сверка
Прочее\%D0%9F%D0%90%D0%9C%D0%AF%D0%A2%D0%9A%D0%90%20%D0%B4%D0%BB%D1%8F%20%D0%BF%D1%80%D0%B8%D0%B5%D0%B7%D0%B6%D0%B0%D1%8E%D1%89%D0%B8%D1%85%202025.pdf,"standard_phone: 4, standard_email: 4, standard_dob: 2, standard_address: 17, payment_cvv: 16, special_health: 2",45,УЗ-1,.pdf,AES-256 + RBAC + Аудит
Прочее\%D0%9F%D0%9F_2025_19.01.2025_%D0%B8%D1%82%D0%BE%D0%B31.pdf,"standard_fio: 33, standard_phone: 16, standard_email: 3, standard_dob: 4, standard_address: 8, payment_cvv: 179, special_health: 6",249,УЗ-1,.pdf,AES-256 + RBAC + Аудит
Прочее\%D0%9F%D0%A0%D0%9E%D0%93%D0%A0%D0%90%D0%9C%D0%9C%D0%90%20%D0%9C%D0%9D%D0%9F%D0%9A%20.pdf,"standard_fio: 182, standard_phone: 1, standard_email: 1, standard_address: 158, payment_cvv: 4, special_health: 5",351,УЗ-1,.pdf,AES-256 + RBAC + Аудит
Прочее\%D0%9F%D0%A3%D0%91%D0%9B%D0%98%D0%A7%D0%9D%D0%AB%D0%99%20%D0%9E%D0%A2%D0%A7%D0%81%D0%A2%20%D0%A2%D0%9A%20%D0%AE%D0%A4%D0%A3%202020_0.pdf,"standard_fio: 10, standard_phone: 4, standard_email: 1, standard_dob: 8, standard_address: 9, state_inn: 1, payment_cvv: 42",75,УЗ-2,.pdf,AES-256 + RBAC + Аудит
Прочее\%D0%9F%D0%A4%D0%A5%D0%94%202022%20%20%20%D0%B8%D0%B7%D0%BC%2001%20%D1%81%20%D0%BE%D1%82%D1%82%D0%B8%D1%81%D0%BA%D0%BE%D0%BC.pdf,"standard_phone: 1, standard_dob: 2, standard_address: 10, state_passport: 1, state_inn: 1, payment_cvv: 443",458,УЗ-2,.pdf,AES-256 + RBAC + Аудит
Прочее\%D0%9F%D0%A4%D0%A5%D0%94%202022%20%20%20%D0%B8%D0%B7%D0%BC%2002%20%D1%81%20%D0%BE%D1%82%D1%82%D0%B8%D1%81%D0%BA%D0%BE%D0%BC.pdf,"standard_phone: 1, standard_dob: 2, standard_address: 10, state_passport: 1, state_inn: 1, payment_cvv: 462",477,УЗ-2,.pdf,AES-256 + RBAC + Аудит
Прочее\%D0%9F%D0%A4%D0%A5%D0%94%202022%20%20%20%D0%B8%D1%81%D1%85%D0%BE%D0%B4%D0%BD%D1%8B%D0%B9%20%D1%81%20%D0%BE%D1%82%D1%82%D0%B8%D1%81%D0%BA%D0%BE%D0%BC.pdf,"standard_phone: 1, standard_dob: 2, standard_address: 10, state_passport: 1, state_inn: 1, payment_cvv: 439",454,УЗ-2,.pdf,AES-256 + RBAC + Аудит
Прочее\%D0%9F%D0%A4%D0%A5%D0%94%202023%20%20%20%D0%B8%D1%81%D1%85%D0%BE%D0%B4%D0%BD%D1%8B%D0%B9%20%D1%81%20%D0%BE%D1%82%D1%82%D0%B8%D1%81%D0%BA%D0%BE%D0%BC.pdf,"standard_fio: 1, standard_phone: 1, standard_dob: 4, standard_address: 8, state_passport: 1, state_inn: 1, payment_cvv: 457",473,УЗ-2,.pdf,AES-256 + RBAC + Аудит
Прочее\%D0%9F%D1%80%D0%B8%D0%BA%D0%B0%D0%B7%20N906.pdf,payment_cvv: 9,9,УЗ-2,.pdf,AES-256 + RBAC + Аудит
Прочее\%D0%9F%D1%80%D0%B8%D0%BB%D0%BE%D0%B6%D0%B5%D0%BD%D0%B8%D0%B5%201.pdf,payment_cvv: 5,5,УЗ-2,.pdf,AES-256 + RBAC + Аудит
Прочее\%D0%9F%D1%83%D0%B1%D0%BB%D0%B8%D1%87%D0%BD%D1%8B%D0%B9%20%D0%BE%D1%82%D1%87%D1%91%D1%82%20%D0%A2%D0%9A%20%D0%AE%D0%A4%D0%A3.pdf,"standard_fio: 54, standard_dob: 6, standard_address: 1, payment_cvv: 196, special_health: 2",259,УЗ-1,.pdf,AES-256 + RBAC + Аудит
Прочее\%D0%9F%D1%83%D0%B1%D0%BB%D0%B8%D1%87%D0%BD%D1%8B%D0%B9%20%D0%BE%D1%82%D1%87%D1%91%D1%82%202021.pdf,"standard_fio: 48, standard_dob: 8, standard_address: 1, payment_cvv: 178, special_health: 2",237,УЗ-1,.pdf,AES-256 + RBAC + Аудит
Прочее\%D0%9F%D1%83%D0%B1%D0%BB%D0%B8%D1%87%D0%BD%D1%8B%D0%B9%20%D0%BE%D1%82%D1%87%D1%91%D1%82%202023.pdf,"standard_fio: 2, standard_dob: 1, standard_address: 3, payment_cvv: 18",24,УЗ-2,.pdf,AES-256 + RBAC + Аудит
Прочее\%D0%9F%D1%83%D0%B1%D0%BB%D0%B8%D1%87%D0%BD%D1%8B%D0%B9_%D0%BE%D1%82%D1%87%D1%91%D1%82_%D0%A2%D0%9A_%D0%AE%D0%A4%D0%A3_2024.pdf,"standard_fio: 44, standard_dob: 8, standard_address: 1, state_passport: 1, payment_cvv: 308, special_health: 7",369,УЗ-1,.pdf,AES-256 + RBAC + Аудит
Прочее\%D0%9F112-%D0%9E%D0%94_%D0%9F%D1%80%D0%BE%D0%B3%D1%80%D0%B0%D0%BC%D0%BC%D0%B0%20%D0%B2%D0%BE%D1%81%D0%BF%D0%B8%D1%82%D0%B0%D0%BD%D0%B8%D1%8F.pdf,"standard_fio: 15, standard_dob: 14, standard_address: 7, payment_cvv: 10, special_health: 3",49,УЗ-1,.pdf,AES-256 + RBAC + Аудит
Прочее\%D0%9F15_%D0%9C%D0%A3%D0%90%D0%9C_%D0%A6%D0%9A.pdf,standard_address: 1,1,УЗ-4,.pdf,Контроль доступа + Сверка
Прочее\%D0%9F1620_%D0%9F%D0%BB%D0%B0%D0%BD%20%D0%92%D0%A0%20%D0%BD%D0%B0%202021-2022%20%D1%83%D1%87.%D0%B3%D0%BE%D0%B4.pdf,"standard_fio: 296, standard_dob: 412, standard_address: 14, payment_cvv: 321, special_health: 1",1044,УЗ-1,.pdf,AES-256 + RBAC + Аудит
Прочее\%D0%9F1631_%D0%9E%D0%9F%20%D0%B8%20%D0%BF%D1%80%D0%BE%D0%B3%D1%80%D0%B0%D0%BC%D0%BC%D0%B0%20%D0%B2%D0%BE%D1%81%D0%BF%D0%B8%D1%82%D0%B0%D0%BD%D0%B8%D1%8F.pdf,"standard_dob: 3, standard_address: 1, payment_cvv: 2",6,УЗ-2,.pdf,AES-256 + RBAC + Аудит
Прочее\%D0%9F320-%D0%9E%D0%94_%D0%9F%D1%80%D0%BE%D1%84%D0%BE%D0%B1%D1%83%D1%87%D0%B5%D0%BD%D0%B8%D0%B5_%D0%AE%D0%A4%D0%A3.pdf,"standard_fio: 6, standard_dob: 1, standard_address: 2, special_health: 1",10,УЗ-1,.pdf,AES-256 + RBAC + Аудит
Прочее\%D0%9F336-%D0%9E%D0%94_05.12.2022_%20%D0%A1%D1%82%D0%B0%D0%BD%D0%B4%D0%B0%D1%80%D1%82%20%D0%AE%D0%A4%D0%A3_10.05.04.pdf,"payment_cvv: 4, special_health: 2",6,УЗ-1,.pdf,AES-256 + RBAC + Аудит
Прочее\%D0%A0%D0%90%D0%A1%D0%9F1035-%D1%80%20HR.pdf,"standard_fio: 1, standard_address: 1",2,УЗ-4,.pdf,Контроль доступа + Сверка
Прочее\%D0%A0%D0%90%D0%A1_127-%D1%80%20%D0%90%D1%81%D1%81%D0%BE%D1%86%D0%B8%D0%B0%D1%86%D0%B8%D1%8F.pdf,"standard_fio: 1, standard_address: 2, payment_cvv: 3",6,УЗ-2,.pdf,AES-256 + RBAC + Аудит
Прочее\%D0%A0%D0%90%D0%A1_128-%D0%A0%20%D0%97%D0%B0%D0%BA%D1%80%D1%8B%D1%82%D0%B8%D0%B5%20%D0%A8%D0%9C%D0%91%203.0.pdf,"standard_fio: 14, standard_address: 2, payment_cvv: 1",17,УЗ-2,.pdf,AES-256 + RBAC + Аудит
Прочее\%D0%A0%D0%90%D0%A1_1338-%D0%A0%20%D0%9A%D1%80%20%D1%81%D1%82%D0%BE%D0%BB%20%D0%94%D0%9D%D0%9A.pdf,"standard_fio: 9, standard_address: 1, payment_cvv: 1",11,УЗ-2,.pdf,AES-256 + RBAC + Аудит
Прочее\%D0%A0%D0%90%D0%A1_142-%D1%80%20(1).pdf,"standard_address: 1, payment_cvv: 1",2,УЗ-2,.pdf,AES-256 + RBAC + Аудит
Прочее\%D0%A0%D0%90%D0%A1_143-%D1%80.pdf,"standard_fio: 1, standard_dob: 1, standard_address: 1, payment_cvv: 4",7,УЗ-2,.pdf,AES-256 + RBAC + Аудит
Прочее\%D0%A0%D0%90%D0%A1_146-%D1%80.pdf,"standard_fio: 3, standard_email: 1, standard_address: 8, payment_cvv: 13, special_health: 4",29,УЗ-1,.pdf,AES-256 + RBAC + Аудит
Прочее\%D0%A0%D0%90%D0%A1_152-%D1%80.pdf,"standard_address: 1, payment_cvv: 1",2,УЗ-2,.pdf,AES-256 + RBAC + Аудит
Прочее\%D0%A0%D0%90%D0%A1_153-%D0%A0.pdf,"standard_fio: 1, standard_address: 2, payment_cvv: 2",5,УЗ-2,.pdf,AES-256 + RBAC + Аудит
Прочее\%D0%A0%D0%90%D0%A1_1532-%D1%80.pdf,"standard_dob: 1, standard_address: 2",3,УЗ-4,.pdf,Контроль доступа + Сверка
Прочее\%D0%A0%D0%90%D0%A1_263-%D1%80%2015.03.pdf,"standard_address: 2, payment_cvv: 1",3,УЗ-2,.pdf,AES-256 + RBAC + Аудит
Прочее\%D0%A0%D0%90%D0%A1_264-%D1%80%20HR%20%D0%BA%D0%BB%D1%83%D0%B1%2014.03.pdf,"standard_address: 3, payment_cvv: 1",4,УЗ-2,.pdf,AES-256 + RBAC + Аудит
Прочее\%D0%A0%D0%90%D0%A1_303-%D1%80.pdf,"standard_dob: 3, standard_address: 1, payment_cvv: 1",5,УЗ-2,.pdf,AES-256 + RBAC + Аудит
Прочее\%D0%A0%D0%90%D0%A1_419-%D1%80%20%D0%B4%D0%B5%D0%BD%D1%8C%20%D0%B2%D1%8B%D0%BF%D1%83%D1%81%D0%BA%D0%BD%D0%B8%D0%BA%D0%B0.pdf,"standard_fio: 22, standard_email: 1, standard_address: 1, payment_cvv: 1",25,УЗ-2,.pdf,AES-256 + RBAC + Аудит
Прочее\%D0%A0%D0%90%D0%A1_546-%D1%80.pdf,"standard_address: 2, payment_cvv: 2",4,УЗ-2,.pdf,AES-256 + RBAC + Аудит
Прочее\%D0%A0%D0%90%D0%A1_669-%D1%80.pdf,"standard_address: 1, payment_cvv: 1",2,УЗ-2,.pdf,AES-256 + RBAC + Аудит
Прочее\%D0%A0%D0%90%D0%A1_715-%D1%80%20HR.pdf,"standard_fio: 1, standard_address: 1, payment_cvv: 1",3,УЗ-2,.pdf,AES-256 + RBAC + Аудит
Прочее\%D0%A0%D0%90%D0%A1_766-%D1%80.pdf,"standard_address: 2, payment_cvv: 3",5,УЗ-2,.pdf,AES-256 + RBAC + Аудит
Прочее\%D0%A0%D0%90%D0%A1_95-%D1%80%20%D0%9F%D1%80%D0%B5%D1%81%D1%82%D0%B8%D0%B6%20%D1%80%D0%B0%D0%B1%D0%BE%D1%82%D0%BE%D0%B4%D0%B0%D1%82%D0%B5%D0%BB%D0%B5%D0%B9.pdf,"standard_fio: 6, standard_address: 2, payment_cvv: 2",10,УЗ-2,.pdf,AES-256 + RBAC + Аудит
Прочее\%D0%A0%D0%9F%D0%94%20%D0%B8%20%D0%9A%D0%9F%2015.02.10%20(2).pdf,"standard_fio: 17, standard_dob: 26, standard_address: 14, payment_cvv: 18, special_health: 10",85,УЗ-1,.pdf,AES-256 + RBAC + Аудит
Прочее\%D0%A0384.pdf,"standard_dob: 1, standard_address: 2, payment_cvv: 1",4,УЗ-2,.pdf,AES-256 + RBAC + Аудит
Прочее\%D0%A0386.%20%D0%A7%D0%B5%D0%BB%D0%BE%D0%B2%D0%B5%D0%BA%20%D0%B2%20%D0%BC%D0%B8%D1%80%D0%B5%20%D0%98%D0%98.pdf,"standard_fio: 12, standard_address: 1, payment_cvv: 1",14,УЗ-2,.pdf,AES-256 + RBAC + Аудит
Прочее\%D0%A0502%20%D0%A4%D1%80%D0%BE%D0%BD%D1%82%D0%B8%D1%80%D1%8B%20%D0%BA%D0%B0%D1%80%D1%8C%D0%B5%D1%80%D1%8B.pdf,"standard_fio: 24, standard_dob: 1, standard_address: 2, payment_cvv: 3",30,УЗ-2,.pdf,AES-256 + RBAC + Аудит
Прочее\%D0%A0545_0.pdf,"standard_address: 3, payment_cvv: 1",4,УЗ-2,.pdf,AES-256 + RBAC + Аудит
Прочее\%D0%A0613%20%D0%BF%D0%B0%D1%81%D0%BF%D0%BE%D1%80%D1%82%D0%B0%20%D0%BA%D0%BE%D0%BC%D0%BF%D0%B5%D1%82%D0%B5%D0%BD%D1%86%D0%B8%D0%B9.pdf,"standard_fio: 3, standard_address: 1, payment_cvv: 3",7,УЗ-2,.pdf,AES-256 + RBAC + Аудит
Прочее\%D0%A0764.pdf,"standard_dob: 1, standard_address: 2, payment_cvv: 1",4,УЗ-2,.pdf,AES-256 + RBAC + Аудит
Прочее\%D0%A0953.pdf,"standard_address: 3, payment_cvv: 3",6,УЗ-2,.pdf,AES-256 + RBAC + Аудит
Прочее\%D0%A2%D0%B5%D1%85%D0%BD%D0%BE%D1%81%D1%84%D0%B5%D1%80%D0%BD%D0%B0%D1%8F-%D0%B1%D0%B5%D0%B7%D0%BE%D0%BF%D0%B0%D1%81%D0%BD%D0%BE%D1%81%D1%82%D1%8C.pdf,"standard_dob: 1, payment_cvv: 1, special_health: 1",3,УЗ-1,.pdf,AES-256 + RBAC + Аудит
Прочее\%D0%B4%D0%BE%D0%B3%D0%BE%D0%B2%D0%BE%D1%80_%D0%B8%D1%8E%D0%BB%D1%8C.docx,"standard_dob: 2, standard_address: 5, payment_cvv: 6",13,УЗ-2,.docx,AES-256 + RBAC + Аудит
Прочее\%D0%B7%D0%B0%D1%8F%D0%B2%D0%BB%D0%B5%D0%BD%D0%B8%D0%B5%20%D1%80%D0%B5%D0%BA%D1%82%D0%BE%D1%80%D1%83.docx,"standard_fio: 1, payment_cvv: 2",3,УЗ-2,.docx,AES-256 + RBAC + Аудит
Прочее\%D0%B7%D0%B0%D1%8F%D0%B2%D0%BB%D0%B5%D0%BD%D0%B8%D0%B5.docx,"standard_dob: 1, standard_address: 1, payment_cvv: 3",5,УЗ-2,.docx,AES-256 + RBAC + Аудит
Прочее\01.04.00.pdf,"standard_fio: 2, standard_address: 2, payment_cvv: 23, special_health: 3",30,УЗ-1,.pdf,AES-256 + RBAC + Аудит
Прочее\01.04.02.pdf,"standard_address: 2, payment_cvv: 9, special_health: 3",14,УЗ-1,.pdf,AES-256 + RBAC + Аудит
Прочее\02.04.02.pdf,"standard_fio: 3, standard_address: 1, payment_cvv: 59, special_health: 3",66,УЗ-1,.pdf,AES-256 + RBAC + Аудит
Прочее\02.04.02_rob.pdf,"standard_fio: 2, standard_address: 4, special_health: 6",12,УЗ-1,.pdf,AES-256 + RBAC + Аудит
Прочее\03-5-01-005.pdf,"standard_fio: 4, standard_address: 106, payment_cvv: 83, special_health: 51",244,УЗ-1,.pdf,AES-256 + RBAC + Аудит
Прочее\03.04.02.pdf,"standard_fio: 6, standard_address: 11, payment_cvv: 4",21,УЗ-2,.pdf,AES-256 + RBAC + Аудит
Прочее\03.04.03.pdf,"standard_fio: 1, standard_address: 6",7,УЗ-4,.pdf,Контроль доступа + Сверка
Прочее\030302_B_3_31082020.pdf,"standard_fio: 4, standard_address: 4, payment_cvv: 27, special_health: 1",36,УЗ-1,.pdf,AES-256 + RBAC + Аудит
Прочее\030303_B_3_31082020.pdf,"standard_fio: 4, standard_address: 5, payment_cvv: 28, special_health: 2",39,УЗ-1,.pdf,AES-256 + RBAC + Аудит
Прочее\04.04.01.pdf,"standard_address: 1, payment_cvv: 2, special_health: 11",14,УЗ-1,.pdf,AES-256 + RBAC + Аудит
Прочее\050301_B_3_23082020.pdf,"standard_fio: 4, standard_address: 4, payment_cvv: 24, special_health: 2",34,УЗ-1,.pdf,AES-256 + RBAC + Аудит
Прочее\050302_B_3_23082020.pdf,"standard_fio: 4, standard_address: 4, payment_cvv: 35, special_health: 3",46,УЗ-1,.pdf,AES-256 + RBAC + Аудит
Прочее\050304_B_3_31082020.pdf,"standard_fio: 4, standard_address: 4, payment_cvv: 27, special_health: 2",37,УЗ-1,.pdf,AES-256 + RBAC + Аудит
Прочее\06.04.01.pdf,"standard_fio: 2, standard_address: 2, payment_cvv: 2, special_health: 5",11,УЗ-1,.pdf,AES-256 + RBAC + Аудит
Прочее\06.04.02.pdf,"standard_address: 2, special_health: 1",3,УЗ-1,.pdf,AES-256 + RBAC + Аудит
Прочее\060302_B_3_23082020.pdf,"standard_fio: 4, standard_address: 6, payment_cvv: 35, special_health: 3",48,УЗ-1,.pdf,AES-256 + RBAC + Аудит
Прочее\06_gorgorova.pdf,"standard_fio: 8, standard_email: 4, standard_dob: 10, payment_cvv: 70",92,УЗ-2,.pdf,AES-256 + RBAC + Аудит
Прочее\07.04.01.pdf,"standard_fio: 2, standard_address: 12, payment_cvv: 24",38,УЗ-2,.pdf,AES-256 + RBAC + Аудит
Прочее\07.04.02.pdf,"standard_address: 9, payment_cvv: 17",26,УЗ-2,.pdf,AES-256 + RBAC + Аудит
Прочее\07.04.03.pdf,"standard_address: 3, payment_cvv: 10",13,УЗ-2,.pdf,AES-256 + RBAC + Аудит
Прочее\1.1.pdf,"standard_fio: 1, standard_address: 7, payment_cvv: 8, special_health: 8",24,УЗ-1,.pdf,AES-256 + RBAC + Аудит
Прочее\1.2.1.pdf,"standard_fio: 1, standard_address: 1, payment_cvv: 6, special_health: 6",14,УЗ-1,.pdf,AES-256 + RBAC + Аудит
Прочее\1.2.2.pdf,"standard_address: 8, payment_cvv: 22, special_health: 2, special_race: 1",33,УЗ-1,.pdf,AES-256 + RBAC + Аудит
Прочее\1.2.2_mat_mod.pdf,"standard_address: 2, payment_cvv: 3, special_health: 3",8,УЗ-1,.pdf,AES-256 + RBAC + Аудит
Прочее\1.2.2_r.pdf,"payment_cvv: 2, special_health: 1",3,УЗ-1,.pdf,AES-256 + RBAC + Аудит
Прочее\1.3.pdf,"standard_fio: 1, standard_address: 5",6,УЗ-4,.pdf,Контроль доступа + Сверка
Прочее\1.4.pdf,"standard_address: 24, payment_cvv: 24, special_health: 97",145,УЗ-1,.pdf,AES-256 + RBAC + Аудит
Прочее\1.5.pdf,"standard_fio: 2, standard_address: 12, special_health: 2",16,УЗ-1,.pdf,AES-256 + RBAC + Аудит
Прочее\1.6.pdf,"standard_fio: 1, standard_address: 3, payment_cvv: 19, special_health: 5",28,УЗ-1,.pdf,AES-256 + RBAC + Аудит
Прочее\100_asp.docx,payment_cvv: 1,1,УЗ-2,.docx,AES-256 + RBAC + Аудит
Прочее\100_bak.docx,payment_cvv: 1,1,УЗ-2,.docx,AES-256 + RBAC + Аудит
Прочее\100_bak_Urmosh.docx,payment_cvv: 1,1,УЗ-2,.docx,AES-256 + RBAC + Аудит
Прочее\105_order_Spanish_courses.pdf,"standard_fio: 10, standard_phone: 4, standard_email: 4, standard_address: 5, payment_cvv: 31, special_race: 1",55,УЗ-1,.pdf,AES-256 + RBAC + Аудит
Прочее\11.04.01.pdf,"standard_address: 9, payment_cvv: 12, special_health: 8",29,УЗ-1,.pdf,AES-256 + RBAC + Аудит
Прочее\11.04.02.pdf,"standard_address: 17, payment_cvv: 22, special_health: 4",43,УЗ-1,.pdf,AES-256 + RBAC + Аудит
Прочее\110401_М_3_17062021.pdf,"standard_fio: 9, standard_dob: 25, standard_address: 10, payment_cvv: 38, special_health: 3",85,УЗ-1,.pdf,AES-256 + RBAC + Аудит
Прочее\118.pdf,payment_cvv: 16,16,УЗ-2,.pdf,AES-256 + RBAC + Аудит
Прочее\12.04.01_r.pdf,"payment_cvv: 4, special_health: 1",5,УЗ-1,.pdf,AES-256 + RBAC + Аудит
Прочее\12.04.01_t.pdf,"standard_address: 9, payment_cvv: 18, special_health: 1",28,УЗ-1,.pdf,AES-256 + RBAC + Аудит
Прочее\142_152_Gorgorova.pdf,"standard_fio: 4, standard_email: 2, standard_dob: 9, standard_address: 10, payment_cvv: 43, special_health: 2",70,УЗ-1,.pdf,AES-256 + RBAC + Аудит
Прочее\15.04.04.pdf,"standard_address: 8, payment_cvv: 17, special_health: 7",32,УЗ-1,.pdf,AES-256 + RBAC + Аудит
Прочее\15.04.06.pdf,"standard_fio: 3, standard_address: 5, payment_cvv: 22, special_health: 1",31,УЗ-1,.pdf,AES-256 + RBAC + Аудит
Прочее\16122024_DSU_Pulse.pdf,payment_cvv: 33,33,УЗ-2,.pdf,AES-256 + RBAC + Аудит
Прочее\16862016212227.pdf,payment_cvv: 8,8,УЗ-2,.pdf,AES-256 + RBAC + Аудит
Прочее\17437679069420.pdf,"standard_address: 5, payment_cvv: 31",36,УЗ-2,.pdf,AES-256 + RBAC + Аудит
Прочее\17_av1-202252.pdf,"standard_fio: 2, standard_email: 2, standard_dob: 8, standard_address: 14, payment_cvv: 35, special_health: 4",65,УЗ-1,.pdf,AES-256 + RBAC + Аудит
Прочее\18n.pdf,standard_dob: 12,12,УЗ-4,.pdf,Контроль доступа + Сверка
Прочее\19n.pdf,standard_dob: 4,4,УЗ-4,.pdf,Контроль доступа + Сверка
Прочее\1C_Science-pattern.rtf,"standard_email: 1, payment_cvv: 1",2,УЗ-2,.rtf,AES-256 + RBAC + Аудит
Прочее\2.1.pdf,"standard_email: 1, standard_dob: 1, standard_address: 9, payment_cvv: 8, special_health: 5",24,УЗ-1,.pdf,AES-256 + RBAC + Аудит
Прочее\2.2.13.pdf,"standard_address: 9, payment_cvv: 10, special_health: 7",26,УЗ-1,.pdf,AES-256 + RBAC + Аудит
Прочее\2.2.14.pdf,"standard_address: 6, payment_cvv: 7, special_health: 6",19,УЗ-1,.pdf,AES-256 + RBAC + Аудит
Прочее\2.2.16.pdf,"standard_address: 9, special_health: 1",10,УЗ-1,.pdf,AES-256 + RBAC + Аудит
Прочее\2.3.1.pdf,"standard_address: 1, payment_cvv: 1, special_health: 7",9,УЗ-1,.pdf,AES-256 + RBAC + Аудит
Прочее\2.3.1_t.pdf,"standard_address: 6, payment_cvv: 7, special_health: 4",17,УЗ-1,.pdf,AES-256 + RBAC + Аудит
Прочее\2.3.4.pdf,special_health: 1,1,УЗ-1,.pdf,AES-256 + RBAC + Аудит
Прочее\2.3.5.pdf,"standard_address: 2, special_health: 1",3,УЗ-1,.pdf,AES-256 + RBAC + Аудит
Прочее\2.3.6.pdf,"standard_address: 3, payment_cvv: 8, special_health: 2",13,УЗ-1,.pdf,AES-256 + RBAC + Аудит
Прочее\2.3.7.pdf,"standard_address: 1, payment_cvv: 14, special_health: 3",18,УЗ-1,.pdf,AES-256 + RBAC + Аудит
Прочее\2.3.8.pdf,"standard_dob: 14, standard_address: 3, payment_cvv: 38, special_health: 9",64,УЗ-1,.pdf,AES-256 + RBAC + Аудит
Прочее\2.4_reg_comisia_etica_r2.pdf,"standard_email: 1, standard_dob: 2",3,УЗ-4,.pdf,Контроль доступа + Сверка
Прочее\2.5.13.pdf,"standard_address: 5, special_health: 13",18,УЗ-1,.pdf,AES-256 + RBAC + Аудит
Прочее\2.5.4.pdf,"standard_address: 6, state_passport: 1, state_inn: 1, payment_cvv: 14, special_health: 2",24,УЗ-1,.pdf,AES-256 + RBAC + Аудит
Прочее\200_bak_Urmosh.docx,payment_cvv: 1,1,УЗ-2,.docx,AES-256 + RBAC + Аудит
Прочее\2024%20Y%C4%B1l%C4%B1%20%C4%B0dare%20Faaliyet%20Raporu.pdf,"standard_dob: 150, payment_cvv: 806",956,УЗ-2,.pdf,AES-256 + RBAC + Аудит
Прочее\2025-2.pdf,"standard_fio: 4, standard_phone: 3, standard_email: 1, standard_address: 1, state_passport: 1, state_inn: 1, payment_cvv: 361",372,УЗ-2,.pdf,AES-256 + RBAC + Аудит
Прочее\2025-_.pdf,"standard_fio: 1, standard_phone: 2, standard_address: 1, payment_cvv: 36",40,УЗ-2,.pdf,AES-256 + RBAC + Аудит
Прочее\2025-olanaklar.pdf,payment_cvv: 22,22,УЗ-2,.pdf,AES-256 + RBAC + Аудит
Прочее\2025.pdf,"standard_email: 2, payment_cvv: 70",72,УЗ-2,.pdf,AES-256 + RBAC + Аудит
Прочее\2025_MSASM_PI_E010.pdf,payment_cvv: 28,28,УЗ-2,.pdf,AES-256 + RBAC + Аудит
Прочее\2025Правила%20приёма%202025.26.pdf,"standard_fio: 36, standard_dob: 36, standard_address: 20, payment_cvv: 40, special_health: 7",139,УЗ-1,.pdf,AES-256 + RBAC + Аудит
Прочее\216e9fc932f0a2027c207d9b1bb2e0cd.pdf,"standard_fio: 3, standard_address: 27, payment_cvv: 8, special_health: 2",40,УЗ-1,.pdf,AES-256 + RBAC + Аудит
Прочее\2190-4286-12-49-S1.pdf,"standard_phone: 1, payment_cvv: 9",10,УЗ-2,.pdf,AES-256 + RBAC + Аудит
Прочее\2190-4286-12-49.pdf,"standard_email: 2, payment_cvv: 168",170,УЗ-2,.pdf,AES-256 + RBAC + Аудит
Прочее\22nssvm5rk9x2ss9h33xq5h9ckbae1gd.pdf,"standard_fio: 6, standard_email: 1, standard_dob: 5, standard_address: 18, payment_cvv: 87, special_health: 13",130,УЗ-1,.pdf,AES-256 + RBAC + Аудит
Прочее\24.11.2020 - форма заявления на участие в конкурсе.docx,"standard_email: 1, standard_address: 1",2,УЗ-4,.docx,Контроль доступа + Сверка
Прочее\24.11.2020 - форма согласия соискателя.docx,"standard_dob: 2, standard_address: 1, payment_cvv: 3",6,УЗ-2,.docx,AES-256 + RBAC + Аудит
Прочее\24n.pdf,standard_dob: 18,18,УЗ-4,.pdf,Контроль доступа + Сверка
Прочее\27.04.04.pdf,"standard_address: 7, payment_cvv: 16, special_health: 6",29,УЗ-1,.pdf,AES-256 + RBAC + Аудит
Прочее\27.04.06.pdf,"standard_dob: 1, standard_address: 7, state_passport: 1, state_inn: 1, payment_cvv: 13, special_health: 16",39,УЗ-1,.pdf,AES-256 + RBAC + Аудит
Прочее\28.04.01_r.pdf,"standard_address: 5, payment_cvv: 23, special_health: 11",39,УЗ-1,.pdf,AES-256 + RBAC + Аудит
Прочее\2n8uitfe0x.pdf,"standard_fio: 8, standard_address: 2, payment_cvv: 13",23,УЗ-2,.pdf,AES-256 + RBAC + Аудит
Прочее\3 сентября EduNet.pdf,"standard_fio: 8, standard_phone: 1, standard_email: 2, standard_dob: 1, standard_address: 7, payment_cvv: 8, special_health: 4",31,УЗ-1,.pdf,AES-256 + RBAC + Аудит
Прочее\37.04.01.pdf,"standard_fio: 1, standard_address: 28, payment_cvv: 77, special_health: 4",110,УЗ-1,.pdf,AES-256 + RBAC + Аудит
Прочее\37.04.02.pdf,"standard_address: 2, payment_cvv: 27, special_health: 6",35,УЗ-1,.pdf,AES-256 + RBAC + Аудит
Прочее\38.04.01.pdf,"standard_address: 8, payment_cvv: 1",9,УЗ-2,.pdf,AES-256 + RBAC + Аудит
Прочее\38.04.01_Economics.pdf,payment_cvv: 1,1,УЗ-2,.pdf,AES-256 + RBAC + Аудит
Прочее\38.04.02.pdf,"standard_address: 5, payment_cvv: 20, special_health: 2",27,УЗ-1,.pdf,AES-256 + RBAC + Аудит
Прочее\38.04.02_ETP.pdf,payment_cvv: 12,12,УЗ-2,.pdf,AES-256 + RBAC + Аудит
Прочее\38.04.03.pdf,"standard_address: 5, payment_cvv: 18, special_health: 2",25,УЗ-1,.pdf,AES-256 + RBAC + Аудит
Прочее\38.04.08.pdf,"standard_dob: 3, standard_address: 12, payment_cvv: 20, special_health: 4",39,УЗ-1,.pdf,AES-256 + RBAC + Аудит
Прочее\39.04.02.pdf,"standard_fio: 8, standard_address: 3, payment_cvv: 7, special_health: 3",21,УЗ-1,.pdf,AES-256 + RBAC + Аудит
Прочее\4.1.3.pdf,standard_address: 3,3,УЗ-4,.pdf,Контроль доступа + Сверка
Прочее\4.3.5.pdf,"standard_address: 7, special_health: 3",10,УЗ-1,.pdf,AES-256 + RBAC + Аудит
Прочее\40_04_01_program_mag_2025.pdf,"standard_fio: 4, standard_dob: 4, standard_address: 34, payment_cvv: 12, special_religion: 1",55,УЗ-1,.pdf,AES-256 + RBAC + Аудит
Прочее\41.04.04.pdf,"standard_address: 5, payment_cvv: 25, special_health: 7, special_race: 4",41,УЗ-1,.pdf,AES-256 + RBAC + Аудит
Прочее\41.04.05.pdf,"standard_fio: 8, standard_address: 26, payment_cvv: 10, special_health: 1",45,УЗ-1,.pdf,AES-256 + RBAC + Аудит
Прочее\41.04.05_International_Communication.pdf,"standard_phone: 1, standard_address: 5, payment_cvv: 25, special_health: 1",32,УЗ-1,.pdf,AES-256 + RBAC + Аудит
Прочее\42.pdf,"standard_fio: 6, standard_email: 8, standard_dob: 2, standard_address: 4, payment_cvv: 54, special_health: 5",79,УЗ-1,.pdf,AES-256 + RBAC + Аудит
Прочее\43.04.01_programm_mag_2025.pdf,"standard_fio: 1, standard_address: 13, payment_cvv: 13, special_health: 2",29,УЗ-1,.pdf,AES-256 + RBAC + Аудит
Прочее\43.04.02.pdf,"standard_dob: 2, standard_address: 5, payment_cvv: 14, special_health: 3",24,УЗ-1,.pdf,AES-256 + RBAC + Аудит
Прочее\44.04.01_177.pdf,"standard_fio: 1, standard_address: 6, payment_cvv: 13, special_health: 1",21,УЗ-1,.pdf,AES-256 + RBAC + Аудит
Прочее\44.04.01_inkl.pdf,"standard_address: 6, payment_cvv: 4, special_health: 2",12,УЗ-1,.pdf,AES-256 + RBAC + Аудит
Прочее\44.04.01_innov.pdf,"standard_address: 4, payment_cvv: 5, special_health: 3",12,УЗ-1,.pdf,AES-256 + RBAC + Аудит
Прочее\44.04.01_issled.pdf,"standard_address: 5, payment_cvv: 16, special_health: 1",22,УЗ-1,.pdf,AES-256 + RBAC + Аудит
Прочее\44.04.01_ist.pdf,"standard_fio: 5, standard_dob: 2, standard_address: 14, payment_cvv: 7",28,УЗ-2,.pdf,AES-256 + RBAC + Аудит
Прочее\44.04.01_nast.pdf,"standard_address: 6, payment_cvv: 4, special_health: 3",13,УЗ-1,.pdf,AES-256 + RBAC + Аудит
Прочее\44.04.01_ped_nach.pdf,"standard_address: 6, payment_cvv: 6",12,УЗ-2,.pdf,AES-256 + RBAC + Аудит
Прочее\44.04.01_ph_obr.pdf,"standard_address: 10, payment_cvv: 5",15,УЗ-2,.pdf,AES-256 + RBAC + Аудит
Прочее\44.04.01_rukov.pdf,"standard_address: 4, payment_cvv: 12",16,УЗ-2,.pdf,AES-256 + RBAC + Аудит
Прочее\44.04.01_soc_ped.pdf,"standard_address: 4, payment_cvv: 11",15,УЗ-2,.pdf,AES-256 + RBAC + Аудит
Прочее\44.04.01_sov_obr.pdf,"standard_fio: 1, standard_dob: 2, standard_address: 4, payment_cvv: 3",10,УЗ-2,.pdf,AES-256 + RBAC + Аудит
Прочее\44.04.01_spanish.pdf,"standard_fio: 1, standard_address: 4, payment_cvv: 20, special_health: 1",26,УЗ-1,.pdf,AES-256 + RBAC + Аудит
Прочее\44.04.02.pdf,"standard_address: 10, special_health: 1",11,УЗ-1,.pdf,AES-256 + RBAC + Аудит
Прочее\44.04.03.pdf,"standard_address: 12, payment_cvv: 15, special_health: 4",31,УЗ-1,.pdf,AES-256 + RBAC + Аудит
Прочее\44.04.04.pdf,"standard_fio: 1, standard_address: 17, payment_cvv: 10, special_health: 1",29,УЗ-1,.pdf,AES-256 + RBAC + Аудит
Прочее\44_04_02_obr_sred.pdf,"standard_address: 3, payment_cvv: 31, special_health: 1",35,УЗ-1,.pdf,AES-256 + RBAC + Аудит
Прочее\45.04.01_International_Communication.pdf,payment_cvv: 24,24,УЗ-2,.pdf,AES-256 + RBAC + Аудит
Прочее\45.04.01_komm.pdf,"standard_fio: 1, standard_address: 3, payment_cvv: 12, special_health: 2",18,УЗ-1,.pdf,AES-256 + RBAC + Аудит
Прочее\45.04.01_tpimk.pdf,"standard_fio: 2, standard_address: 2, payment_cvv: 30, special_health: 1",35,УЗ-1,.pdf,AES-256 + RBAC + Аудит
Прочее\46.04.01.pdf,"standard_fio: 8, standard_dob: 1, standard_address: 23, payment_cvv: 6, special_health: 1, special_race: 1",40,УЗ-1,.pdf,AES-256 + RBAC + Аудит
Прочее\47.04.01.pdf,"standard_fio: 3, standard_address: 9, payment_cvv: 5, special_health: 4",21,УЗ-1,.pdf,AES-256 + RBAC + Аудит
Прочее\47.pdf,standard_dob: 1,1,УЗ-4,.pdf,Контроль доступа + Сверка
Прочее\49.03.02.pdf,"standard_fio: 6, standard_dob: 2, standard_address: 10, payment_cvv: 15",33,УЗ-2,.pdf,AES-256 + RBAC + Аудит
Прочее\49.04.03.pdf,"standard_address: 9, payment_cvv: 30, special_health: 1",40,УЗ-1,.pdf,AES-256 + RBAC + Аудит
Прочее\49.pdf,standard_email: 1,1,УЗ-4,.pdf,Контроль доступа + Сверка
Прочее\49PSMN519.pdf,"standard_fio: 1, standard_email: 19, standard_address: 6, state_passport: 1, state_inn: 1, payment_cvv: 55, special_health: 29",112,УЗ-1,.pdf,AES-256 + RBAC + Аудит
Прочее\4a2be25626609e594edc147261ef747d.pdf,"standard_fio: 5, standard_address: 25, payment_cvv: 5, special_health: 1",36,УЗ-1,.pdf,AES-256 + RBAC + Аудит
Прочее\4b708f12-9518-45cd-bac0-7b3ae2b4e78e.pdf,"standard_fio: 9, standard_address: 17, payment_cvv: 8, special_health: 5",39,УЗ-1,.pdf,AES-256 + RBAC + Аудит
Прочее\5-05-20_US-59_27.12.2024.pdf,"standard_fio: 15, standard_dob: 61, standard_address: 4, payment_cvv: 189, special_health: 6",275,УЗ-1,.pdf,AES-256 + RBAC + Аудит
Прочее\5.1.3.pdf,"standard_dob: 1, payment_cvv: 2, special_health: 1",4,УЗ-1,.pdf,AES-256 + RBAC + Аудит
Прочее\5.1.4.pdf,"standard_dob: 1, payment_cvv: 2, special_health: 2",5,УЗ-1,.pdf,AES-256 + RBAC + Аудит
Прочее\5.10.1.pdf,"standard_fio: 2, standard_dob: 1, standard_address: 18, payment_cvv: 2, special_health: 10",33,УЗ-1,.pdf,AES-256 + RBAC + Аудит
Прочее\5.12.1.pdf,"standard_address: 31, payment_cvv: 69, special_health: 12",112,УЗ-1,.pdf,AES-256 + RBAC + Аудит
Прочее\5.2.1.pdf,"standard_fio: 1, standard_dob: 2, standard_address: 14, payment_cvv: 39, special_health: 3",59,УЗ-1,.pdf,AES-256 + RBAC + Аудит
Прочее\5.2.3.pdf,"standard_fio: 1, standard_dob: 2, standard_address: 6, payment_cvv: 63, special_health: 4",76,УЗ-1,.pdf,AES-256 + RBAC + Аудит
Прочее\5.2.4.pdf,"standard_fio: 1, standard_dob: 2, standard_address: 8, payment_cvv: 41, special_health: 1",53,УЗ-1,.pdf,AES-256 + RBAC + Аудит
Прочее\5.2.4_org.pdf,"standard_fio: 3, standard_dob: 17, standard_address: 12, payment_cvv: 37, special_health: 4",73,УЗ-1,.pdf,AES-256 + RBAC + Аудит
Прочее\5.2.5.pdf,"standard_fio: 1, standard_dob: 2, standard_address: 8, payment_cvv: 45, special_health: 4",60,УЗ-1,.pdf,AES-256 + RBAC + Аудит
Прочее\5.2.6.pdf,"standard_fio: 1, standard_dob: 2, standard_address: 7, payment_cvv: 26, special_health: 7",43,УЗ-1,.pdf,AES-256 + RBAC + Аудит
Прочее\5.3.1.pdf,"standard_address: 14, payment_cvv: 26, special_health: 7",47,УЗ-1,.pdf,AES-256 + RBAC + Аудит
Прочее\5.3.2.pdf,"standard_address: 14, payment_cvv: 26, special_health: 7",47,УЗ-1,.pdf,AES-256 + RBAC + Аудит
Прочее\5.3.5.pdf,"standard_address: 14, payment_cvv: 26, special_health: 7",47,УЗ-1,.pdf,AES-256 + RBAC + Аудит
Прочее\5.5.1.pdf,"standard_fio: 20, standard_address: 32, payment_cvv: 59, special_health: 23, special_religion: 2",136,УЗ-1,.pdf,AES-256 + RBAC + Аудит
Прочее\5.5.2.pdf,"standard_fio: 7, standard_address: 14, payment_cvv: 46, special_health: 21, special_religion: 1",89,УЗ-1,.pdf,AES-256 + RBAC + Аудит
Прочее\5.7.1.pdf,"standard_fio: 1, standard_dob: 1, standard_address: 10, payment_cvv: 5, special_health: 5",22,УЗ-1,.pdf,AES-256 + RBAC + Аудит
Прочее\5.7.2.pdf,"standard_fio: 1, standard_dob: 1, standard_address: 10, payment_cvv: 5, special_health: 5",22,УЗ-1,.pdf,AES-256 + RBAC + Аудит
Прочее\5.7.7.pdf,"standard_fio: 1, standard_dob: 1, standard_address: 10, payment_cvv: 5, special_health: 5",22,УЗ-1,.pdf,AES-256 + RBAC + Аудит
Прочее\5.7.8.pdf,"standard_fio: 1, standard_dob: 1, standard_address: 10, payment_cvv: 5, special_health: 5",22,УЗ-1,.pdf,AES-256 + RBAC + Аудит
Прочее\5.8.1.pdf,"standard_fio: 1, standard_address: 20, payment_cvv: 36, special_health: 3",60,УЗ-1,.pdf,AES-256 + RBAC + Аудит
Прочее\5.8.2.pdf,"standard_address: 19, payment_cvv: 36, special_health: 3",58,УЗ-1,.pdf,AES-256 + RBAC + Аудит
Прочее\5.8.3.pdf,"standard_fio: 1, standard_address: 18, payment_cvv: 17, special_health: 4",40,УЗ-1,.pdf,AES-256 + RBAC + Аудит
Прочее\5.8.7.pdf,"standard_address: 14, payment_cvv: 29, special_health: 2",45,УЗ-1,.pdf,AES-256 + RBAC + Аудит
Прочее\5.8.pdf,"standard_dob: 2, standard_address: 11, payment_cvv: 25, special_health: 1",39,УЗ-1,.pdf,AES-256 + RBAC + Аудит
Прочее\5.9.6_en.pdf,"standard_address: 10, payment_cvv: 28, special_health: 6",44,УЗ-1,.pdf,AES-256 + RBAC + Аудит
Прочее\5.9.6_sp.pdf,"standard_fio: 2, standard_address: 9, payment_cvv: 15",26,УЗ-2,.pdf,AES-256 + RBAC + Аудит
Прочее\5.9.8.pdf,"standard_address: 5, payment_cvv: 5, special_health: 3",13,УЗ-1,.pdf,AES-256 + RBAC + Аудит
Прочее\51.04.01.pdf,"standard_fio: 3, standard_address: 6, payment_cvv: 5, special_health: 4, special_religion: 2",20,УЗ-1,.pdf,AES-256 + RBAC + Аудит
Прочее\51n.pdf,standard_dob: 6,6,УЗ-4,.pdf,Контроль доступа + Сверка
Прочее\522.pdf,"standard_fio: 6, standard_email: 1, payment_cvv: 33, special_health: 2",42,УЗ-1,.pdf,AES-256 + RBAC + Аудит
Прочее\54.04.01.pdf,"standard_address: 3, payment_cvv: 4, special_health: 10",17,УЗ-1,.pdf,AES-256 + RBAC + Аудит
Прочее\54.04.02.pdf,"standard_fio: 1, standard_address: 4, payment_cvv: 4, special_health: 2",11,УЗ-1,.pdf,AES-256 + RBAC + Аудит
Прочее\5487d8240beaf469a1a10ee370749263.pdf,"standard_fio: 3, standard_address: 20, payment_cvv: 5, special_health: 1",29,УЗ-1,.pdf,AES-256 + RBAC + Аудит
Прочее\5fqhsxirzo8b3s7xsukssg8sbsz05b38.pdf,"standard_fio: 5, standard_email: 1, standard_dob: 7, standard_address: 21, payment_cvv: 104, special_health: 27",165,УЗ-1,.pdf,AES-256 + RBAC + Аудит
Прочее\6.pdf,"standard_email: 1, payment_cvv: 21",22,УЗ-2,.pdf,AES-256 + RBAC + Аудит
Прочее\63_ffa6_7.Gizlilik%20ve%20%C3%87erez%20Politikas%C4%B1_4064465.docx,"standard_email: 3, payment_cvv: 5",8,УЗ-2,.docx,AES-256 + RBAC + Аудит
Прочее\66n.pdf,standard_dob: 16,16,УЗ-4,.pdf,Контроль доступа + Сверка
Прочее\6b588aa921ec0008657cb728cfce508d.pdf,"standard_fio: 4, standard_address: 22, payment_cvv: 5, special_health: 1",32,УЗ-1,.pdf,AES-256 + RBAC + Аудит
Прочее\766.pdf,"standard_dob: 18, payment_cvv: 9",27,УЗ-2,.pdf,AES-256 + RBAC + Аудит
Прочее\7l786rg9llt2odfq9u9zmrwunkk3k3q7.pdf,"standard_fio: 3, standard_address: 1",4,УЗ-4,.pdf,Контроль доступа + Сверка
Прочее\8. Индексация Расп РФ.pdf,"payment_cvv: 3965, special_health: 7",3972,УЗ-1,.pdf,AES-256 + RBAC + Аудит
Прочее\82174ac3fa46f97441160bfa3b5fef76.pdf,"standard_fio: 6, standard_address: 24, payment_cvv: 8, special_health: 1",39,УЗ-1,.pdf,AES-256 + RBAC + Аудит
Прочее\83124a_7c666ad59fdd470f83e349daad57df65.pdf,"standard_email: 1, payment_cvv: 2",3,УЗ-2,.pdf,AES-256 + RBAC + Аудит
Прочее\9ld9ylp04noekda30doh1pe1qjxt7md9.pdf,"standard_dob: 1, standard_address: 1, payment_cvv: 24",26,УЗ-2,.pdf,AES-256 + RBAC + Аудит
Прочее\AC_11082025.pdf,standard_dob: 392,392,УЗ-3,.pdf,Контроль доступа + Сверка
Прочее\AI-SANA_2603.pdf,"standard_fio: 4, standard_address: 1, payment_cvv: 11",16,УЗ-2,.pdf,AES-256 + RBAC + Аудит
Прочее\AIC-DSU_CONTENT.pdf,"standard_email: 1, payment_cvv: 1",2,УЗ-2,.pdf,AES-256 + RBAC + Аудит
Прочее\AICTE_2025.pdf,"standard_dob: 2, state_passport: 7, state_inn: 7, payment_cvv: 29",45,УЗ-2,.pdf,AES-256 + RBAC + Аудит
Прочее\AICTE_Mandatory_Disclosure_2024_25.pdf,"standard_phone: 3, standard_email: 3, standard_dob: 23, state_passport: 8, state_inn: 7, payment_cvv: 444",488,УЗ-2,.pdf,AES-256 + RBAC + Аудит
Прочее\APS.docx,standard_email: 1,1,УЗ-4,.docx,Контроль доступа + Сверка
Прочее\Anant-Ram-UGC.pdf,standard_dob: 1,1,УЗ-4,.pdf,Контроль доступа + Сверка
Прочее\Anexos_stud_conf_2021_ru.doc,"standard_fio: 1, standard_address: 2, payment_cvv: 6, special_health: 1",10,УЗ-1,.doc,AES-256 + RBAC + Аудит
Прочее\Announcement-on-the-Opening-Day-of-the-INEP-SFU-on-March-30-2024.pdf,"standard_phone: 1, standard_address: 1, payment_cvv: 1",3,УЗ-2,.pdf,AES-256 + RBAC + Аудит
Прочее\Application-Offer-Form.rtf,"standard_email: 1, payment_cvv: 1",2,УЗ-2,.rtf,AES-256 + RBAC + Аудит
Прочее\Area%20studies%20and%20tourist%20destinations.pdf,"standard_phone: 1, standard_email: 2, state_passport: 1, state_inn: 1, payment_cvv: 2",7,УЗ-2,.pdf,AES-256 + RBAC + Аудит
Прочее\Aula%20Hispanica_plano_rus_2016-po-mayo.pdf,"standard_fio: 3, standard_email: 2, standard_address: 6",11,УЗ-4,.pdf,Контроль доступа + Сверка
Прочее\Aula_Hispanica_plano_rus_2014-2015.pdf,"standard_fio: 11, standard_address: 10",21,УЗ-4,.pdf,Контроль доступа + Сверка
Прочее\Aula_Hispanica_rus_2015.pdf,"standard_fio: 4, standard_address: 6",10,УЗ-4,.pdf,Контроль доступа + Сверка
Прочее\Aula_Hispanica_vesna_2018.pdf,"standard_email: 2, standard_address: 5, payment_cvv: 4",11,УЗ-2,.pdf,AES-256 + RBAC + Аудит
Прочее\Aula_Hispánica_osen_2017.doc,"standard_fio: 6, standard_email: 2, standard_address: 7, payment_cvv: 5",20,УЗ-2,.doc,AES-256 + RBAC + Аудит
Прочее\Aula_Hispánica_osen_2018_rus.doc,"standard_fio: 1, standard_email: 2, standard_address: 2, payment_cvv: 2",7,УЗ-2,.doc,AES-256 + RBAC + Аудит
Прочее\Aula_Hispánica_osen_2019_rus.pdf,"standard_fio: 3, standard_email: 2, standard_address: 7, payment_cvv: 4, special_health: 1",17,УЗ-1,.pdf,AES-256 + RBAC + Аудит
Прочее\Aula_Hispánica_vesna_2018_rus.doc,"standard_fio: 2, standard_email: 2",4,УЗ-4,.doc,Контроль доступа + Сверка
Прочее\Azov_conf-application.rtf,"standard_email: 1, payment_cvv: 1",2,УЗ-2,.rtf,AES-256 + RBAC + Аудит
Прочее\Azov_conf-example.rtf,"standard_email: 1, payment_cvv: 1",2,УЗ-2,.rtf,AES-256 + RBAC + Аудит
Прочее\Azov_conf-requirements.rtf,"standard_email: 1, payment_cvv: 1",2,УЗ-2,.rtf,AES-256 + RBAC + Аудит
Прочее\BA_JMC_brochure_2025.pdf,"state_passport: 1, state_inn: 1, payment_cvv: 9",11,УЗ-2,.pdf,AES-256 + RBAC + Аудит
Прочее\BBA_Brochure_2025.pdf,"standard_email: 1, payment_cvv: 9",10,УЗ-2,.pdf,AES-256 + RBAC + Аудит
Прочее\BCA_brochure_2025.pdf,"standard_email: 1, payment_cvv: 4",5,УЗ-2,.pdf,AES-256 + RBAC + Аудит
Прочее\BCom_Brochure.pdf,"standard_email: 1, payment_cvv: 6",7,УЗ-2,.pdf,AES-256 + RBAC + Аудит
Прочее\BDesign_brochure.pdf,"state_passport: 1, state_inn: 1, payment_cvv: 4",6,УЗ-2,.pdf,AES-256 + RBAC + Аудит
Прочее\BGP.pdf,"standard_email: 1, payment_cvv: 8",9,УЗ-2,.pdf,AES-256 + RBAC + Аудит
Прочее\BSC_DS_2025.pdf,"standard_email: 1, payment_cvv: 8",9,УЗ-2,.pdf,AES-256 + RBAC + Аудит
Прочее\BSc_MSc_Basic_Science_brochure_2025.pdf,"standard_email: 1, payment_cvv: 5",6,УЗ-2,.pdf,AES-256 + RBAC + Аудит
Прочее\Bid_Bachelor-Specialist.rtf,"standard_email: 1, payment_cvv: 1",2,УЗ-2,.rtf,AES-256 + RBAC + Аудит
Прочее\Bid_Magistracy.rtf,"standard_email: 1, payment_cvv: 1",2,УЗ-2,.rtf,AES-256 + RBAC + Аудит
Прочее\Building_innovation_Vitoshko.pdf,"standard_phone: 1, standard_email: 1, payment_cvv: 3",5,УЗ-2,.pdf,AES-256 + RBAC + Аудит
Прочее\Business%20Spanish%20A2%20the%20order.pdf,payment_cvv: 1,1,УЗ-2,.pdf,AES-256 + RBAC + Аудит
Прочее\Business%20in%20Tourism%20and%20Hospitality.pdf,standard_email: 1,1,УЗ-4,.pdf,Контроль доступа + Сверка
Прочее\CMTF_oral_exam.pdf,payment_cvv: 2,2,УЗ-2,.pdf,AES-256 + RBAC + Аудит
Прочее\CNO_AULA_Hispanica.pdf,"standard_email: 6, standard_address: 1",7,УЗ-4,.pdf,Контроль доступа + Сверка
Прочее\CT_RB_2025.pdf,"standard_fio: 6, standard_address: 1, payment_cvv: 1",8,УЗ-2,.pdf,AES-256 + RBAC + Аудит
Прочее\CVDrKased.pdf,"standard_email: 4, payment_cvv: 18",22,УЗ-2,.pdf,AES-256 + RBAC + Аудит
Прочее\Call-for-papers_2024.pdf,"standard_email: 1, payment_cvv: 11",12,УЗ-2,.pdf,AES-256 + RBAC + Аудит
Прочее\CartaCercetatoruluiCodul-de-Conduita.pdf,"standard_dob: 2, payment_cvv: 12",14,УЗ-2,.pdf,AES-256 + RBAC + Аудит
Прочее\CartaInformativaCongreso2025_ru.pdf,"standard_fio: 1, standard_phone: 1, standard_email: 2, standard_address: 2, payment_cvv: 6",12,УЗ-2,.pdf,AES-256 + RBAC + Аудит
Прочее\Carta_ASEM.pdf,"standard_dob: 11, payment_cvv: 80",91,УЗ-2,.pdf,AES-256 + RBAC + Аудит
Прочее\Catalogue_of_UNG_Equipment_and_Expertise_for_External_users.pdf,"standard_email: 87, payment_cvv: 24",111,УЗ-2,.pdf,AES-256 + RBAC + Аудит
Прочее\Cod_etica_2023.pdf,"standard_dob: 2, payment_cvv: 2",4,УЗ-2,.pdf,AES-256 + RBAC + Аудит
Прочее\ConfPABCProgram_2023.pdf,"standard_fio: 1, payment_cvv: 1",2,УЗ-2,.pdf,AES-256 + RBAC + Аудит
Прочее\Congreso_Anexos_rus_2025.docx,payment_cvv: 8,8,УЗ-2,.docx,AES-256 + RBAC + Аудит
Прочее\Course%20Syllabus%20(General%20Pedagogy).pdf,"standard_email: 1, payment_cvv: 8",9,УЗ-2,.pdf,AES-256 + RBAC + Аудит
Прочее\Course%20Syllabus%20(Pedagogical%20Theory%20and%20Conceptions).pdf,"standard_email: 1, payment_cvv: 10",11,УЗ-2,.pdf,AES-256 + RBAC + Аудит
Прочее\Course%20Syllabus%20(Preparation%20of%20Scientific%20Publications).pdf,"standard_email: 1, payment_cvv: 5",6,УЗ-2,.pdf,AES-256 + RBAC + Аудит
Прочее\Course%20Syllabus%20(Vocational%20Training%20Technologies).pdf,"standard_email: 1, payment_cvv: 1",2,УЗ-2,.pdf,AES-256 + RBAC + Аудит
Прочее\Course%20syllabus%20%20MATHEMATICAL%20MODELS%20OF%20PROCESS%20AND%20SYSTEMS.pdf,"standard_email: 1, payment_cvv: 4",5,УЗ-2,.pdf,AES-256 + RBAC + Аудит
Прочее\Course%20syllabus%20(Model-analytical%20and%20Strategic%20Research%20Methods).pdf,"standard_email: 1, payment_cvv: 9",10,УЗ-2,.pdf,AES-256 + RBAC + Аудит
Прочее\Course%20syllabus%20ADVANCED%20PROBLEMS%20OF%20MATHEMATICAL%20PHYSICS.pdf,"standard_email: 1, payment_cvv: 6",7,УЗ-2,.pdf,AES-256 + RBAC + Аудит
Прочее\Course%20syllabus%20ASPT%20methods.pdf,"standard_email: 1, payment_cvv: 11",12,УЗ-2,.pdf,AES-256 + RBAC + Аудит
Прочее\Course%20syllabus%20MODERN%20Computer%20Technologies%202022.pdf,standard_email: 1,1,УЗ-4,.pdf,Контроль доступа + Сверка
Прочее\Course%20syllabus%20MODERN%20NUMERICAL%20METHODS%20IN%20MATHEMATICAL%20MODELING.pdf,standard_email: 1,1,УЗ-4,.pdf,Контроль доступа + Сверка
Прочее\Course%20syllabus%20Mathematical%20models%20in%20biology.pdf,standard_email: 1,1,УЗ-4,.pdf,Контроль доступа + Сверка
Прочее\Course%20syllabus%20Sociology%20of%20the%20Internet.pdf,"standard_email: 1, payment_cvv: 31",32,УЗ-2,.pdf,AES-256 + RBAC + Аудит
Прочее\Course%20syllabus%20sample%20(International%20standards%20for%20legal%20-%20%D0%90%D1%80%D0%B7%D1%83%D0%BC%D0%B0%D0%BD%D1%8F%D0%BD).pdf,standard_email: 1,1,УЗ-4,.pdf,Контроль доступа + Сверка
Прочее\Course%20syllabus%20sample_Ecology%20of%20the%20city.pdf,standard_email: 1,1,УЗ-4,.pdf,Контроль доступа + Сверка
Прочее\Course%20syllabus%20sample_Environmental%20problems%20and%20environmental%20pollution.pdf,standard_email: 1,1,УЗ-4,.pdf,Контроль доступа + Сверка
Прочее\Course%20syllabus%20sample_Key%20Concepts%20in%20Urban%20and%20Cultural%20Studies.pdf,standard_email: 1,1,УЗ-4,.pdf,Контроль доступа + Сверка
Прочее\Course%20syllabus%20sample_Scientific%20research%20design%20of%20urban%20environment.pdf,standard_email: 1,1,УЗ-4,.pdf,Контроль доступа + Сверка
Прочее\Course%20syllabus%20sample_Territory%20branding.pdf,standard_email: 1,1,УЗ-4,.pdf,Контроль доступа + Сверка
Прочее\Course%20syllabus%20sample_Urban%20design%20project%204.%20Renovation%20of%20the%20urban%20environment.pdf,standard_email: 1,1,УЗ-4,.pdf,Контроль доступа + Сверка
Прочее\Course%20syllabus%20sample_Urban%20design%20project%205.%20Designing%20an%20environment%20based%20on%20the%20concept%20of%20identity.pdf,standard_email: 1,1,УЗ-4,.pdf,Контроль доступа + Сверка
Прочее\Course%20syllabus%20sample_Urban%20development.pdf,standard_email: 1,1,УЗ-4,.pdf,Контроль доступа + Сверка
Прочее\Course%20syllabus_Culture%20and%20Philosophy%20of%20Ancient%20Greece%20in%20Russian%20studies%20of%20Classics_2022.pdf,"standard_email: 1, payment_cvv: 1",2,УЗ-2,.pdf,AES-256 + RBAC + Аудит
Прочее\Course%20syllabus_Logical%20Argumentation%20and%20Critical%20Thinking_2022.pdf,"standard_email: 1, payment_cvv: 5",6,УЗ-2,.pdf,AES-256 + RBAC + Аудит
Прочее\Course%20syllabus_Methodology%20of%20Social%20Sciences%20and%20Humanities_2022.pdf,"standard_email: 1, payment_cvv: 1",2,УЗ-2,.pdf,AES-256 + RBAC + Аудит
Прочее\Course%20syllabus_Nedin.pdf,"standard_email: 1, payment_cvv: 2",3,УЗ-2,.pdf,AES-256 + RBAC + Аудит
Прочее\Course%20syllabus_Religions%20%20.pdf,"standard_email: 2, payment_cvv: 1",3,УЗ-2,.pdf,AES-256 + RBAC + Аудит
Прочее\Course%20syllabus_Semiotic%20Studies%20in%20Russia%20and%20Development%20of%20the%20Humanities%20in%20Europe_2022.pdf,"standard_email: 1, payment_cvv: 1",2,УЗ-2,.pdf,AES-256 + RBAC + Аудит
Прочее\Course%20syllabus_Soviet%20Science%20and%20Science%20in%20Modern%20Russia_2022.pdf,"standard_email: 1, payment_cvv: 1",2,УЗ-2,.pdf,AES-256 + RBAC + Аудит
Прочее\Cutting-edge%20management%20in%20hotels%20and%20hospitality%20enterprises.pdf,standard_email: 1,1,УЗ-4,.pdf,Контроль доступа + Сверка
Прочее\DGTU-conference-programm.rtf,"standard_email: 1, payment_cvv: 1",2,УЗ-2,.rtf,AES-256 + RBAC + Аудит
Прочее\DSUFeedbackAnalysisReport.pdf,payment_cvv: 2,2,УЗ-2,.pdf,AES-256 + RBAC + Аудит
Прочее\DSUSampleFilledFeedbackCollected.pdf,payment_cvv: 3,3,УЗ-2,.pdf,AES-256 + RBAC + Аудит
Прочее\DSU_City_innovation_Campus_Programs_2025.pdf,"standard_email: 1, payment_cvv: 13",14,УЗ-2,.pdf,AES-256 + RBAC + Аудит
Прочее\DSU_Main_Campus_Programs_2025.pdf,"standard_email: 1, payment_cvv: 14",15,УЗ-2,.pdf,AES-256 + RBAC + Аудит
Прочее\DSU_Research_Ethics_Policy_2021.pdf,standard_dob: 1,1,УЗ-4,.pdf,Контроль доступа + Сверка
Прочее\Der.pdf,payment_cvv: 7,7,УЗ-2,.pdf,AES-256 + RBAC + Аудит
Прочее\Donnews-Mediakit.pdf,payment_cvv: 29,29,УЗ-2,.pdf,AES-256 + RBAC + Аудит
Прочее\EBBondarevskaia_conference-info.rtf,"standard_email: 1, payment_cvv: 1",2,УЗ-2,.rtf,AES-256 + RBAC + Аудит
Прочее\E_brochure_08022024.pdf,"standard_email: 1, payment_cvv: 3",4,УЗ-2,.pdf,AES-256 + RBAC + Аудит
Прочее\Ecology%20of%20the%20city.pdf,"standard_email: 1, payment_cvv: 10",11,УЗ-2,.pdf,AES-256 + RBAC + Аудит
Прочее\Economics%20of%20Sports.pdf,payment_cvv: 1,1,УЗ-2,.pdf,AES-256 + RBAC + Аудит
Прочее\Ecosystems.pdf,"standard_dob: 2, standard_address: 1, payment_cvv: 11",14,УЗ-2,.pdf,AES-256 + RBAC + Аудит
Прочее\Entrepreneurship%20in%20Hospitality.pdf,standard_email: 1,1,УЗ-4,.pdf,Контроль доступа + Сверка
Прочее\Errand_RFFI-form-v2.rtf,"standard_email: 1, payment_cvv: 1",2,УЗ-2,.rtf,AES-256 + RBAC + Аудит
Прочее\Excursion%20business.pdf,standard_email: 1,1,УЗ-4,.pdf,Контроль доступа + Сверка
Прочее\FCP_competitions-notice.rtf,"standard_email: 1, payment_cvv: 1",2,УЗ-2,.rtf,AES-256 + RBAC + Аудит
Прочее\FK_sport.pdf,"standard_fio: 1, standard_address: 11, payment_cvv: 30, special_health: 11",53,УЗ-1,.pdf,AES-256 + RBAC + Аудит
Прочее\FZ 273 ob obrazovanii-rf.doc,"standard_fio: 89, standard_dob: 160, standard_address: 103, payment_cvv: 160, special_health: 5",517,УЗ-1,.doc,AES-256 + RBAC + Аудит
Прочее\FZ 273.rtf,"standard_fio: 30, standard_dob: 69, standard_address: 27, payment_cvv: 68",194,УЗ-2,.rtf,AES-256 + RBAC + Аудит
Прочее\Folleto_cursos_ruso1.pdf,"standard_email: 5, payment_cvv: 9",14,УЗ-2,.pdf,AES-256 + RBAC + Аудит
Прочее\Freedom%20of%20Speech%20and%20Academic%20Freedom%20Code%20of%20Practice%20-%20v3.4.pdf,"standard_email: 7, standard_dob: 3",10,УЗ-4,.pdf,Контроль доступа + Сверка
Прочее\Fundamentals%20of%20Tourism.pdf,standard_email: 1,1,УЗ-4,.pdf,Контроль доступа + Сверка
Прочее\GenerationS-info.rtf,"standard_email: 1, payment_cvv: 1",2,УЗ-2,.rtf,AES-256 + RBAC + Аудит
Прочее\Ghidul_Studentului_2023.pdf,"standard_email: 1, standard_dob: 3, payment_cvv: 54",58,УЗ-2,.pdf,AES-256 + RBAC + Аудит
Прочее\Government-order_220-notice.rtf,"standard_email: 1, payment_cvv: 1",2,УЗ-2,.rtf,AES-256 + RBAC + Аудит
Прочее\Harohalli_Hostel_Student_handbook.pdf,payment_cvv: 3,3,УЗ-2,.pdf,AES-256 + RBAC + Аудит
Прочее\HiTech_Vitoshko.pdf,"standard_phone: 2, standard_email: 1, payment_cvv: 4",7,УЗ-2,.pdf,AES-256 + RBAC + Аудит
Прочее\Highlights 18.pdf,"standard_email: 16, payment_cvv: 130",146,УЗ-2,.pdf,AES-256 + RBAC + Аудит
Прочее\Horario_Aula_Hispanica_febrero-abril_2020.doc,"standard_email: 2, standard_address: 1, payment_cvv: 2",5,УЗ-2,.doc,AES-256 + RBAC + Аудит
Прочее\Horario_Aula_Hispanica_octubre-diciembre_2020.doc,"standard_email: 2, standard_address: 1",3,УЗ-4,.doc,Контроль доступа + Сверка
Прочее\Horario_Aula_Hispánica_marzo-junio-2021.docx,standard_email: 3,3,УЗ-4,.docx,Контроль доступа + Сверка
Прочее\How_to_get_enrolled_2025.pdf,"standard_fio: 2, standard_dob: 24, standard_address: 3, payment_cvv: 8",37,УЗ-2,.pdf,AES-256 + RBAC + Аудит
Прочее\IDP.pdf,"standard_dob: 2, payment_cvv: 16",18,УЗ-2,.pdf,AES-256 + RBAC + Аудит
Прочее\ID_2025.pdf,"standard_fio: 4, standard_address: 1, payment_cvv: 2, special_health: 47",54,УЗ-1,.pdf,AES-256 + RBAC + Аудит
Прочее\INFN_AI_Strategy_2024_aggiornato.pdf,payment_cvv: 1,1,УЗ-2,.pdf,AES-256 + RBAC + Аудит
Прочее\IVD_2__1_Gorgorova.pdf_0704d8bae0.pdf,"standard_fio: 3, standard_dob: 2, standard_address: 7, payment_cvv: 15, special_health: 1",28,УЗ-1,.pdf,AES-256 + RBAC + Аудит
Прочее\Informatsionnoe-pismo-Olimpiada-SFEDU-English-25.doc,"standard_fio: 2, standard_phone: 1, standard_email: 4, standard_dob: 10, standard_address: 9, state_passport: 2, state_inn: 2, payment_cvv: 8",38,УЗ-2,.doc,AES-256 + RBAC + Аудит
Прочее\Informatsionnoe-pismo_2024.pdf,"standard_fio: 2, standard_email: 1, standard_dob: 1, standard_address: 6, payment_cvv: 12, special_health: 1",23,УЗ-1,.pdf,AES-256 + RBAC + Аудит
Прочее\Instr_test_2024.pdf,"standard_phone: 1, standard_email: 1, payment_cvv: 3",5,УЗ-2,.pdf,AES-256 + RBAC + Аудит
Прочее\Instr_test_2025.pdf,payment_cvv: 3,3,УЗ-2,.pdf,AES-256 + RBAC + Аудит
Прочее\Integrated Marine Research Center.pdf,"standard_phone: 2, standard_email: 2, payment_cvv: 6",10,УЗ-2,.pdf,AES-256 + RBAC + Аудит
Прочее\International%20transport%20law.pdf,"standard_email: 2, state_passport: 1, state_inn: 1, payment_cvv: 2",6,УЗ-2,.pdf,AES-256 + RBAC + Аудит
Прочее\KCP_asp_2025.pdf,"standard_fio: 1, standard_address: 21, payment_cvv: 2, special_health: 5",29,УЗ-1,.pdf,AES-256 + RBAC + Аудит
Прочее\KCP_bs_2025.pdf,"standard_address: 46, payment_cvv: 88, special_health: 3",137,УЗ-1,.pdf,AES-256 + RBAC + Аудит
Прочее\KCP_mag_2025.pdf,"standard_address: 45, payment_cvv: 87, special_health: 5",137,УЗ-1,.pdf,AES-256 + RBAC + Аудит
Прочее\KD_013.pdf,"standard_fio: 2, standard_dob: 2, standard_address: 14, payment_cvv: 4",22,УЗ-2,.pdf,AES-256 + RBAC + Аудит
Прочее\KD_014_rus.pdf,"standard_fio: 5, standard_dob: 2, standard_address: 16, payment_cvv: 4",27,УЗ-2,.pdf,AES-256 + RBAC + Аудит
Прочее\KD_SPA_2023.pdf,"standard_fio: 15, standard_phone: 2, standard_email: 1, standard_dob: 4, standard_address: 4, payment_cvv: 7, special_health: 5",38,УЗ-1,.pdf,AES-256 + RBAC + Аудит
Прочее\LLM_brochure_2025.pdf,"standard_email: 1, payment_cvv: 6",7,УЗ-2,.pdf,AES-256 + RBAC + Аудит
Прочее\Language_Teaching_in_the_Modern_Digital_Era.pdf,payment_cvv: 15,15,УЗ-2,.pdf,AES-256 + RBAC + Аудит
Прочее\Life%20safety.pdf,standard_email: 1,1,УЗ-4,.pdf,Контроль доступа + Сверка
Прочее\MBA_brochure_2025.pdf,"standard_email: 1, payment_cvv: 7",8,УЗ-2,.pdf,AES-256 + RBAC + Аудит
Прочее\MCA_brochure_2025.pdf,"standard_email: 1, payment_cvv: 6",7,УЗ-2,.pdf,AES-256 + RBAC + Аудит
Прочее\MSC_DS_2025.pdf,"standard_email: 1, payment_cvv: 8",9,УЗ-2,.pdf,AES-256 + RBAC + Аудит
Прочее\Management%20advances%20in%20hospitality.pdf,"standard_email: 1, payment_cvv: 4",5,УЗ-2,.pdf,AES-256 + RBAC + Аудит
Прочее\Media-Kit_KG_2020.pdf,"standard_fio: 2, standard_phone: 74, standard_address: 55, payment_cvv: 704",835,УЗ-2,.pdf,AES-256 + RBAC + Аудит
Прочее\Modern Microscopy.pdf,"standard_email: 2, standard_dob: 1, payment_cvv: 1",4,УЗ-2,.pdf,AES-256 + RBAC + Аудит
Прочее\Modern%20technology%20for%20improving%20the%20productivity%20of%20regional%20studies%20communications.pdf,"standard_email: 1, payment_cvv: 3",4,УЗ-2,.pdf,AES-256 + RBAC + Аудит
Прочее\ModernSoftware_oral_exam.pdf,payment_cvv: 2,2,УЗ-2,.pdf,AES-256 + RBAC + Аудит
Прочее\Molecular_spectrostroscopy.pdf,"standard_email: 1, standard_dob: 1, payment_cvv: 2",4,УЗ-2,.pdf,AES-256 + RBAC + Аудит
Прочее\N413_17_05_2012.rtf,"standard_dob: 164, payment_cvv: 32",196,УЗ-2,.rtf,AES-256 + RBAC + Аудит
Прочее\NSS_Actvities.pdf,payment_cvv: 2,2,УЗ-2,.pdf,AES-256 + RBAC + Аудит
Прочее\Nanoscale_substance_structure.pdf,payment_cvv: 1,1,УЗ-2,.pdf,AES-256 + RBAC + Аудит
Прочее\Nanotechnologies.pdf,"standard_email: 1, payment_cvv: 1",2,УЗ-2,.pdf,AES-256 + RBAC + Аудит
Прочее\New%20managerial%20opportunities%20for%20modern%20organization.pdf,standard_email: 1,1,УЗ-4,.pdf,Контроль доступа + Сверка
Прочее\Notification & Invitation - 11th Convocation of Manipal University Jaipur.pdf,"standard_email: 3, payment_cvv: 1",4,УЗ-2,.pdf,AES-256 + RBAC + Аудит
Прочее\Ombadsuperson.pdf,"standard_email: 2, standard_dob: 10, state_inn: 1, payment_cvv: 48",61,УЗ-2,.pdf,AES-256 + RBAC + Аудит
Прочее\Otchet%202016.pdf,"standard_fio: 45, standard_phone: 5, standard_dob: 7, standard_address: 61, payment_cvv: 638, special_health: 17, special_religion: 1",774,УЗ-1,.pdf,AES-256 + RBAC + Аудит
Прочее\Otchet_2011.pdf,"standard_fio: 3, standard_address: 9, payment_cvv: 2",14,УЗ-2,.pdf,AES-256 + RBAC + Аудит
Прочее\Otchet_2012.pdf,"standard_fio: 9, standard_address: 5, payment_cvv: 1",15,УЗ-2,.pdf,AES-256 + RBAC + Аудит
Прочее\Otchet_2013.pdf,"standard_fio: 5, standard_address: 13, payment_cvv: 17",35,УЗ-2,.pdf,AES-256 + RBAC + Аудит
Прочее\Otchet_2014_rus.pdf,"standard_fio: 3, standard_dob: 4, standard_address: 13, state_inn: 1, payment_cvv: 37",58,УЗ-2,.pdf,AES-256 + RBAC + Аудит
Прочее\Otchet_mezhdunarodnaya_deyatelnost_2016.pdf,"standard_fio: 93, standard_email: 32, standard_dob: 46, standard_address: 50, state_inn: 2, payment_cvv: 49",272,УЗ-2,.pdf,AES-256 + RBAC + Аудит
Прочее\Otchet_nauka_2016.pdf,"standard_fio: 59, standard_dob: 40, standard_address: 77, payment_cvv: 76",252,УЗ-2,.pdf,AES-256 + RBAC + Аудит
Прочее\Ovsepyan%20Course%20syllabus.pdf,"standard_email: 1, payment_cvv: 2",3,УЗ-2,.pdf,AES-256 + RBAC + Аудит
Прочее\P142_22.05.2023.pdf,"standard_fio: 1, standard_dob: 3, payment_cvv: 2, special_health: 1",7,УЗ-1,.pdf,AES-256 + RBAC + Аудит
Прочее\P201-OD.pdf,"standard_fio: 24, standard_dob: 14, standard_address: 2, payment_cvv: 10",50,УЗ-2,.pdf,AES-256 + RBAC + Аудит
Прочее\P248_2022.pdf,"standard_fio: 1, standard_address: 3, payment_cvv: 6",10,УЗ-2,.pdf,AES-256 + RBAC + Аудит
Прочее\P982.pdf,"standard_fio: 4, standard_address: 15, payment_cvv: 7266, special_health: 4",7289,УЗ-1,.pdf,AES-256 + RBAC + Аудит
Прочее\PCTE-2025.pdf,payment_cvv: 40,40,УЗ-2,.pdf,AES-256 + RBAC + Аудит
Прочее\PP%20BSM%202025.pdf,"standard_fio: 29, standard_dob: 16, standard_address: 11, payment_cvv: 174, special_health: 9",239,УЗ-1,.pdf,AES-256 + RBAC + Аудит
Прочее\PROGRAMMA%20FESTIVAL.pdf,"standard_fio: 33, standard_dob: 1, standard_address: 5, payment_cvv: 8, special_health: 2",49,УЗ-1,.pdf,AES-256 + RBAC + Аудит
Прочее\Perechen_poruchenii.pdf,"standard_fio: 3, standard_address: 4, special_health: 1",8,УЗ-1,.pdf,AES-256 + RBAC + Аудит
Прочее\Planes2015_anodual_rus.pdf,"standard_fio: 7, standard_address: 1, payment_cvv: 1",9,УЗ-2,.pdf,AES-256 + RBAC + Аудит
Прочее\Planes2015_rus.pdf,"standard_fio: 10, standard_address: 15, payment_cvv: 9",34,УЗ-2,.pdf,AES-256 + RBAC + Аудит
Прочее\Planes2016_rus.pdf,"standard_fio: 19, standard_address: 15, payment_cvv: 6",40,УЗ-2,.pdf,AES-256 + RBAC + Аудит
Прочее\Planes_Aula_Hispánica_2016_rus_osen.doc,"standard_email: 2, standard_address: 4",6,УЗ-4,.doc,Контроль доступа + Сверка
Прочее\Planes_Aula_Hispánica_2017_rus_vesna.doc,"standard_email: 2, standard_address: 5, payment_cvv: 4",11,УЗ-2,.doc,AES-256 + RBAC + Аудит
Прочее\Politika-PDN.pdf,"standard_dob: 2, standard_address: 3, payment_cvv: 2, special_health: 2",9,УЗ-1,.pdf,AES-256 + RBAC + Аудит
Прочее\Politika_privatnosti_UB.pdf,"standard_fio: 1, standard_email: 3, payment_cvv: 10",14,УЗ-2,.pdf,AES-256 + RBAC + Аудит
Прочее\Postanovlenie Pravitelstva N 568.pdf,"standard_fio: 6, standard_dob: 17, standard_address: 8, payment_cvv: 14",45,УЗ-2,.pdf,AES-256 + RBAC + Аудит
Прочее\PravilaPriema_2025_VO_izm_24.01.2025.pdf,"standard_fio: 48, standard_dob: 6, standard_address: 26, payment_cvv: 115, special_health: 8",203,УЗ-1,.pdf,AES-256 + RBAC + Аудит
Прочее\Pravila_priema_2025_na_sait.pdf,"standard_fio: 13, standard_address: 3, payment_cvv: 120, special_health: 6",142,УЗ-1,.pdf,AES-256 + RBAC + Аудит
Прочее\Pravila_priema_2025_v_SGUGiT_Bakalavriat_Specialitet.pdf,"standard_fio: 21, standard_dob: 14, standard_address: 3, payment_cvv: 130, special_health: 5",173,УЗ-1,.pdf,AES-256 + RBAC + Аудит
Прочее\Pravila_priema_bac_spec_2025.pdf,"standard_fio: 17, standard_dob: 7, standard_address: 6, payment_cvv: 129, special_health: 6",165,УЗ-1,.pdf,AES-256 + RBAC + Аудит
Прочее\President_Grants-2018-info.rtf,"standard_email: 1, payment_cvv: 1",2,УЗ-2,.rtf,AES-256 + RBAC + Аудит
Прочее\Prikaz 601.pdf,"standard_fio: 4, standard_dob: 50, standard_address: 4, payment_cvv: 59, special_health: 7",124,УЗ-1,.pdf,AES-256 + RBAC + Аудит
Прочее\Prikaz П1421.pdf,"standard_address: 4, special_health: 2",6,УЗ-1,.pdf,AES-256 + RBAC + Аудит
Прочее\Prikaz-1845_Application1-Report.rtf,"standard_email: 1, payment_cvv: 1",2,УЗ-2,.rtf,AES-256 + RBAC + Аудит
Прочее\Prikaz-1845_Application2-Act.rtf,"standard_email: 1, payment_cvv: 1",2,УЗ-2,.rtf,AES-256 + RBAC + Аудит
Прочее\Prikaz-1846_Application1-Report.rtf,"standard_email: 1, payment_cvv: 1",2,УЗ-2,.rtf,AES-256 + RBAC + Аудит
Прочее\Prikaz-1846_Application2-Act.rtf,"standard_email: 1, payment_cvv: 1",2,УЗ-2,.rtf,AES-256 + RBAC + Аудит
Прочее\Prikaz-1928_Application1-Report_form.rtf,"standard_email: 1, payment_cvv: 1",2,УЗ-2,.rtf,AES-256 + RBAC + Аудит
Прочее\Prikaz-1928_Application2-IC_codes.rtf,"standard_email: 1, payment_cvv: 1",2,УЗ-2,.rtf,AES-256 + RBAC + Аудит
Прочее\Prilogenie_Structural_division-report_form.rtf,"standard_email: 1, payment_cvv: 1",2,УЗ-2,.rtf,AES-256 + RBAC + Аудит
Прочее\Prioritet_itogi.pdf,standard_fio: 21,21,УЗ-4,.pdf,Контроль доступа + Сверка
Прочее\Prof.communication.pdf,"standard_email: 1, payment_cvv: 2",3,УЗ-2,.pdf,AES-256 + RBAC + Аудит
Прочее\Prog_stud_conf_Dec_es_2024_esp.pdf,payment_cvv: 9,9,УЗ-2,.pdf,AES-256 + RBAC + Аудит
Прочее\Prog_stud_conf_Dec_es_2024_rus.pdf,"standard_fio: 313, standard_address: 9, payment_cvv: 9, special_health: 5, special_race: 1",337,УЗ-1,.pdf,AES-256 + RBAC + Аудит
Прочее\Progress%20report%20on%20the%20implementation%20of%20the%20Excellence%20Initiative%20-%20Research%20University%20by%20TUL.pdf,"standard_email: 1, payment_cvv: 51",52,УЗ-2,.pdf,AES-256 + RBAC + Аудит
Прочее\Prot1_17.10.2024.pdf,"standard_fio: 2, standard_dob: 13, standard_address: 5, state_snils: 206, payment_cvv: 622",848,УЗ-2,.pdf,AES-256 + RBAC + Аудит
Прочее\Prot2_20.02.2025.pdf,"standard_fio: 3, standard_dob: 14, standard_address: 2, state_snils: 190, payment_cvv: 581",790,УЗ-2,.pdf,AES-256 + RBAC + Аудит
Прочее\Prot3_11.03.2025.pdf,"standard_fio: 3, standard_dob: 12, standard_address: 2, state_snils: 130, payment_cvv: 399",546,УЗ-2,.pdf,AES-256 + RBAC + Аудит
Прочее\Prot4_17.07.2025.pdf,"standard_fio: 2, standard_dob: 3, standard_address: 2, state_snils: 125, payment_cvv: 376",508,УЗ-2,.pdf,AES-256 + RBAC + Аудит
Прочее\Protokol N3 2022.pdf,"standard_fio: 53, standard_phone: 2, standard_email: 2, standard_address: 5, payment_cvv: 4",66,УЗ-2,.pdf,AES-256 + RBAC + Аудит
Прочее\Protokol.pdf,"standard_fio: 37, standard_phone: 1, standard_email: 1, standard_dob: 1, standard_address: 7, special_health: 1",48,УЗ-1,.pdf,AES-256 + RBAC + Аудит
Прочее\Protokol_0.pdf,"standard_fio: 20, standard_phone: 1, standard_email: 1, standard_address: 4, payment_cvv: 3, special_health: 1",30,УЗ-1,.pdf,AES-256 + RBAC + Аудит
Прочее\Protokol_04_02_2021.pdf,"standard_fio: 67, standard_phone: 1, standard_email: 1, standard_address: 11, payment_cvv: 5, special_health: 5",90,УЗ-1,.pdf,AES-256 + RBAC + Аудит
Прочее\Protokol_1.pdf,"standard_fio: 9, standard_phone: 1, standard_email: 1, standard_address: 3, payment_cvv: 3",17,УЗ-2,.pdf,AES-256 + RBAC + Аудит
Прочее\Protokol_20.pdf,"standard_fio: 17, standard_email: 1, standard_address: 5, payment_cvv: 3",26,УЗ-2,.pdf,AES-256 + RBAC + Аудит
Прочее\Protokol_6_06.09.2023.pdf,"standard_fio: 90, standard_phone: 2, standard_email: 2, standard_address: 4, payment_cvv: 2",100,УЗ-2,.pdf,AES-256 + RBAC + Аудит
Прочее\Protokol_prez_N2.pdf,"standard_fio: 99, standard_phone: 1, standard_email: 1, standard_address: 8, payment_cvv: 6",115,УЗ-2,.pdf,AES-256 + RBAC + Аудит
Прочее\Public Self Disclosure.pdf,"standard_email: 9, state_passport: 2, state_inn: 2",13,УЗ-3,.pdf,Контроль доступа + Сверка
Прочее\Public_Self_Disclosure_DSU.pdf,"standard_email: 10, state_passport: 8, state_inn: 8, payment_cvv: 3",29,УЗ-2,.pdf,AES-256 + RBAC + Аудит
Прочее\QC3.pdf,"standard_email: 2, state_passport: 2, state_inn: 2, payment_cvv: 3",9,УЗ-2,.pdf,AES-256 + RBAC + Аудит
Прочее\RSOCH_2025.pdf,"standard_fio: 23, standard_address: 1, payment_cvv: 102, special_health: 105",231,УЗ-1,.pdf,AES-256 + RBAC + Аудит
Прочее\Raport_2024_EN.pdf,payment_cvv: 289,289,УЗ-2,.pdf,AES-256 + RBAC + Аудит
Прочее\Raport_comisia_etica.pdf,"standard_dob: 23, payment_cvv: 2",25,УЗ-2,.pdf,AES-256 + RBAC + Аудит
Прочее\Rasporiagenie-1092-p_report-form.rtf,"standard_email: 1, payment_cvv: 1",2,УЗ-2,.rtf,AES-256 + RBAC + Аудит
Прочее\Rasporiagenie-1129-p_Application-sample.rtf,"standard_email: 1, payment_cvv: 1",2,УЗ-2,.rtf,AES-256 + RBAC + Аудит
Прочее\Russian_Cultural_Studies.pdf,"standard_address: 4, payment_cvv: 5",9,УЗ-2,.pdf,AES-256 + RBAC + Аудит
Прочее\SELF_PORTRAIT_english_2025_ONLINE%20%281%29.pdf,"standard_email: 5, standard_dob: 1, payment_cvv: 506",512,УЗ-2,.pdf,AES-256 + RBAC + Аудит
Прочее\SFedU_.pdf,"standard_email: 2, payment_cvv: 6",8,УЗ-2,.pdf,AES-256 + RBAC + Аудит
Прочее\STEM.pdf,"standard_address: 4, payment_cvv: 10",14,УЗ-2,.pdf,AES-256 + RBAC + Аудит
Прочее\SciFinder%20Discovery%20Platform.pdf,"standard_address: 6, payment_cvv: 13, special_health: 8",27,УЗ-1,.pdf,AES-256 + RBAC + Аудит
Прочее\SoE_Brochure_2025.pdf,"standard_email: 1, payment_cvv: 15",16,УЗ-2,.pdf,AES-256 + RBAC + Аудит
Прочее\SoL_Brochure.pdf,"standard_email: 1, payment_cvv: 12",13,УЗ-2,.pdf,AES-256 + RBAC + Аудит
Прочее\Sobre_nosotros_2025_compressed.pdf,standard_fio: 5,5,УЗ-4,.pdf,Контроль доступа + Сверка
Прочее\Sootv_asp_2025.pdf,"standard_fio: 7, standard_dob: 1, standard_address: 1, payment_cvv: 1, special_health: 10",20,УЗ-1,.pdf,AES-256 + RBAC + Аудит
Прочее\Sootv_mag_2025.pdf,"standard_fio: 53, standard_address: 1, payment_cvv: 1, special_health: 27",82,УЗ-1,.pdf,AES-256 + RBAC + Аудит
Прочее\Spanish%20course%20A.pdf,"standard_fio: 11, standard_dob: 66, standard_address: 29, payment_cvv: 42, special_race: 1",149,УЗ-1,.pdf,AES-256 + RBAC + Аудит
Прочее\Spanish%20course%20B.pdf,"standard_fio: 9, standard_dob: 66, standard_address: 22, payment_cvv: 43",140,УЗ-2,.pdf,AES-256 + RBAC + Аудит
Прочее\Spisok_citiruemosti_NII_Phys.docx,payment_cvv: 783,783,УЗ-2,.docx,AES-256 + RBAC + Аудит
Прочее\Spisok_indiv_dostig.pdf,"standard_fio: 4, payment_cvv: 1",5,УЗ-2,.pdf,AES-256 + RBAC + Аудит
Прочее\Sred_ZPL_Adm_2016.pdf,"standard_fio: 11, standard_dob: 22, standard_address: 1, payment_cvv: 22",56,УЗ-2,.pdf,AES-256 + RBAC + Аудит
Прочее\Structural_division_Report_Form.rtf,"standard_email: 1, payment_cvv: 1",2,УЗ-2,.rtf,AES-256 + RBAC + Аудит
Прочее\Structure_20190114.pdf,"standard_fio: 2, standard_address: 5, payment_cvv: 73",80,УЗ-2,.pdf,AES-256 + RBAC + Аудит
Прочее\Telephone_Directory1.pdf,"standard_email: 38, state_passport: 38, state_inn: 38",114,УЗ-3,.pdf,Контроль доступа + Сверка
Прочее\Tesis_kruglii_stol_1.pdf,standard_fio: 1,1,УЗ-4,.pdf,Контроль доступа + Сверка
Прочее\The_SRC.pdf,"standard_email: 1, payment_cvv: 4",5,УЗ-2,.pdf,AES-256 + RBAC + Аудит
Прочее\Theory%20and%20methodology%20of%20research%20and%20teaching%20in%20hospitality%20industry.pdf,"standard_email: 5, payment_cvv: 2",7,УЗ-2,.pdf,AES-256 + RBAC + Аудит
Прочее\Thesis_kruglii_stol.pdf,"standard_fio: 7, standard_address: 2, payment_cvv: 6",15,УЗ-2,.pdf,AES-256 + RBAC + Аудит
Прочее\Tourism%20development.pdf,"standard_email: 1, payment_cvv: 2",3,УЗ-2,.pdf,AES-256 + RBAC + Аудит
Прочее\Trusted_AI_for_Blockchain.pdf,payment_cvv: 18,18,УЗ-2,.pdf,AES-256 + RBAC + Аудит
Прочее\TsKP_Biotekhnologia_biomeditsina_i_ekologicheskiy_monitoring_Babeshko.pdf,"standard_phone: 1, standard_email: 1, payment_cvv: 1",3,УЗ-2,.pdf,AES-256 + RBAC + Аудит
Прочее\UGC-Form-Annexures.pdf,payment_cvv: 25,25,УЗ-2,.pdf,AES-256 + RBAC + Аудит
Прочее\UGC-Proforma.pdf,"standard_email: 5, standard_dob: 20, state_passport: 1, state_inn: 1, payment_cvv: 57",84,УЗ-2,.pdf,AES-256 + RBAC + Аудит
Прочее\UGC-Public-Self-Disclosure-document.pdf,"standard_email: 12, state_passport: 8, state_inn: 8",28,УЗ-3,.pdf,Контроль доступа + Сверка
Прочее\UKS_Campus_Map_English.pdf,standard_email: 1,1,УЗ-4,.pdf,Контроль доступа + Сверка
Прочее\Ukaz Prezidenta 147_01.04.16.doc,"standard_fio: 51, standard_address: 28, payment_cvv: 11, special_health: 7",97,УЗ-1,.doc,AES-256 + RBAC + Аудит
Прочее\Ukaz Prezidenta 226.rtf,"standard_fio: 61, standard_dob: 2, standard_address: 28, payment_cvv: 17, special_health: 9",117,УЗ-1,.rtf,AES-256 + RBAC + Аудит
Прочее\Ukaz Prezidenta 364_15.06.15.rtf,"standard_fio: 38, payment_cvv: 19, special_health: 3",60,УЗ-1,.rtf,AES-256 + RBAC + Аудит
Прочее\Ukaz Prezidenta 378.pdf,"standard_fio: 77, standard_address: 26, payment_cvv: 9, special_health: 3",115,УЗ-1,.pdf,AES-256 + RBAC + Аудит
Прочее\Ukaz Prezidenta 478_16.08.21.pdf,"standard_fio: 80, standard_address: 45, payment_cvv: 10, special_health: 20",155,УЗ-1,.pdf,AES-256 + RBAC + Аудит
Прочее\Urban_Design.pdf,"standard_fio: 3, payment_cvv: 34",37,УЗ-2,.pdf,AES-256 + RBAC + Аудит
Прочее\VSOCH_2025.pdf,"standard_fio: 147, special_health: 3",150,УЗ-1,.pdf,AES-256 + RBAC + Аудит
Прочее\VUZUFO.doc,"standard_fio: 31, standard_address: 1",32,УЗ-4,.doc,Контроль доступа + Сверка
Прочее\Vistavka_rus-iaz.pdf,standard_address: 1,1,УЗ-4,.pdf,Контроль доступа + Сверка
Прочее\Vtoroe_informatcionnoe_pis`mo_Kongress_2025.pdf,"standard_phone: 2, standard_email: 1, payment_cvv: 4",7,УЗ-2,.pdf,AES-256 + RBAC + Аудит
Прочее\accreditation.pdf,"standard_fio: 2, standard_dob: 3, standard_address: 4, state_passport: 1, state_inn: 1, payment_cvv: 3",14,УЗ-2,.pdf,AES-256 + RBAC + Аудит
Прочее\aerospace_engg_2025.pdf,"standard_email: 1, payment_cvv: 69",70,УЗ-2,.pdf,AES-256 + RBAC + Аудит
Прочее\allied_health_sciences_2025.pdf,"standard_email: 1, payment_cvv: 7",8,УЗ-2,.pdf,AES-256 + RBAC + Аудит
Прочее\anatom_fiziolog.pdf,payment_cvv: 1,1,УЗ-2,.pdf,AES-256 + RBAC + Аудит
Прочее\annot_spec.pdf,"standard_address: 1, special_health: 1",2,УЗ-1,.pdf,AES-256 + RBAC + Аудит
Прочее\ar_1.pdf,"standard_fio: 1, standard_phone: 7, standard_email: 1, standard_dob: 1, standard_address: 5, payment_cvv: 20, special_health: 2",37,УЗ-1,.pdf,AES-256 + RBAC + Аудит
Прочее\arh_komp.pdf,"standard_address: 2, payment_cvv: 2",4,УЗ-2,.pdf,AES-256 + RBAC + Аудит
Прочее\ayd%C4%B1nlatma%20metni%20-%20Copy%202.pdf,"standard_email: 4, standard_dob: 9, payment_cvv: 8",21,УЗ-2,.pdf,AES-256 + RBAC + Аудит
Прочее\besp_s.pdf,"standard_dob: 1, standard_address: 7, payment_cvv: 22",30,УЗ-2,.pdf,AES-256 + RBAC + Аудит
Прочее\bezop_komp.pdf,"standard_fio: 1, payment_cvv: 6, special_health: 1",8,УЗ-1,.pdf,AES-256 + RBAC + Аудит
Прочее\bio.pdf,"standard_address: 3, special_health: 4",7,УЗ-1,.pdf,AES-256 + RBAC + Аудит
Прочее\bio_him_obr.pdf,"standard_address: 3, payment_cvv: 3, special_health: 2",8,УЗ-1,.pdf,AES-256 + RBAC + Аудит
Прочее\bio_ino.pdf,"standard_address: 3, special_health: 4",7,УЗ-1,.pdf,AES-256 + RBAC + Аудит
Прочее\bpharma_2025.pdf,"standard_email: 1, payment_cvv: 5",6,УЗ-2,.pdf,AES-256 + RBAC + Аудит
Прочее\bpt_2025.pdf,"standard_email: 1, payment_cvv: 6",7,УЗ-2,.pdf,AES-256 + RBAC + Аудит
Прочее\bsc_msc_nursing_2025.pdf,"standard_email: 1, standard_dob: 1, payment_cvv: 5",7,УЗ-2,.pdf,AES-256 + RBAC + Аудит
Прочее\c50dea3311d9c12cf6e941d47f574300.pdf,"standard_fio: 3, standard_address: 20, payment_cvv: 6, special_health: 1",30,УЗ-1,.pdf,AES-256 + RBAC + Аудит
Прочее\cher.pdf,"standard_address: 3, payment_cvv: 12",15,УЗ-2,.pdf,AES-256 + RBAC + Аудит
Прочее\chislen0603.pdf,"standard_phone: 5, state_passport: 1, payment_cvv: 76",82,УЗ-2,.pdf,AES-256 + RBAC + Аудит
Прочее\confl25.pdf,"standard_fio: 6, standard_phone: 2, standard_email: 2, standard_address: 3, payment_cvv: 8, special_health: 1",22,УЗ-1,.pdf,AES-256 + RBAC + Аудит
Прочее\contests.pdf,payment_cvv: 2,2,УЗ-2,.pdf,AES-256 + RBAC + Аудит
Прочее\copy_of_shortlist-of-recommended-courses-2022-2023-21-09-2022.pdf,payment_cvv: 1,1,УЗ-2,.pdf,AES-256 + RBAC + Аудит
Прочее\cpgz2j07avd690b8sv0s21rxpuypsq9t.pdf,"standard_fio: 12, standard_dob: 7, standard_address: 29, payment_cvv: 61",109,УЗ-2,.pdf,AES-256 + RBAC + Аудит
Прочее\d1e7a0684a9e51c599fb223264e96189.pdf,"standard_fio: 5, standard_email: 1, standard_dob: 2, standard_address: 6, payment_cvv: 6",20,УЗ-2,.pdf,AES-256 + RBAC + Аудит
Прочее\diz_komp.pdf,"standard_address: 3, payment_cvv: 11, special_health: 2",16,УЗ-1,.pdf,AES-256 + RBAC + Аудит
Прочее\do-market-commentary-global-disclosure.pdf,"standard_email: 1, payment_cvv: 8",9,УЗ-2,.pdf,AES-256 + RBAC + Аудит
Прочее\dsu-symposium-2024.pdf,"standard_email: 1, standard_dob: 5, payment_cvv: 3",9,УЗ-2,.pdf,AES-256 + RBAC + Аудит
Прочее\e341c346955f24a09fba0a84d37a870a.pdf,"standard_fio: 3, standard_address: 20, payment_cvv: 6, special_health: 1",30,УЗ-1,.pdf,AES-256 + RBAC + Аудит
Прочее\ece_2025.pdf,"standard_email: 1, payment_cvv: 9",10,УЗ-2,.pdf,AES-256 + RBAC + Аудит
Прочее\edvr4ufwv5zh72zrpiplz60e2rtwethf.pdf,"standard_fio: 13, standard_dob: 5, standard_address: 24, payment_cvv: 29",71,УЗ-2,.pdf,AES-256 + RBAC + Аудит
Прочее\eko_geo.pdf,"standard_fio: 4, standard_address: 11, payment_cvv: 22, special_health: 2",39,УЗ-1,.pdf,AES-256 + RBAC + Аудит
Прочее\eko_mon.pdf,"standard_fio: 2, standard_address: 18, payment_cvv: 51, special_health: 1",72,УЗ-1,.pdf,AES-256 + RBAC + Аудит
Прочее\eko_str.pdf,"standard_fio: 1, standard_address: 15, payment_cvv: 24, special_health: 2",42,УЗ-1,.pdf,AES-256 + RBAC + Аудит
Прочее\ekol_prirod.pdf,"standard_fio: 1, standard_dob: 1, standard_address: 5, payment_cvv: 33, special_health: 4",44,УЗ-1,.pdf,AES-256 + RBAC + Аудит
Прочее\emir-frandt-disclosure.pdf,"standard_email: 2, payment_cvv: 1",3,УЗ-2,.pdf,AES-256 + RBAC + Аудит
Прочее\emir-frandt-request-for-proposal.pdf,"standard_email: 3, payment_cvv: 2",5,УЗ-2,.pdf,AES-256 + RBAC + Аудит
Прочее\ergo.pdf,"standard_fio: 3, standard_address: 4, payment_cvv: 23, special_health: 1",31,УЗ-1,.pdf,AES-256 + RBAC + Аудит
Прочее\f1m24swvehna3obtnn9xofw2bff4emsq.pdf,"standard_dob: 1, standard_address: 1, payment_cvv: 20",22,УЗ-2,.pdf,AES-256 + RBAC + Аудит
Прочее\f985xk95uk352rnl7d2guv812ndifv14.pdf,"standard_fio: 8, standard_address: 26, payment_cvv: 25",59,УЗ-2,.pdf,AES-256 + RBAC + Аудит
Прочее\fb66cb01477a968bfe786611fb0eea9b.pdf,"standard_fio: 5, standard_address: 21, payment_cvv: 8, special_health: 1",35,УЗ-1,.pdf,AES-256 + RBAC + Аудит
Прочее\fin_teh.pdf,"standard_fio: 1, standard_address: 4, payment_cvv: 19, special_health: 8",32,УЗ-1,.pdf,AES-256 + RBAC + Аудит
Прочее\fis_podg_ino.pdf,"standard_dob: 5, standard_address: 5, payment_cvv: 13",23,УЗ-2,.pdf,AES-256 + RBAC + Аудит
Прочее\fk.pdf,"standard_fio: 8, standard_dob: 5, standard_address: 9, payment_cvv: 12",34,УЗ-2,.pdf,AES-256 + RBAC + Аудит
Прочее\formo.rtf,"standard_email: 1, payment_cvv: 1",2,УЗ-2,.rtf,AES-256 + RBAC + Аудит
Прочее\formulario_inscripcion_dele_2022.pdf,"standard_email: 5, payment_cvv: 2",7,УЗ-2,.pdf,AES-256 + RBAC + Аудит
Прочее\gender_equality_plan.pdf,"standard_dob: 4, payment_cvv: 28",32,УЗ-2,.pdf,AES-256 + RBAC + Аудит
Прочее\geo.pdf,"standard_fio: 2, standard_address: 9, payment_cvv: 23, special_health: 2",36,УЗ-1,.pdf,AES-256 + RBAC + Аудит
Прочее\geo_inf.pdf,"standard_fio: 1, standard_dob: 5, standard_address: 4, payment_cvv: 17, special_health: 1",28,УЗ-1,.pdf,AES-256 + RBAC + Аудит
Прочее\geo_ino.pdf,"standard_fio: 2, standard_address: 9, payment_cvv: 23, special_health: 2",36,УЗ-1,.pdf,AES-256 + RBAC + Аудит
Прочее\geolog.pdf,"standard_fio: 1, standard_address: 13, payment_cvv: 11, special_health: 1",26,УЗ-1,.pdf,AES-256 + RBAC + Аудит
Прочее\gidrolog.pdf,"standard_fio: 1, standard_address: 6, payment_cvv: 10, special_health: 3",20,УЗ-1,.pdf,AES-256 + RBAC + Аудит
Прочее\gk6wsflsno7xkvnynehy33ugy7n098ue.pdf,"standard_fio: 7, standard_address: 27, payment_cvv: 41",75,УЗ-2,.pdf,AES-256 + RBAC + Аудит
Прочее\gl_VII_exam_P120-OD_reglament_PK.pdf,"standard_fio: 1, standard_dob: 1, payment_cvv: 1",3,УЗ-2,.pdf,AES-256 + RBAC + Аудит
Прочее\gl_VI_P120-OD_reglament_PK.pdf,"standard_fio: 1, standard_dob: 1, standard_address: 1, payment_cvv: 1",4,УЗ-2,.pdf,AES-256 + RBAC + Аудит
Прочее\gl_V_exam_P120-OD_reglament_PK.pdf,"standard_fio: 1, standard_dob: 1, standard_address: 3, payment_cvv: 2",7,УЗ-2,.pdf,AES-256 + RBAC + Аудит
Прочее\google_privacy_policy_en_eu.pdf,payment_cvv: 4,4,УЗ-2,.pdf,AES-256 + RBAC + Аудит
Прочее\google_terms_of_service_en_eu.pdf,"standard_email: 2, state_passport: 3, payment_cvv: 54",59,УЗ-2,.pdf,AES-256 + RBAC + Аудит
Прочее\google_terms_of_service_nl_eu.pdf,"standard_email: 2, state_passport: 3, payment_cvv: 54",59,УЗ-2,.pdf,AES-256 + RBAC + Аудит
Прочее\goslicense.pdf,"standard_fio: 6, standard_dob: 3, standard_address: 5, state_inn: 4, payment_cvv: 1",19,УЗ-2,.pdf,AES-256 + RBAC + Аудит
Прочее\graf.pdf,"standard_address: 3, payment_cvv: 12",15,УЗ-2,.pdf,AES-256 + RBAC + Аудит
Прочее\himiya.pdf,standard_address: 6,6,УЗ-4,.pdf,Контроль доступа + Сверка
Прочее\himiya_ino.pdf,standard_address: 7,7,УЗ-4,.pdf,Контроль доступа + Сверка
Прочее\hud_of.pdf,"standard_address: 3, payment_cvv: 3, special_health: 1",7,УЗ-1,.pdf,AES-256 + RBAC + Аудит
Прочее\ichki_tartib_qoidalar_2024.pdf,payment_cvv: 5,5,УЗ-2,.pdf,AES-256 + RBAC + Аудит
Прочее\incidents.json,"standard_phone: 24, standard_email: 4, payment_account: 22, payment_cvv: 67",117,УЗ-2,.json,AES-256 + RBAC + Аудит
Прочее\inf_teh.pdf,standard_fio: 1,1,УЗ-4,.pdf,Контроль доступа + Сверка
Прочее\informatika.pdf,"standard_fio: 2, standard_dob: 2, standard_address: 4, state_passport: 1, state_inn: 1, payment_cvv: 9, special_health: 4",23,УЗ-1,.pdf,AES-256 + RBAC + Аудит
Прочее\ingak_description.pdf,"standard_fio: 2, standard_email: 1, standard_dob: 2, standard_address: 4, payment_cvv: 18",27,УЗ-2,.pdf,AES-256 + RBAC + Аудит
Прочее\instr_PNO.pdf,payment_cvv: 3,3,УЗ-2,.pdf,AES-256 + RBAC + Аудит
Прочее\ipa2014%20(1).docx,standard_address: 14,14,УЗ-4,.docx,Контроль доступа + Сверка
Прочее\isk_int.pdf,"standard_fio: 3, standard_dob: 3, standard_address: 2, payment_cvv: 15, special_health: 11",34,УЗ-1,.pdf,AES-256 + RBAC + Аудит
Прочее\ist_arh.pdf,"standard_fio: 16, standard_address: 28, payment_cvv: 6, special_health: 11, special_religion: 15",76,УЗ-1,.pdf,AES-256 + RBAC + Аудит
Прочее\ist_isk.pdf,"standard_fio: 3, standard_address: 28, payment_cvv: 3, special_health: 10",44,УЗ-1,.pdf,AES-256 + RBAC + Аудит
Прочее\ist_soc_rab.pdf,"standard_fio: 2, standard_address: 19, payment_cvv: 5",26,УЗ-2,.pdf,AES-256 + RBAC + Аудит
Прочее\it_resh.pdf,"standard_fio: 8, standard_dob: 1, payment_cvv: 26, special_health: 11",46,УЗ-1,.pdf,AES-256 + RBAC + Аудит
Прочее\izo.pdf,"standard_address: 8, payment_cvv: 5",13,УЗ-2,.pdf,AES-256 + RBAC + Аудит
Прочее\izveshenie-015.pdf,standard_address: 2,2,УЗ-4,.pdf,Контроль доступа + Сверка
Прочее\izveshenie_013.pdf,standard_address: 1,1,УЗ-4,.pdf,Контроль доступа + Сверка
Прочее\izveshenie_014.pdf,"standard_fio: 2, standard_address: 1",3,УЗ-4,.pdf,Контроль доступа + Сверка
Прочее\kol_vo_m.pdf,standard_address: 7,7,УЗ-4,.pdf,Контроль доступа + Сверка
Прочее\kol_vo_m_ino_dop.pdf,standard_address: 11,11,УЗ-4,.pdf,Контроль доступа + Сверка
Прочее\komp_teh.pdf,standard_fio: 1,1,УЗ-4,.pdf,Контроль доступа + Сверка
Прочее\lit_ino.pdf,"standard_fio: 1, standard_address: 6, payment_cvv: 2",9,УЗ-2,.pdf,AES-256 + RBAC + Аудит
Прочее\lodz-university-of-technology-on-the-path-of-sustainable-development_0.pdf,payment_cvv: 40,40,УЗ-2,.pdf,AES-256 + RBAC + Аудит
Прочее\m_lit.pdf,"standard_fio: 1, payment_cvv: 5",6,УЗ-2,.pdf,AES-256 + RBAC + Аудит
Прочее\mash_ob.pdf,"standard_fio: 2, standard_dob: 3, standard_address: 2, payment_cvv: 18, special_health: 10",35,УЗ-1,.pdf,AES-256 + RBAC + Аудит
Прочее\mat_mod.pdf,"standard_fio: 1, standard_address: 9, payment_cvv: 36, special_health: 2, special_race: 1",49,УЗ-1,.pdf,AES-256 + RBAC + Аудит
Прочее\matematika.pdf,"standard_address: 6, payment_cvv: 4, special_health: 2",12,УЗ-1,.pdf,AES-256 + RBAC + Аудит
Прочее\matematika_ino.pdf,"standard_address: 4, payment_cvv: 3, special_health: 2",9,УЗ-1,.pdf,AES-256 + RBAC + Аудит
Прочее\mc201109.pdf,"standard_email: 12, standard_dob: 21, standard_address: 5, payment_cvv: 397, special_health: 1",436,УЗ-1,.pdf,AES-256 + RBAC + Аудит
Прочее\mc201205.pdf,"standard_phone: 1, standard_email: 11, standard_dob: 11, standard_address: 8, payment_cvv: 311, special_health: 2",344,УЗ-1,.pdf,AES-256 + RBAC + Аудит
Прочее\mc201308.pdf,"standard_email: 23, standard_dob: 16, standard_address: 2, payment_cvv: 510, special_health: 4",555,УЗ-1,.pdf,AES-256 + RBAC + Аудит
Прочее\mechanical_engg_2025.pdf,"standard_email: 1, payment_cvv: 8",9,УЗ-2,.pdf,AES-256 + RBAC + Аудит
Прочее\meteorolog.pdf,"standard_fio: 1, standard_address: 3, payment_cvv: 7, special_health: 3",14,УЗ-1,.pdf,AES-256 + RBAC + Аудит
Прочее\metod_prof.pdf,"standard_address: 8, payment_cvv: 6, special_health: 2",16,УЗ-1,.pdf,AES-256 + RBAC + Аудит
Прочее\metod_r.pdf,"standard_fio: 5, standard_phone: 1, standard_email: 1, standard_dob: 32, standard_address: 2, payment_cvv: 17",58,УЗ-2,.pdf,AES-256 + RBAC + Аудит
Прочее\mpharma_2025.pdf,"standard_email: 1, payment_cvv: 6",7,УЗ-2,.pdf,AES-256 + RBAC + Аудит
Прочее\mpt_2025.pdf,"standard_email: 1, payment_cvv: 6",7,УЗ-2,.pdf,AES-256 + RBAC + Аудит
Прочее\mtech_2025.pdf,"standard_email: 1, payment_cvv: 5",6,УЗ-2,.pdf,AES-256 + RBAC + Аудит
Прочее\ni_grant.pdf,"standard_fio: 4, standard_dob: 2, standard_address: 3, payment_cvv: 6, special_health: 2",17,УЗ-1,.pdf,AES-256 + RBAC + Аудит
Прочее\obrab_inf.pdf,"standard_fio: 4, standard_address: 2, payment_cvv: 13",19,УЗ-2,.pdf,AES-256 + RBAC + Аудит
Прочее\obsh.pdf,"standard_fio: 2, standard_dob: 1, standard_address: 5, payment_cvv: 2, special_race: 1",11,УЗ-1,.pdf,AES-256 + RBAC + Аудит
Прочее\obsh_e.pdf,"standard_address: 1, payment_cvv: 1, special_health: 4",6,УЗ-1,.pdf,AES-256 + RBAC + Аудит
Прочее\osn_alg.pdf,"payment_cvv: 7, special_health: 7",14,УЗ-1,.pdf,AES-256 + RBAC + Аудит
Прочее\osn_bio.pdf,"standard_address: 3, payment_cvv: 13, special_health: 4",20,УЗ-1,.pdf,AES-256 + RBAC + Аудит
Прочее\osn_el.pdf,"standard_address: 5, payment_cvv: 17, special_health: 9",31,УЗ-1,.pdf,AES-256 + RBAC + Аудит
Прочее\osn_geo_obr.pdf,"standard_fio: 3, standard_address: 10, payment_cvv: 23, special_health: 2",38,УЗ-1,.pdf,AES-256 + RBAC + Аудит
Прочее\osn_hud_d.pdf,"standard_address: 3, payment_cvv: 2, special_health: 1",6,УЗ-1,.pdf,AES-256 + RBAC + Аудит
Прочее\osn_mat_obr.pdf,"standard_fio: 6, standard_address: 3, payment_cvv: 4, special_health: 2",15,УЗ-1,.pdf,AES-256 + RBAC + Аудит
Прочее\osn_serv.pdf,"standard_fio: 3, standard_address: 9, payment_cvv: 13, special_health: 3",28,УЗ-1,.pdf,AES-256 + RBAC + Аудит
Прочее\osn_soc_ped.pdf,"standard_fio: 1, standard_dob: 2, standard_address: 9, payment_cvv: 8",20,УЗ-2,.pdf,AES-256 + RBAC + Аудит
Прочее\osn_soc_rab.pdf,"standard_address: 12, payment_cvv: 22, special_health: 1",35,УЗ-1,.pdf,AES-256 + RBAC + Аудит
Прочее\osn_turism.pdf,"standard_address: 5, payment_cvv: 12, special_health: 1",18,УЗ-1,.pdf,AES-256 + RBAC + Аудит
Прочее\osob_prava.pdf,"standard_fio: 1, standard_address: 1, payment_cvv: 11",13,УЗ-2,.pdf,AES-256 + RBAC + Аудит
Прочее\otbor_k.pdf,"standard_fio: 60, standard_phone: 71, standard_email: 110, standard_address: 2, state_passport: 2, state_inn: 2, payment_cvv: 107",354,УЗ-2,.pdf,AES-256 + RBAC + Аудит
Прочее\p805_2021.pdf,"standard_dob: 4, standard_address: 1, payment_cvv: 3",8,УЗ-2,.pdf,AES-256 + RBAC + Аудит
Прочее\pamyatka.pdf,"standard_fio: 1, standard_phone: 2, standard_email: 1, payment_cvv: 6",10,УЗ-2,.pdf,AES-256 + RBAC + Аудит
Прочее\ped_d.pdf,"standard_address: 2, payment_cvv: 5, special_health: 4",11,УЗ-1,.pdf,AES-256 + RBAC + Аудит
Прочее\ped_doshk.pdf,"standard_fio: 1, standard_dob: 3, standard_address: 7, payment_cvv: 7, special_health: 1",19,УЗ-1,.pdf,AES-256 + RBAC + Аудит
Прочее\ped_nach.pdf,"standard_address: 13, payment_cvv: 1, special_health: 6",20,УЗ-1,.pdf,AES-256 + RBAC + Аудит
Прочее\pedagogika.pdf,"standard_fio: 1, standard_dob: 1, standard_address: 5, payment_cvv: 7, special_health: 1",15,УЗ-1,.pdf,AES-256 + RBAC + Аудит
Прочее\pfhd_2023_01.pdf,"standard_phone: 1, standard_dob: 2, standard_address: 8, state_passport: 1, state_inn: 1, payment_cvv: 469",482,УЗ-2,.pdf,AES-256 + RBAC + Аудит
Прочее\pfhd_2023_02.pdf,"standard_phone: 1, standard_dob: 2, standard_address: 8, state_passport: 1, state_inn: 1, payment_cvv: 471",484,УЗ-2,.pdf,AES-256 + RBAC + Аудит
Прочее\pfhd_2024.pdf,"standard_phone: 1, standard_dob: 2, standard_address: 8, state_passport: 1, state_inn: 1, payment_cvv: 437",450,УЗ-2,.pdf,AES-256 + RBAC + Аудит
Прочее\pfhd_2024_01.pdf,"standard_phone: 1, standard_dob: 2, standard_address: 8, state_passport: 1, state_inn: 1, payment_cvv: 459",472,УЗ-2,.pdf,AES-256 + RBAC + Аудит
Прочее\pfhd_2024_02.pdf,"standard_phone: 1, standard_dob: 2, standard_address: 8, state_passport: 1, state_inn: 1, payment_cvv: 463",476,УЗ-2,.pdf,AES-256 + RBAC + Аудит
Прочее\pfhd_2025.pdf,"standard_phone: 1, standard_dob: 2, standard_address: 8, state_passport: 1, state_inn: 1, payment_cvv: 435",448,УЗ-2,.pdf,AES-256 + RBAC + Аудит
Прочее\pfhd_2025_01.pdf,"standard_phone: 1, standard_dob: 2, standard_address: 8, state_passport: 1, state_inn: 1, payment_cvv: 464",477,УЗ-2,.pdf,AES-256 + RBAC + Аудит
Прочее\pfhd_2025_02.pdf,"standard_phone: 1, standard_dob: 2, standard_address: 8, state_passport: 1, state_inn: 1, payment_cvv: 475",488,УЗ-2,.pdf,AES-256 + RBAC + Аудит
Прочее\ph.pdf,"standard_address: 7, payment_cvv: 1",8,УЗ-2,.pdf,AES-256 + RBAC + Аудит
Прочее\ph_ino.pdf,"standard_address: 7, payment_cvv: 1",8,УЗ-2,.pdf,AES-256 + RBAC + Аудит
Прочее\pharm_d_2025.pdf,"standard_email: 1, payment_cvv: 5",6,УЗ-2,.pdf,AES-256 + RBAC + Аудит
Прочее\physical%20Culture%20and%20sport.pdf,"standard_email: 1, payment_cvv: 7",8,УЗ-2,.pdf,AES-256 + RBAC + Аудит
Прочее\plan-meropriyatij-bgtu-k-80-letiyu-osvobozhdeniya.pdf,"standard_fio: 1, standard_address: 2",3,УЗ-4,.pdf,Контроль доступа + Сверка
Прочее\politika-obrabotki-dannyh-tassru.docx,"standard_email: 1, standard_dob: 45, standard_address: 3, payment_cvv: 79, special_health: 3",131,УЗ-1,.docx,AES-256 + RBAC + Аудит
Прочее\polozhenie-po-okazaniyu-situaczionnoj-pomoshhi-invalidam.pdf,"standard_address: 4, special_health: 3",7,УЗ-1,.pdf,AES-256 + RBAC + Аудит
Прочее\polozhenie_econom.pdf,"standard_dob: 1, standard_address: 4, payment_cvv: 2, special_health: 1",8,УЗ-1,.pdf,AES-256 + RBAC + Аудит
Прочее\polozhenie_o_thesis_2024.pdf,"standard_fio: 2, standard_dob: 2, standard_address: 2, payment_cvv: 12, special_health: 12",30,УЗ-1,.pdf,AES-256 + RBAC + Аудит
Прочее\poriadok_otbora.pdf,standard_address: 1,1,УЗ-4,.pdf,Контроль доступа + Сверка
Прочее\poryadok asp 1259.docx,payment_cvv: 2,2,УЗ-2,.docx,AES-256 + RBAC + Аудит
Прочее\posih.pdf,"standard_fio: 2, standard_address: 1, special_health: 1",4,УЗ-1,.pdf,AES-256 + RBAC + Аудит
Прочее\pp-bsm.pdf,"standard_fio: 32, standard_dob: 11, standard_address: 18, payment_cvv: 92, special_health: 6",159,УЗ-1,.pdf,AES-256 + RBAC + Аудит
Прочее\pr.doc,"standard_fio: 2, standard_address: 3, payment_cvv: 1",6,УЗ-2,.doc,AES-256 + RBAC + Аудит
Прочее\pr10_15092012.pdf,"standard_email: 1, payment_cvv: 2",3,УЗ-2,.pdf,AES-256 + RBAC + Аудит
Прочее\pr5_25102012.pdf,payment_cvv: 1,1,УЗ-2,.pdf,AES-256 + RBAC + Аудит
Прочее\pr6_09022013.pdf,payment_cvv: 2,2,УЗ-2,.pdf,AES-256 + RBAC + Аудит
Прочее\pr7.pdf,payment_cvv: 1,1,УЗ-2,.pdf,AES-256 + RBAC + Аудит
Прочее\pr8_19042013.pdf,payment_cvv: 1,1,УЗ-2,.pdf,AES-256 + RBAC + Аудит
Прочее\pravila-vnutrennego-trudovogo-rasporyadka-bgtu.pdf,"standard_fio: 6, standard_dob: 4, standard_address: 5, payment_cvv: 13, special_health: 1",29,УЗ-1,.pdf,AES-256 + RBAC + Аудит
Прочее\pravila_priema_v_bakalavriat_spetsialitet_bazov_vo_magistraturu_spets_vo_na_2025-26.pdf,"standard_fio: 24, standard_dob: 10, standard_address: 1, payment_cvv: 105, special_health: 6",146,УЗ-1,.pdf,AES-256 + RBAC + Аудит
Прочее\price-2025.pdf,"standard_fio: 3, standard_phone: 2, standard_email: 1, payment_cvv: 33",39,УЗ-2,.pdf,AES-256 + RBAC + Аудит
Прочее\prikaz_N_1010_1_ot_20.11.2018_.pdf,standard_dob: 22,22,УЗ-4,.pdf,Контроль доступа + Сверка
Прочее\prikaz_N_1022_ot_21.11.2018_.pdf,standard_dob: 14,14,УЗ-4,.pdf,Контроль доступа + Сверка
Прочее\prikaz_N_675_ot_30.08.2018_.pdf,"standard_dob: 26, payment_cvv: 13",39,УЗ-2,.pdf,AES-256 + RBAC + Аудит
Прочее\prikl_mat.pdf,"standard_address: 5, payment_cvv: 30, special_health: 1",36,УЗ-1,.pdf,AES-256 + RBAC + Аудит
Прочее\procedures-and-policies-for-maintenance.pdf,payment_cvv: 2,2,УЗ-2,.pdf,AES-256 + RBAC + Аудит
Прочее\processing__agreement.pdf,"standard_fio: 22, standard_phone: 2, standard_email: 1, standard_dob: 50, standard_address: 17, state_passport: 1, state_inn: 1, payment_cvv: 79, special_health: 2",175,УЗ-1,.pdf,AES-256 + RBAC + Аудит
Прочее\program.pdf,"standard_fio: 4, standard_address: 2, payment_cvv: 8, special_health: 10",24,УЗ-1,.pdf,AES-256 + RBAC + Аудит
Прочее\protokol_21.pdf,"standard_fio: 21, standard_phone: 1, standard_email: 1, standard_address: 2, payment_cvv: 2",27,УЗ-2,.pdf,AES-256 + RBAC + Аудит
Прочее\protokol_25.pdf,"standard_fio: 18, standard_phone: 1, standard_email: 1, standard_address: 2, payment_cvv: 1",23,УЗ-2,.pdf,AES-256 + RBAC + Аудит
Прочее\psih_obr.pdf,"standard_address: 8, payment_cvv: 16, special_health: 2",26,УЗ-1,.pdf,AES-256 + RBAC + Аудит
Прочее\rasp1426-p_20140814.pdf,"standard_fio: 15, standard_dob: 1, standard_address: 2, payment_cvv: 112, special_health: 9",139,УЗ-1,.pdf,AES-256 + RBAC + Аудит
Прочее\rasp167H_20130426.pdf,"standard_fio: 7, standard_dob: 3, standard_address: 3, payment_cvv: 1",14,УЗ-2,.pdf,AES-256 + RBAC + Аудит
Прочее\rasp2190-p_20121126.pdf,"standard_fio: 83, standard_address: 28, payment_cvv: 232, special_health: 5",348,УЗ-1,.pdf,AES-256 + RBAC + Аудит
Прочее\rasp504_20130930.pdf,"standard_fio: 2, standard_dob: 1, standard_address: 4, payment_cvv: 17, special_health: 8",32,УЗ-1,.pdf,AES-256 + RBAC + Аудит
Прочее\rasp722-p_20140430.pdf,"standard_fio: 12, standard_phone: 1, standard_address: 7, payment_cvv: 29, special_health: 1",50,УЗ-1,.pdf,AES-256 + RBAC + Аудит
Прочее\rasp_dop_mag.pdf,"standard_fio: 1, standard_dob: 73",74,УЗ-4,.pdf,Контроль доступа + Сверка
Прочее\rasp_prezRF.pdf,"standard_fio: 4, payment_cvv: 1",5,УЗ-2,.pdf,AES-256 + RBAC + Аудит
Прочее\report_07112022.pdf,"standard_fio: 11, standard_dob: 5, standard_address: 10, payment_cvv: 54, special_health: 14",94,УЗ-1,.pdf,AES-256 + RBAC + Аудит
Прочее\requisites.pdf,"standard_fio: 5, standard_phone: 6, standard_email: 1, standard_dob: 1, standard_address: 9, state_passport: 5, state_inn: 5, payment_account: 5, payment_bik: 5, payment_cvv: 10",52,УЗ-2,.pdf,AES-256 + RBAC + Аудит
Прочее\ris.pdf,"standard_address: 2, payment_cvv: 3",5,УЗ-2,.pdf,AES-256 + RBAC + Аудит
Прочее\ris_cher.pdf,"standard_address: 3, payment_cvv: 15",18,УЗ-2,.pdf,AES-256 + RBAC + Аудит
Прочее\ris_zhiv.pdf,"standard_address: 7, payment_cvv: 7, special_health: 3",17,УЗ-1,.pdf,AES-256 + RBAC + Аудит
Прочее\rp23-11-2006-N1616-p.pdf,"standard_fio: 6, standard_address: 12, payment_cvv: 1",19,УЗ-2,.pdf,AES-256 + RBAC + Аудит
Прочее\rules_01_2025.pdf,"standard_fio: 7, standard_address: 7, payment_cvv: 98, special_health: 6",118,УЗ-1,.pdf,AES-256 + RBAC + Аудит
Прочее\ry_ino.pdf,"standard_fio: 2, payment_cvv: 8",10,УЗ-2,.pdf,AES-256 + RBAC + Аудит
Прочее\samoobsled_2024.pdf,"standard_fio: 17, standard_phone: 1, standard_dob: 4, standard_address: 58, state_snils: 1, payment_cvv: 389, special_health: 32, special_race: 1",503,УЗ-1,.pdf,AES-256 + RBAC + Аудит
Прочее\scientific%20journal.doc,payment_cvv: 20,20,УЗ-2,.doc,AES-256 + RBAC + Аудит
Прочее\social2023.pdf,"standard_dob: 2, payment_cvv: 45",47,УЗ-2,.pdf,AES-256 + RBAC + Аудит
Прочее\social2024.pdf,"standard_dob: 2, payment_cvv: 67",69,УЗ-2,.pdf,AES-256 + RBAC + Аудит
Прочее\soglasie_leadplan.pdf,"standard_fio: 1, standard_email: 3, standard_dob: 5, standard_address: 3, state_passport: 2, state_inn: 2, payment_cvv: 7",23,УЗ-2,.pdf,AES-256 + RBAC + Аудит
Прочее\spec_him.pdf,"standard_address: 1, payment_cvv: 1, special_health: 1",3,УЗ-1,.pdf,AES-256 + RBAC + Аудит
Прочее\spec_ped.pdf,"standard_address: 11, payment_cvv: 5, special_health: 3",19,УЗ-1,.pdf,AES-256 + RBAC + Аудит
Прочее\spisok_shablon.docx,standard_fio: 1,1,УЗ-4,.docx,Контроль доступа + Сверка
Прочее\sport_podg_ino.pdf,"standard_dob: 5, standard_address: 4, payment_cvv: 13",22,УЗ-2,.pdf,AES-256 + RBAC + Аудит
Прочее\sport_sover.pdf,"standard_fio: 6, standard_dob: 5, standard_address: 8, payment_cvv: 16",35,УЗ-2,.pdf,AES-256 + RBAC + Аудит
Прочее\sred_zp_adm_2017.pdf,"standard_fio: 11, payment_cvv: 22",33,УЗ-2,.pdf,AES-256 + RBAC + Аудит
Прочее\standing order about Scientific research institute  of Physics.pdf,"standard_address: 2, payment_cvv: 52, special_health: 10",64,УЗ-1,.pdf,AES-256 + RBAC + Аудит
Прочее\stranoved.pdf,"standard_fio: 2, standard_address: 10, payment_cvv: 23, special_health: 2",37,УЗ-1,.pdf,AES-256 + RBAC + Аудит
Прочее\sved_dohod_2023.pdf,"standard_fio: 12, standard_phone: 1, standard_email: 1, standard_dob: 1, state_passport: 1, state_inn: 1, payment_cvv: 24",41,УЗ-2,.pdf,AES-256 + RBAC + Аудит
Прочее\sved_o_d_f_g_2014.docx,standard_address: 6,6,УЗ-4,.docx,Контроль доступа + Сверка
Прочее\sved_o_d_f_k_2014.docx,"standard_fio: 1, standard_address: 2",3,УЗ-4,.docx,Контроль доступа + Сверка
Прочее\sved_o_d_f_m_2014.docx,"standard_fio: 3, standard_address: 6",9,УЗ-4,.docx,Контроль доступа + Сверка
Прочее\sved_o_d_f_n_2014.doc,"standard_fio: 3, standard_address: 6",9,УЗ-4,.doc,Контроль доступа + Сверка
Прочее\sved_o_d_f_u_2014.docx,standard_address: 1,1,УЗ-4,.docx,Контроль доступа + Сверка
Прочее\sved_o_d_f_v_2014.doc,"standard_fio: 2, standard_dob: 2, standard_address: 2, payment_cvv: 4",10,УЗ-2,.doc,AES-256 + RBAC + Аудит
Прочее\sved_o_d_r_2012-2014.docx,standard_address: 3,3,УЗ-4,.docx,Контроль доступа + Сверка
Прочее\teacher_instruction_new.pdf,"standard_phone: 1, standard_email: 1, payment_cvv: 2",4,УЗ-2,.pdf,AES-256 + RBAC + Аудит
Прочее\tehn_int.pdf,"standard_fio: 1, standard_dob: 3, standard_address: 4, payment_cvv: 15, special_health: 3",26,УЗ-1,.pdf,AES-256 + RBAC + Аудит
Прочее\tehn_int_d.pdf,"standard_address: 1, payment_cvv: 2, special_health: 1",4,УЗ-1,.pdf,AES-256 + RBAC + Аудит
Прочее\teor_osn.pdf,"standard_fio: 6, standard_address: 12, payment_cvv: 12, special_health: 15",45,УЗ-1,.pdf,AES-256 + RBAC + Аудит
Прочее\u_konsor.doc,"standard_fio: 30, standard_email: 64, standard_address: 27, payment_cvv: 93",214,УЗ-2,.doc,AES-256 + RBAC + Аудит
Прочее\ujj532ypug9ufeambtzkzh6kfdqoa6yp.pdf,standard_address: 2,2,УЗ-4,.pdf,Контроль доступа + Сверка
Прочее\ukaz597_20120507.pdf,"standard_fio: 8, standard_address: 14, payment_cvv: 6",28,УЗ-2,.pdf,AES-256 + RBAC + Аудит
Прочее\umn_gor.pdf,"standard_fio: 5, standard_address: 10, payment_cvv: 49, special_health: 16",80,УЗ-1,.pdf,AES-256 + RBAC + Аудит
Прочее\upr_izm.pdf,"standard_address: 3, payment_cvv: 23, special_health: 14",40,УЗ-1,.pdf,AES-256 + RBAC + Аудит
Прочее\upr_kiber.pdf,"standard_fio: 1, standard_address: 4, payment_cvv: 17, special_health: 11",33,УЗ-1,.pdf,AES-256 + RBAC + Аудит
Прочее\upr_pr.pdf,"payment_cvv: 8, special_health: 13",21,УЗ-1,.pdf,AES-256 + RBAC + Аудит
Прочее\upr_proc.pdf,"standard_fio: 5, standard_address: 10, payment_cvv: 49, special_health: 16",80,УЗ-1,.pdf,AES-256 + RBAC + Аудит
Прочее\user_registration_in_EBS_Lan.docx,standard_email: 2,2,УЗ-4,.docx,Контроль доступа + Сверка
Прочее\v-profsoyuz-rabotnika-yufu2024.doc,"standard_fio: 2, standard_dob: 2, standard_address: 2, payment_cvv: 4",10,УЗ-2,.doc,AES-256 + RBAC + Аудит
Прочее\vesna_fizfak.docx,standard_fio: 1,1,УЗ-4,.docx,Контроль доступа + Сверка
Прочее\vozr_psih.pdf,"standard_address: 6, payment_cvv: 23, special_health: 2",31,УЗ-1,.pdf,AES-256 + RBAC + Аудит
Прочее\vsp_isp_ogran_zdorov.pdf,"payment_cvv: 1, special_health: 2",3,УЗ-1,.pdf,AES-256 + RBAC + Аудит
Прочее\web_pril.pdf,"standard_fio: 2, payment_cvv: 5, special_health: 2",9,УЗ-1,.pdf,AES-256 + RBAC + Аудит
Прочее\web_razr.pdf,"payment_cvv: 2, special_health: 1",3,УЗ-1,.pdf,AES-256 + RBAC + Аудит
Прочее\wpm5skhpgcr5ncwf6dwz92dutt9ucc13.pdf,"standard_fio: 25, standard_address: 43, payment_cvv: 38, special_health: 19",125,УЗ-1,.pdf,AES-256 + RBAC + Аудит
Прочее\yetkinlik-ve-performans.pdf,payment_cvv: 6,6,УЗ-2,.pdf,AES-256 + RBAC + Аудит
Прочее\zayavlenie_kursi_2019.docx,"standard_dob: 1, payment_cvv: 1",2,УЗ-2,.docx,AES-256 + RBAC + Аудит
Прочее\zayv_shablon.docx,standard_fio: 1,1,УЗ-4,.docx,Контроль доступа + Сверка
Прочее\zhiv.pdf,"standard_address: 7, payment_cvv: 4, special_health: 3",14,УЗ-1,.pdf,AES-256 + RBAC + Аудит
Прочее\zhiv_cher.pdf,"standard_address: 8, payment_cvv: 16, special_health: 3",27,УЗ-1,.pdf,AES-256 + RBAC + Аудит
Прочее\Анкета.docx,standard_address: 1,1,УЗ-4,.docx,Контроль доступа + Сверка
Прочее\Выписка из реестра ГА 06.05.01 06.05.02.pdf,"standard_dob: 3, standard_address: 1, state_passport: 1, state_inn: 1, payment_cvv: 2",8,УЗ-2,.pdf,AES-256 + RBAC + Аудит
Прочее\ВыпискаТемы-ВКР-ИНоЗ_2025-выпуска.pdf,"standard_fio: 1, standard_address: 11, special_health: 3",15,УЗ-1,.pdf,AES-256 + RBAC + Аудит
Прочее\Договор.docx,"standard_fio: 1, standard_dob: 1, standard_address: 3, payment_cvv: 4, special_health: 1",10,УЗ-1,.docx,AES-256 + RBAC + Аудит
Прочее\Заявление.docx,"standard_address: 1, payment_cvv: 2",3,УЗ-2,.docx,AES-256 + RBAC + Аудит
Прочее\Индивидуальный план работы аспиранта для набора 2022 г. (5).docx,standard_address: 17,17,УЗ-4,.docx,Контроль доступа + Сверка
Прочее\Инструкция по работе с информационными ресурсами.doc,"standard_fio: 1, standard_email: 1, standard_dob: 26, standard_address: 36, state_passport: 6, state_inn: 6, payment_cvv: 12",88,УЗ-2,.doc,AES-256 + RBAC + Аудит
Прочее\Информация о результатах приема 2024.pdf,"standard_fio: 1, standard_address: 1, payment_cvv: 128, special_health: 3",133,УЗ-1,.pdf,AES-256 + RBAC + Аудит
Прочее\Координаты для связи с профильными структурными подразделениями_3.pdf,"standard_fio: 66, standard_phone: 37, standard_email: 66, standard_address: 30, state_snils: 1, payment_cvv: 112, special_health: 6",318,УЗ-1,.pdf,AES-256 + RBAC + Аудит
Прочее\Лицей ЮФУ_ВД_расписание_2024-2025.pdf,"standard_fio: 2, standard_address: 3, payment_cvv: 3",8,УЗ-2,.pdf,AES-256 + RBAC + Аудит
Прочее\Лицей ЮФУ_ПОЛОЖЕНИЕ о ВД.pdf,"standard_dob: 7, standard_address: 1, payment_cvv: 5, special_health: 1",14,УЗ-1,.pdf,AES-256 + RBAC + Аудит
Прочее\П114-ОД.pdf,"standard_fio: 2, standard_address: 18, payment_cvv: 2, special_health: 6",28,УЗ-1,.pdf,AES-256 + RBAC + Аудит
Прочее\П1149_21.05.2025.pdf,"standard_fio: 4, standard_phone: 6, standard_dob: 23, standard_address: 37, state_passport: 6, state_inn: 6, payment_account: 18, payment_cvv: 25",125,УЗ-2,.pdf,AES-256 + RBAC + Аудит
Прочее\П122-ОД_изменения в ОС_28.04.2023.pdf,"standard_dob: 38, standard_address: 3, payment_cvv: 18, special_health: 1",60,УЗ-1,.pdf,AES-256 + RBAC + Аудит
Прочее\П1352 О стоимости в 2022_23гг 2х и последующих курсов.pdf,"standard_fio: 1, standard_address: 2",3,УЗ-4,.pdf,Контроль доступа + Сверка
Прочее\П1438.pdf,"standard_fio: 1, standard_dob: 2, standard_address: 1, payment_cvv: 2",6,УЗ-2,.pdf,AES-256 + RBAC + Аудит
Прочее\П156-ОД.pdf,"standard_dob: 17, standard_address: 1",18,УЗ-4,.pdf,Контроль доступа + Сверка
Прочее\П1888-2.pdf,"standard_fio: 1, standard_dob: 2, standard_address: 1, payment_cvv: 2",6,УЗ-2,.pdf,AES-256 + RBAC + Аудит
Прочее\П216-ОД.pdf,"standard_email: 2, special_health: 1",3,УЗ-1,.pdf,AES-256 + RBAC + Аудит
Прочее\П2274 АБИМ.pdf,"standard_dob: 5, standard_address: 1, payment_cvv: 2",8,УЗ-2,.pdf,AES-256 + RBAC + Аудит
Прочее\П245-ОД Регламент проведения выборов заведующего кафедрой.pdf,"standard_email: 2, special_health: 1",3,УЗ-1,.pdf,AES-256 + RBAC + Аудит
Прочее\П247.pdf,"standard_dob: 9, standard_address: 13, state_passport: 1, state_inn: 1, payment_cvv: 15",39,УЗ-2,.pdf,AES-256 + RBAC + Аудит
Прочее\П47-ОД_10.03.2023.pdf,"standard_fio: 2, standard_address: 1, special_health: 1",4,УЗ-1,.pdf,AES-256 + RBAC + Аудит
Прочее\П47-ОД_МИМДО_03.03.2022.pdf,"standard_fio: 2, standard_dob: 1, standard_address: 3, payment_cvv: 2, special_health: 2",10,УЗ-1,.pdf,AES-256 + RBAC + Аудит
Прочее\П70-ОД_37.03.01 Психология.pdf,"payment_cvv: 4, special_health: 2",6,УЗ-1,.pdf,AES-256 + RBAC + Аудит
Прочее\П71-ОД_37.04.01 Психология.pdf,"standard_dob: 2, payment_cvv: 3, special_health: 2",7,УЗ-1,.pdf,AES-256 + RBAC + Аудит
Прочее\П72-ОД_37.05.01_Клиническая психология.pdf,"payment_cvv: 10, special_health: 3",13,УЗ-1,.pdf,AES-256 + RBAC + Аудит
Прочее\П73-ОД_37.05.02_Психология служ деят.pdf,"standard_address: 1, payment_cvv: 7, special_health: 8",16,УЗ-1,.pdf,AES-256 + RBAC + Аудит
Прочее\ПП_2025_19.01.2025_итог.pdf,"standard_fio: 33, standard_phone: 16, standard_email: 3, standard_dob: 4, standard_address: 8, payment_cvv: 179, special_health: 6",249,УЗ-1,.pdf,AES-256 + RBAC + Аудит
Прочее\ПРАВИЛА%20ПОСЕЩЕНИЯ%20ООПТ%20ФЕДЕРАЛЬНОГО%20ЗНАЧЕНИЯ%20(2).pdf,"standard_dob: 3, payment_cvv: 1",4,УЗ-2,.pdf,AES-256 + RBAC + Аудит
Прочее\Перечень документов.docx,"standard_fio: 1, standard_phone: 2, standard_email: 1, standard_address: 1, payment_cvv: 5",10,УЗ-2,.docx,AES-256 + RBAC + Аудит
Прочее\План создания МИП.pdf,"standard_dob: 2, standard_address: 2, payment_cvv: 4",8,УЗ-2,.pdf,AES-256 + RBAC + Аудит
Прочее\Порядок проведения.docx,"standard_email: 1, standard_dob: 1, payment_cvv: 7",9,УЗ-2,.docx,AES-256 + RBAC + Аудит
Прочее\Приказ 391.pdf,"standard_fio: 2, payment_cvv: 3",5,УЗ-2,.pdf,AES-256 + RBAC + Аудит
"Прочее\Приказ ФСТЭК России от 03_05.2023 N 74  Об утверждении требований оформлению заявления о предоставлении лицензии, разрешения.docx","standard_fio: 18, standard_email: 2, standard_dob: 1, standard_address: 4, payment_cvv: 51",76,УЗ-2,.docx,AES-256 + RBAC + Аудит
Прочее\Приказ ФСТЭК России от 30.10.2018 N 193.docx,"standard_fio: 6, standard_dob: 10, standard_address: 11, payment_cvv: 32",59,УЗ-2,.docx,AES-256 + RBAC + Аудит
Прочее\Приказ ЮФУ от 04.06.2021 N 115-ОД.pdf,"standard_address: 1, payment_cvv: 5, special_health: 5",11,УЗ-1,.pdf,AES-256 + RBAC + Аудит
Прочее\Приказ ЮФУ от 07.02.2022  N 24-ОД.pdf,"standard_dob: 3, payment_cvv: 6, special_health: 5",14,УЗ-1,.pdf,AES-256 + RBAC + Аудит
Прочее\Программа VIII  научного семинара Лаборатории экспериментальной лингвистики АГУ  Клиническая лингвистика.docx,"standard_fio: 4, standard_address: 1, state_passport: 1, state_inn: 1, payment_cvv: 3",10,УЗ-2,.docx,AES-256 + RBAC + Аудит
Прочее\Р688.pdf,"standard_fio: 2, standard_phone: 1, standard_email: 1, standard_dob: 16, standard_address: 16, state_passport: 1, state_inn: 1, payment_account: 1, payment_cvv: 13, special_health: 1",53,УЗ-1,.pdf,AES-256 + RBAC + Аудит
Прочее\РУКОВОДСТВО_ПО_БРЕНДИНГУ_2025.pdf,"standard_fio: 3, standard_phone: 4, standard_email: 5, standard_address: 3, payment_cvv: 17",32,УЗ-2,.pdf,AES-256 + RBAC + Аудит
Прочее\Ранжированные списки (по итогам апелляций).pdf,"standard_fio: 7, payment_cvv: 104",111,УЗ-2,.pdf,AES-256 + RBAC + Аудит
Прочее\Регламент 10-ОД.pdf,"standard_dob: 4, payment_cvv: 1",5,УЗ-2,.pdf,AES-256 + RBAC + Аудит
Прочее\Реестр экскурсоводов 2024_ 02.12.2024.pdf,"standard_fio: 3, standard_phone: 39, standard_email: 29, standard_dob: 35, standard_address: 46, state_passport: 1, state_inn: 1, payment_cvv: 15",169,УЗ-2,.pdf,AES-256 + RBAC + Аудит
Прочее\Реестровая выписка ГА 25.02.25_СПО.pdf,"standard_fio: 1, standard_dob: 12, standard_address: 7, state_passport: 1, state_inn: 1, payment_cvv: 64, special_health: 4",90,УЗ-1,.pdf,AES-256 + RBAC + Аудит
Прочее\Реестровая выписка л_22.08.25.pdf,"standard_fio: 94, standard_email: 2, standard_address: 41, state_passport: 1, state_inn: 1, payment_cvv: 206, special_health: 7",352,УЗ-1,.pdf,AES-256 + RBAC + Аудит
Прочее\Реестровая выписка_29.05.29025.pdf,"standard_dob: 3, standard_address: 1, state_passport: 1, state_inn: 1, payment_cvv: 2",8,УЗ-2,.pdf,AES-256 + RBAC + Аудит
Прочее\Согласие законного представителя.docx,"standard_dob: 2, standard_address: 1, payment_cvv: 3",6,УЗ-2,.docx,AES-256 + RBAC + Аудит
Прочее\Согласие участника конкурса.docx,"standard_dob: 2, standard_address: 1, payment_cvv: 3",6,УЗ-2,.docx,AES-256 + RBAC + Аудит
Прочее\Согласие_ПДн_(map.ncpti.ru).rtf,"standard_dob: 3, standard_address: 1, state_passport: 1, state_inn: 1, payment_cvv: 3",9,УЗ-2,.rtf,AES-256 + RBAC + Аудит
Прочее\доп. об изменении цены_2ред.doc,"standard_phone: 1, standard_email: 1, standard_dob: 2, standard_address: 5, state_passport: 1, state_inn: 1, payment_account: 1, payment_bik: 1, payment_cvv: 11",24,УЗ-2,.doc,AES-256 + RBAC + Аудит
Прочее\коммерческое%20предложение.pdf,"standard_address: 1, payment_cvv: 77",78,УЗ-2,.pdf,AES-256 + RBAC + Аудит
Прочее\патентов и ПЭВМ - ЮФУ.pdf,"standard_fio: 1031, standard_dob: 599, standard_address: 11, state_passport: 448, state_inn: 448, payment_cvv: 637, special_health: 32",3206,УЗ-1,.pdf,AES-256 + RBAC + Аудит
Прочее\режим%20работы%20и%20прейскурант-.pdf,"standard_address: 1, payment_cvv: 1",2,УЗ-2,.pdf,AES-256 + RBAC + Аудит
Прочее\сайт_Наука_Микросистемная техника и интегральная сенсорика.pdf,"standard_email: 3, payment_cvv: 13",16,УЗ-2,.pdf,AES-256 + RBAC + Аудит
Прочее\السيرة الذاتية د. صبحي شرف عميد الكلية 13-3 - Copy.pdf,"standard_email: 1, state_passport: 2, state_inn: 2, payment_cvv: 5",10,УЗ-2,.pdf,AES-256 + RBAC + Аудит
